bioentity	bioentity_name	qualifier	annotation_class	annotation_extension_json	assigned_by	taxon	evidence_type	evidence_with	panther_family	type	bioentity_isoform	reference	date	bioentity_label	taxon_label	isa_partof_closure_label	regulates_closure_label	annotation_class_label	annotation_extension_class_labelannotation_extension_class_closure_label	has_participant_closure_label	term
UniProtKB:Q92819	Hyaluronan synthase 2		GO:0070295		UniProt	NCBITaxon:9606	ISS	UniProtKB:O35776	PANTHER:PTHR22913	protein	UniProtKB:Q92819	GO_REF:0000024	20120215	HAS2	Homo sapiens	biological regulation,biological_process,regulation of biological quality,renal water homeostasis,fluid transport,chemical homeostasis,renal water transport,transport,renal system process,renal water absorption,water transport,system process,renal absorption,localization,establishment of localization,multicellular organismal-level water homeostasis,homeostatic process,multicellular organismal-level homeostasis,regulation of body fluid levels,multicellular organismal-level chemical homeostasis,multicellular organismal process	renal water homeostasis,chemical homeostasis,renal water transport,renal system process,anatomical entity,material anatomical entity,water transport,system process,connected anatomical structure,renal system,multicellular organismal-level water homeostasis,anatomical entity,regulation of body fluid levels,multicellular organismal process,biological regulation,biological_process,regulation of biological quality,multicellular anatomical structure,biological entity,fluid transport,excretory system,transport,anatomical structure,multicellular organism,renal water absorption,anatomical system,renal absorption,localization,establishment of localization,homeostatic process,material anatomical entity,multicellular organismal-level homeostasis,multicellular organismal-level chemical homeostasis	renal water absorption			fluid_transport
UniProtKB:Q92819	Hyaluronan synthase 2		GO:0070295		Ensembl	NCBITaxon:9606	IEA	UniProtKB:O35776,ensembl:ENSRNOP00000006517	PANTHER:PTHR22913	protein	UniProtKB:Q92819	GO_REF:0000107	20250313	HAS2	Homo sapiens	biological regulation,biological_process,regulation of biological quality,renal water homeostasis,fluid transport,chemical homeostasis,renal water transport,transport,renal system process,renal water absorption,water transport,system process,renal absorption,localization,establishment of localization,multicellular organismal-level water homeostasis,homeostatic process,multicellular organismal-level homeostasis,regulation of body fluid levels,multicellular organismal-level chemical homeostasis,multicellular organismal process	renal water homeostasis,chemical homeostasis,renal water transport,renal system process,anatomical entity,material anatomical entity,water transport,system process,connected anatomical structure,renal system,multicellular organismal-level water homeostasis,anatomical entity,regulation of body fluid levels,multicellular organismal process,biological regulation,biological_process,regulation of biological quality,multicellular anatomical structure,biological entity,fluid transport,excretory system,transport,anatomical structure,multicellular organism,renal water absorption,anatomical system,renal absorption,localization,establishment of localization,homeostatic process,material anatomical entity,multicellular organismal-level homeostasis,multicellular organismal-level chemical homeostasis	renal water absorption			fluid_transport
UniProtKB:P13866	Sodium/glucose cotransporter 1		GO:0005372		UniProt	NCBITaxon:9606	IDA		PANTHER:PTHR11819	protein	UniProtKB:P13866	PMID:14695256	20220225	SLC5A1	Homo sapiens	biological_process,transmembrane transport,transmembrane transporter activity,water transmembrane transporter activity,fluid transport,transport,cellular process,molecular_function,transporter activity,water transport,localization,establishment of localization,inorganic molecular entity transmembrane transporter activity	biological_process,transmembrane transport,transmembrane transporter activity,water transmembrane transporter activity,fluid transport,transport,cellular process,molecular_function,transporter activity,water transport,localization,establishment of localization,inorganic molecular entity transmembrane transporter activity	water transmembrane transporter activity			fluid_transport
UniProtKB:P13866	Sodium/glucose cotransporter 1		GO:0005372		ARUK-UCL	NCBITaxon:9606	IDA		PANTHER:PTHR11819	protein	UniProtKB:P13866	PMID:26945065	20200323	SLC5A1	Homo sapiens	biological_process,transmembrane transport,transmembrane transporter activity,water transmembrane transporter activity,fluid transport,transport,cellular process,molecular_function,transporter activity,water transport,localization,establishment of localization,inorganic molecular entity transmembrane transporter activity	biological_process,transmembrane transport,transmembrane transporter activity,water transmembrane transporter activity,fluid transport,transport,cellular process,molecular_function,transporter activity,water transport,localization,establishment of localization,inorganic molecular entity transmembrane transporter activity	water transmembrane transporter activity			fluid_transport
UniProtKB:P13866	Sodium/glucose cotransporter 1		GO:0005372		UniProt	NCBITaxon:9606	IDA		PANTHER:PTHR11819	protein	UniProtKB:P13866	PMID:34880492	20220225	SLC5A1	Homo sapiens	biological_process,transmembrane transport,transmembrane transporter activity,water transmembrane transporter activity,fluid transport,transport,cellular process,molecular_function,transporter activity,water transport,localization,establishment of localization,inorganic molecular entity transmembrane transporter activity	biological_process,transmembrane transport,transmembrane transporter activity,water transmembrane transporter activity,fluid transport,transport,cellular process,molecular_function,transporter activity,water transport,localization,establishment of localization,inorganic molecular entity transmembrane transporter activity	water transmembrane transporter activity			fluid_transport
UniProtKB:P13866	Sodium/glucose cotransporter 1		GO:0035377		ARUK-UCL	NCBITaxon:9606	IDA		PANTHER:PTHR11819	protein	UniProtKB:P13866	PMID:26945065	20200323	SLC5A1	Homo sapiens	biological_process,water transport,transepithelial water transport,localization,establishment of localization,fluid transport,transepithelial transport,epithelial fluid transport,transport	biological_process,water transport,transepithelial water transport,localization,establishment of localization,fluid transport,transepithelial transport,epithelial fluid transport,transport	transepithelial water transport			fluid_transport
UniProtKB:Q12891	Hyaluronidase-2		GO:0070295		UniProt	NCBITaxon:9606	ISS	UniProtKB:Q9Z2Q3	PANTHER:PTHR11769	protein	UniProtKB:Q12891	GO_REF:0000024	20120215	HYAL2	Homo sapiens	biological regulation,biological_process,regulation of biological quality,renal water homeostasis,fluid transport,chemical homeostasis,renal water transport,transport,renal system process,renal water absorption,water transport,system process,renal absorption,localization,establishment of localization,multicellular organismal-level water homeostasis,homeostatic process,multicellular organismal-level homeostasis,regulation of body fluid levels,multicellular organismal-level chemical homeostasis,multicellular organismal process	renal water homeostasis,chemical homeostasis,renal water transport,renal system process,anatomical entity,material anatomical entity,water transport,system process,connected anatomical structure,renal system,multicellular organismal-level water homeostasis,anatomical entity,regulation of body fluid levels,multicellular organismal process,biological regulation,biological_process,regulation of biological quality,multicellular anatomical structure,biological entity,fluid transport,excretory system,transport,anatomical structure,multicellular organism,renal water absorption,anatomical system,renal absorption,localization,establishment of localization,homeostatic process,material anatomical entity,multicellular organismal-level homeostasis,multicellular organismal-level chemical homeostasis	renal water absorption			fluid_transport
UniProtKB:P56856	Claudin-18		GO:0042045		UniProt	NCBITaxon:9606	ISS	UniProtKB:P56857	PANTHER:PTHR12002	protein	UniProtKB:P56856	GO_REF:0000024	20221212	CLDN18	Homo sapiens	biological_process,localization,establishment of localization,fluid transport,epithelial fluid transport,transepithelial transport,transport	biological_process,localization,establishment of localization,fluid transport,epithelial fluid transport,transepithelial transport,transport	epithelial fluid transport			fluid_transport
UniProtKB:P56856	Claudin-18		GO:0042045		Ensembl	NCBITaxon:9606	IEA	UniProtKB:P56857,ensembl:ENSMUSP00000035048	PANTHER:PTHR12002	protein	UniProtKB:P56856	GO_REF:0000107	20250313	CLDN18	Homo sapiens	biological_process,localization,establishment of localization,fluid transport,epithelial fluid transport,transepithelial transport,transport	biological_process,localization,establishment of localization,fluid transport,epithelial fluid transport,transepithelial transport,transport	epithelial fluid transport			fluid_transport
UniProtKB:Q92482	Aquaporin-3		GO:0070295		Ensembl	NCBITaxon:9606	IEA	UniProtKB:Q8R2N1,ensembl:ENSMUSP00000055110	PANTHER:PTHR43829	protein	UniProtKB:Q92482	GO_REF:0000107	20250313	AQP3	Homo sapiens	biological regulation,biological_process,regulation of biological quality,renal water homeostasis,fluid transport,chemical homeostasis,renal water transport,transport,renal system process,renal water absorption,water transport,system process,renal absorption,localization,establishment of localization,multicellular organismal-level water homeostasis,homeostatic process,multicellular organismal-level homeostasis,regulation of body fluid levels,multicellular organismal-level chemical homeostasis,multicellular organismal process	renal water homeostasis,chemical homeostasis,renal water transport,renal system process,anatomical entity,material anatomical entity,water transport,system process,connected anatomical structure,renal system,multicellular organismal-level water homeostasis,anatomical entity,regulation of body fluid levels,multicellular organismal process,biological regulation,biological_process,regulation of biological quality,multicellular anatomical structure,biological entity,fluid transport,excretory system,transport,anatomical structure,multicellular organism,renal water absorption,anatomical system,renal absorption,localization,establishment of localization,homeostatic process,material anatomical entity,multicellular organismal-level homeostasis,multicellular organismal-level chemical homeostasis	renal water absorption			fluid_transport
UniProtKB:Q92482	Aquaporin-3		GO:0015250		UniProt	NCBITaxon:9606	IEA	ARBA:ARBA00034972	PANTHER:PTHR43829	protein	UniProtKB:Q92482	GO_REF:0000117	20250428	AQP3	Homo sapiens	biological_process,channel activity,transmembrane transport,transmembrane transporter activity,passive transmembrane transporter activity,water transmembrane transporter activity,water channel activity,fluid transport,transport,cellular process,molecular_function,transporter activity,water transport,localization,establishment of localization,inorganic molecular entity transmembrane transporter activity	biological_process,channel activity,transmembrane transport,transmembrane transporter activity,passive transmembrane transporter activity,water transmembrane transporter activity,water channel activity,fluid transport,transport,cellular process,molecular_function,transporter activity,water transport,localization,establishment of localization,inorganic molecular entity transmembrane transporter activity	water channel activity			fluid_transport
UniProtKB:Q92482	Aquaporin-3		GO:0015250		Reactome	NCBITaxon:9606	EXP		PANTHER:PTHR43829	protein	UniProtKB:Q92482	PMID:10510269	20240809	AQP3	Homo sapiens	biological_process,channel activity,transmembrane transport,transmembrane transporter activity,passive transmembrane transporter activity,water transmembrane transporter activity,water channel activity,fluid transport,transport,cellular process,molecular_function,transporter activity,water transport,localization,establishment of localization,inorganic molecular entity transmembrane transporter activity	biological_process,channel activity,transmembrane transport,transmembrane transporter activity,passive transmembrane transporter activity,water transmembrane transporter activity,water channel activity,fluid transport,transport,cellular process,molecular_function,transporter activity,water transport,localization,establishment of localization,inorganic molecular entity transmembrane transporter activity	water channel activity			fluid_transport
UniProtKB:Q92482	Aquaporin-3		GO:0015250		Reactome	NCBITaxon:9606	EXP		PANTHER:PTHR43829	protein	UniProtKB:Q92482	PMID:16596446	20240809	AQP3	Homo sapiens	biological_process,channel activity,transmembrane transport,transmembrane transporter activity,passive transmembrane transporter activity,water transmembrane transporter activity,water channel activity,fluid transport,transport,cellular process,molecular_function,transporter activity,water transport,localization,establishment of localization,inorganic molecular entity transmembrane transporter activity	biological_process,channel activity,transmembrane transport,transmembrane transporter activity,passive transmembrane transporter activity,water transmembrane transporter activity,water channel activity,fluid transport,transport,cellular process,molecular_function,transporter activity,water transport,localization,establishment of localization,inorganic molecular entity transmembrane transporter activity	water channel activity			fluid_transport
UniProtKB:Q92482	Aquaporin-3		GO:0015250		BHF-UCL	NCBITaxon:9606	TAS		PANTHER:PTHR43829	protein	UniProtKB:Q92482	PMID:17943189	20080625	AQP3	Homo sapiens	biological_process,channel activity,transmembrane transport,transmembrane transporter activity,passive transmembrane transporter activity,water transmembrane transporter activity,water channel activity,fluid transport,transport,cellular process,molecular_function,transporter activity,water transport,localization,establishment of localization,inorganic molecular entity transmembrane transporter activity	biological_process,channel activity,transmembrane transport,transmembrane transporter activity,passive transmembrane transporter activity,water transmembrane transporter activity,water channel activity,fluid transport,transport,cellular process,molecular_function,transporter activity,water transport,localization,establishment of localization,inorganic molecular entity transmembrane transporter activity	water channel activity			fluid_transport
UniProtKB:Q92482	Aquaporin-3		GO:0015250		UniProt	NCBITaxon:9606	IDA		PANTHER:PTHR43829	protein	UniProtKB:Q92482	PMID:30420639	20190301	AQP3	Homo sapiens	biological_process,channel activity,transmembrane transport,transmembrane transporter activity,passive transmembrane transporter activity,water transmembrane transporter activity,water channel activity,fluid transport,transport,cellular process,molecular_function,transporter activity,water transport,localization,establishment of localization,inorganic molecular entity transmembrane transporter activity	biological_process,channel activity,transmembrane transport,transmembrane transporter activity,passive transmembrane transporter activity,water transmembrane transporter activity,water channel activity,fluid transport,transport,cellular process,molecular_function,transporter activity,water transport,localization,establishment of localization,inorganic molecular entity transmembrane transporter activity	water channel activity			fluid_transport
UniProtKB:Q92482	Aquaporin-3		GO:0015250		Reactome	NCBITaxon:9606	EXP		PANTHER:PTHR43829	protein	UniProtKB:Q92482	PMID:9369468	20240809	AQP3	Homo sapiens	biological_process,channel activity,transmembrane transport,transmembrane transporter activity,passive transmembrane transporter activity,water transmembrane transporter activity,water channel activity,fluid transport,transport,cellular process,molecular_function,transporter activity,water transport,localization,establishment of localization,inorganic molecular entity transmembrane transporter activity	biological_process,channel activity,transmembrane transport,transmembrane transporter activity,passive transmembrane transporter activity,water transmembrane transporter activity,water channel activity,fluid transport,transport,cellular process,molecular_function,transporter activity,water transport,localization,establishment of localization,inorganic molecular entity transmembrane transporter activity	water channel activity			fluid_transport
UniProtKB:Q92482	Aquaporin-3		GO:0006833		Ensembl	NCBITaxon:9606	IEA	UniProtKB:Q8R2N1,ensembl:ENSMUSP00000055110	PANTHER:PTHR43829	protein	UniProtKB:Q92482	GO_REF:0000107	20250313	AQP3	Homo sapiens	biological_process,water transport,localization,establishment of localization,fluid transport,transport	biological_process,water transport,localization,establishment of localization,fluid transport,transport	water transport			fluid_transport
UniProtKB:Q92482	Aquaporin-3		GO:0006833		BHF-UCL	NCBITaxon:9606	TAS		PANTHER:PTHR43829	protein	UniProtKB:Q92482	PMID:17943189	20080625	AQP3	Homo sapiens	biological_process,water transport,localization,establishment of localization,fluid transport,transport	biological_process,water transport,localization,establishment of localization,fluid transport,transport	water transport			fluid_transport
UniProtKB:Q92482	Aquaporin-3		GO:0006833		UniProt	NCBITaxon:9606	IDA		PANTHER:PTHR43829	protein	UniProtKB:Q92482	PMID:30420639	20190301	AQP3	Homo sapiens	biological_process,water transport,localization,establishment of localization,fluid transport,transport	biological_process,water transport,localization,establishment of localization,fluid transport,transport	water transport			fluid_transport
UniProtKB:Q92482	Aquaporin-3		GO:0015250		GO_Central	NCBITaxon:9606	IBA	PANTHER:PTN000440995,WB:WBGene00000175,RGD:68428,UniProtKB:Q585Q8,UniProtKB:O14520,UniProtKB:Q92482,WB:WBGene00000171,WB:WBGene00000170,RGD:2145,RGD:68433,UniProtKB:O43315,UniProtKB:Q96PS8	PANTHER:PTHR43829	protein		GO_REF:0000033	20230112	AQP3	Homo sapiens	biological_process,channel activity,transmembrane transport,transmembrane transporter activity,passive transmembrane transporter activity,water transmembrane transporter activity,water channel activity,fluid transport,transport,cellular process,molecular_function,transporter activity,water transport,localization,establishment of localization,inorganic molecular entity transmembrane transporter activity	biological_process,channel activity,transmembrane transport,transmembrane transporter activity,passive transmembrane transporter activity,water transmembrane transporter activity,water channel activity,fluid transport,transport,cellular process,molecular_function,transporter activity,water transport,localization,establishment of localization,inorganic molecular entity transmembrane transporter activity	water channel activity			fluid_transport
UniProtKB:Q92482	Aquaporin-3		GO:0006833		GO_Central	NCBITaxon:9606	IBA	PANTHER:PTN000440995,RGD:68428,RGD:2145,MGI:MGI:1314647,UniProtKB:Q96PS8,UniProtKB:O43315,UniProtKB:Q92482,WB:WBGene00000171,MGI:MGI:1333777,UniProtKB:O14520,WB:WBGene00000175,UniProtKB:Q8II36,RGD:68433,WB:WBGene00000170	PANTHER:PTHR43829	protein		GO_REF:0000033	20241121	AQP3	Homo sapiens	biological_process,water transport,localization,establishment of localization,fluid transport,transport	biological_process,water transport,localization,establishment of localization,fluid transport,transport	water transport			fluid_transport
UniProtKB:P29972	Aquaporin-1		GO:0006833		Ensembl	NCBITaxon:9606	IEA	UniProtKB:Q02013,ensembl:ENSMUSP00000004774	PANTHER:PTHR19139	protein	UniProtKB:P29972	GO_REF:0000107	20250313	AQP1	Homo sapiens	biological_process,water transport,localization,establishment of localization,fluid transport,transport	biological_process,water transport,localization,establishment of localization,fluid transport,transport	water transport			fluid_transport
UniProtKB:P29972	Aquaporin-1		GO:0070295		Ensembl	NCBITaxon:9606	IEA	UniProtKB:Q02013,ensembl:ENSMUSP00000004774	PANTHER:PTHR19139	protein	UniProtKB:P29972	GO_REF:0000107	20250313	AQP1	Homo sapiens	biological regulation,biological_process,regulation of biological quality,renal water homeostasis,fluid transport,chemical homeostasis,renal water transport,transport,renal system process,renal water absorption,water transport,system process,renal absorption,localization,establishment of localization,multicellular organismal-level water homeostasis,homeostatic process,multicellular organismal-level homeostasis,regulation of body fluid levels,multicellular organismal-level chemical homeostasis,multicellular organismal process	renal water homeostasis,chemical homeostasis,renal water transport,renal system process,anatomical entity,material anatomical entity,water transport,system process,connected anatomical structure,renal system,multicellular organismal-level water homeostasis,anatomical entity,regulation of body fluid levels,multicellular organismal process,biological regulation,biological_process,regulation of biological quality,multicellular anatomical structure,biological entity,fluid transport,excretory system,transport,anatomical structure,multicellular organism,renal water absorption,anatomical system,renal absorption,localization,establishment of localization,homeostatic process,material anatomical entity,multicellular organismal-level homeostasis,multicellular organismal-level chemical homeostasis	renal water absorption			fluid_transport
UniProtKB:P29972	Aquaporin-1		GO:0005372		Ensembl	NCBITaxon:9606	IEA	UniProtKB:Q02013,ensembl:ENSMUSP00000004774	PANTHER:PTHR19139	protein	UniProtKB:P29972	GO_REF:0000107	20250313	AQP1	Homo sapiens	biological_process,transmembrane transport,transmembrane transporter activity,water transmembrane transporter activity,fluid transport,transport,cellular process,molecular_function,transporter activity,water transport,localization,establishment of localization,inorganic molecular entity transmembrane transporter activity	biological_process,transmembrane transport,transmembrane transporter activity,water transmembrane transporter activity,fluid transport,transport,cellular process,molecular_function,transporter activity,water transport,localization,establishment of localization,inorganic molecular entity transmembrane transporter activity	water transmembrane transporter activity			fluid_transport
UniProtKB:P29972	Aquaporin-1		GO:0005372		UniProt	NCBITaxon:9606	IDA		PANTHER:PTHR19139	protein	UniProtKB:P29972	PMID:11914159	20100315	AQP1	Homo sapiens	biological_process,transmembrane transport,transmembrane transporter activity,water transmembrane transporter activity,fluid transport,transport,cellular process,molecular_function,transporter activity,water transport,localization,establishment of localization,inorganic molecular entity transmembrane transporter activity	biological_process,transmembrane transport,transmembrane transporter activity,water transmembrane transporter activity,fluid transport,transport,cellular process,molecular_function,transporter activity,water transport,localization,establishment of localization,inorganic molecular entity transmembrane transporter activity	water transmembrane transporter activity			fluid_transport
UniProtKB:P29972	Aquaporin-1		GO:0005372		UniProt	NCBITaxon:9606	IDA		PANTHER:PTHR19139	protein	UniProtKB:P29972	PMID:12172703	20100315	AQP1	Homo sapiens	biological_process,transmembrane transport,transmembrane transporter activity,water transmembrane transporter activity,fluid transport,transport,cellular process,molecular_function,transporter activity,water transport,localization,establishment of localization,inorganic molecular entity transmembrane transporter activity	biological_process,transmembrane transport,transmembrane transporter activity,water transmembrane transporter activity,fluid transport,transport,cellular process,molecular_function,transporter activity,water transport,localization,establishment of localization,inorganic molecular entity transmembrane transporter activity	water transmembrane transporter activity			fluid_transport
UniProtKB:P29972	Aquaporin-1		GO:0005372		UniProt	NCBITaxon:9606	IDA		PANTHER:PTHR19139	protein	UniProtKB:P29972	PMID:12766090	20100315	AQP1	Homo sapiens	biological_process,transmembrane transport,transmembrane transporter activity,water transmembrane transporter activity,fluid transport,transport,cellular process,molecular_function,transporter activity,water transport,localization,establishment of localization,inorganic molecular entity transmembrane transporter activity	biological_process,transmembrane transport,transmembrane transporter activity,water transmembrane transporter activity,fluid transport,transport,cellular process,molecular_function,transporter activity,water transport,localization,establishment of localization,inorganic molecular entity transmembrane transporter activity	water transmembrane transporter activity			fluid_transport
UniProtKB:P29972	Aquaporin-1		GO:0005372		UniProt	NCBITaxon:9606	IDA		PANTHER:PTHR19139	protein	UniProtKB:P29972	PMID:14561230	20100316	AQP1	Homo sapiens	biological_process,transmembrane transport,transmembrane transporter activity,water transmembrane transporter activity,fluid transport,transport,cellular process,molecular_function,transporter activity,water transport,localization,establishment of localization,inorganic molecular entity transmembrane transporter activity	biological_process,transmembrane transport,transmembrane transporter activity,water transmembrane transporter activity,fluid transport,transport,cellular process,molecular_function,transporter activity,water transport,localization,establishment of localization,inorganic molecular entity transmembrane transporter activity	water transmembrane transporter activity			fluid_transport
UniProtKB:P29972	Aquaporin-1		GO:0005372		UniProt	NCBITaxon:9606	IDA		PANTHER:PTHR19139	protein	UniProtKB:P29972	PMID:7521540	20100305	AQP1	Homo sapiens	biological_process,transmembrane transport,transmembrane transporter activity,water transmembrane transporter activity,fluid transport,transport,cellular process,molecular_function,transporter activity,water transport,localization,establishment of localization,inorganic molecular entity transmembrane transporter activity	biological_process,transmembrane transport,transmembrane transporter activity,water transmembrane transporter activity,fluid transport,transport,cellular process,molecular_function,transporter activity,water transport,localization,establishment of localization,inorganic molecular entity transmembrane transporter activity	water transmembrane transporter activity			fluid_transport
UniProtKB:P29972	Aquaporin-1		GO:0005372		UniProt	NCBITaxon:9606	IDA		PANTHER:PTHR19139	protein	UniProtKB:P29972	PMID:8576117	20100304	AQP1	Homo sapiens	biological_process,transmembrane transport,transmembrane transporter activity,water transmembrane transporter activity,fluid transport,transport,cellular process,molecular_function,transporter activity,water transport,localization,establishment of localization,inorganic molecular entity transmembrane transporter activity	biological_process,transmembrane transport,transmembrane transporter activity,water transmembrane transporter activity,fluid transport,transport,cellular process,molecular_function,transporter activity,water transport,localization,establishment of localization,inorganic molecular entity transmembrane transporter activity	water transmembrane transporter activity			fluid_transport
UniProtKB:P29972	Aquaporin-1		GO:0005372		UniProt	NCBITaxon:9606	IDA		PANTHER:PTHR19139	protein	UniProtKB:P29972	PMID:8584435	20100218	AQP1	Homo sapiens	biological_process,transmembrane transport,transmembrane transporter activity,water transmembrane transporter activity,fluid transport,transport,cellular process,molecular_function,transporter activity,water transport,localization,establishment of localization,inorganic molecular entity transmembrane transporter activity	biological_process,transmembrane transport,transmembrane transporter activity,water transmembrane transporter activity,fluid transport,transport,cellular process,molecular_function,transporter activity,water transport,localization,establishment of localization,inorganic molecular entity transmembrane transporter activity	water transmembrane transporter activity			fluid_transport
UniProtKB:P29972	Aquaporin-1		GO:0005372		UniProt	NCBITaxon:9606	IDA		PANTHER:PTHR19139	protein	UniProtKB:P29972	PMID:9096382	20100218	AQP1	Homo sapiens	biological_process,transmembrane transport,transmembrane transporter activity,water transmembrane transporter activity,fluid transport,transport,cellular process,molecular_function,transporter activity,water transport,localization,establishment of localization,inorganic molecular entity transmembrane transporter activity	biological_process,transmembrane transport,transmembrane transporter activity,water transmembrane transporter activity,fluid transport,transport,cellular process,molecular_function,transporter activity,water transport,localization,establishment of localization,inorganic molecular entity transmembrane transporter activity	water transmembrane transporter activity			fluid_transport
UniProtKB:P29972	Aquaporin-1		GO:0005372		UniProt	NCBITaxon:9606	IDA		PANTHER:PTHR19139	protein	UniProtKB:P29972	PMID:9321919	20100218	AQP1	Homo sapiens	biological_process,transmembrane transport,transmembrane transporter activity,water transmembrane transporter activity,fluid transport,transport,cellular process,molecular_function,transporter activity,water transport,localization,establishment of localization,inorganic molecular entity transmembrane transporter activity	biological_process,transmembrane transport,transmembrane transporter activity,water transmembrane transporter activity,fluid transport,transport,cellular process,molecular_function,transporter activity,water transport,localization,establishment of localization,inorganic molecular entity transmembrane transporter activity	water transmembrane transporter activity			fluid_transport
UniProtKB:P29972	Aquaporin-1		GO:0015250		UniProt	NCBITaxon:9606	IEA	ARBA:ARBA00034972	PANTHER:PTHR19139	protein	UniProtKB:P29972	GO_REF:0000117	20250428	AQP1	Homo sapiens	biological_process,channel activity,transmembrane transport,transmembrane transporter activity,passive transmembrane transporter activity,water transmembrane transporter activity,water channel activity,fluid transport,transport,cellular process,molecular_function,transporter activity,water transport,localization,establishment of localization,inorganic molecular entity transmembrane transporter activity	biological_process,channel activity,transmembrane transport,transmembrane transporter activity,passive transmembrane transporter activity,water transmembrane transporter activity,water channel activity,fluid transport,transport,cellular process,molecular_function,transporter activity,water transport,localization,establishment of localization,inorganic molecular entity transmembrane transporter activity	water channel activity			fluid_transport
UniProtKB:P29972	Aquaporin-1		GO:0015250		Reactome	NCBITaxon:9606	EXP		PANTHER:PTHR19139	protein	UniProtKB:P29972	PMID:11034202	20240809	AQP1	Homo sapiens	biological_process,channel activity,transmembrane transport,transmembrane transporter activity,passive transmembrane transporter activity,water transmembrane transporter activity,water channel activity,fluid transport,transport,cellular process,molecular_function,transporter activity,water transport,localization,establishment of localization,inorganic molecular entity transmembrane transporter activity	biological_process,channel activity,transmembrane transport,transmembrane transporter activity,passive transmembrane transporter activity,water transmembrane transporter activity,water channel activity,fluid transport,transport,cellular process,molecular_function,transporter activity,water transport,localization,establishment of localization,inorganic molecular entity transmembrane transporter activity	water channel activity			fluid_transport
UniProtKB:P29972	Aquaporin-1		GO:0015250		UniProt	NCBITaxon:9606	IDA		PANTHER:PTHR19139	protein	UniProtKB:P29972	PMID:12801959	20100315	AQP1	Homo sapiens	biological_process,channel activity,transmembrane transport,transmembrane transporter activity,passive transmembrane transporter activity,water transmembrane transporter activity,water channel activity,fluid transport,transport,cellular process,molecular_function,transporter activity,water transport,localization,establishment of localization,inorganic molecular entity transmembrane transporter activity	biological_process,channel activity,transmembrane transport,transmembrane transporter activity,passive transmembrane transporter activity,water transmembrane transporter activity,water channel activity,fluid transport,transport,cellular process,molecular_function,transporter activity,water transport,localization,establishment of localization,inorganic molecular entity transmembrane transporter activity	water channel activity			fluid_transport
UniProtKB:P29972	Aquaporin-1		GO:0015250		Reactome	NCBITaxon:9606	EXP		PANTHER:PTHR19139	protein	UniProtKB:P29972	PMID:1373524	20240809	AQP1	Homo sapiens	biological_process,channel activity,transmembrane transport,transmembrane transporter activity,passive transmembrane transporter activity,water transmembrane transporter activity,water channel activity,fluid transport,transport,cellular process,molecular_function,transporter activity,water transport,localization,establishment of localization,inorganic molecular entity transmembrane transporter activity	biological_process,channel activity,transmembrane transport,transmembrane transporter activity,passive transmembrane transporter activity,water transmembrane transporter activity,water channel activity,fluid transport,transport,cellular process,molecular_function,transporter activity,water transport,localization,establishment of localization,inorganic molecular entity transmembrane transporter activity	water channel activity			fluid_transport
UniProtKB:P29972	Aquaporin-1		GO:0015250		Reactome	NCBITaxon:9606	EXP		PANTHER:PTHR19139	protein	UniProtKB:P29972	PMID:14701836	20240809	AQP1	Homo sapiens	biological_process,channel activity,transmembrane transport,transmembrane transporter activity,passive transmembrane transporter activity,water transmembrane transporter activity,water channel activity,fluid transport,transport,cellular process,molecular_function,transporter activity,water transport,localization,establishment of localization,inorganic molecular entity transmembrane transporter activity	biological_process,channel activity,transmembrane transport,transmembrane transporter activity,passive transmembrane transporter activity,water transmembrane transporter activity,water channel activity,fluid transport,transport,cellular process,molecular_function,transporter activity,water transport,localization,establishment of localization,inorganic molecular entity transmembrane transporter activity	water channel activity			fluid_transport
UniProtKB:P29972	Aquaporin-1		GO:0015250		Reactome	NCBITaxon:9606	EXP		PANTHER:PTHR19139	protein	UniProtKB:P29972	PMID:1510932	20240809	AQP1	Homo sapiens	biological_process,channel activity,transmembrane transport,transmembrane transporter activity,passive transmembrane transporter activity,water transmembrane transporter activity,water channel activity,fluid transport,transport,cellular process,molecular_function,transporter activity,water transport,localization,establishment of localization,inorganic molecular entity transmembrane transporter activity	biological_process,channel activity,transmembrane transport,transmembrane transporter activity,passive transmembrane transporter activity,water transmembrane transporter activity,water channel activity,fluid transport,transport,cellular process,molecular_function,transporter activity,water transport,localization,establishment of localization,inorganic molecular entity transmembrane transporter activity	water channel activity			fluid_transport
UniProtKB:P29972	Aquaporin-1		GO:0015250		Reactome	NCBITaxon:9606	EXP		PANTHER:PTHR19139	protein	UniProtKB:P29972	PMID:18202181	20240809	AQP1	Homo sapiens	biological_process,channel activity,transmembrane transport,transmembrane transporter activity,passive transmembrane transporter activity,water transmembrane transporter activity,water channel activity,fluid transport,transport,cellular process,molecular_function,transporter activity,water transport,localization,establishment of localization,inorganic molecular entity transmembrane transporter activity	biological_process,channel activity,transmembrane transport,transmembrane transporter activity,passive transmembrane transporter activity,water transmembrane transporter activity,water channel activity,fluid transport,transport,cellular process,molecular_function,transporter activity,water transport,localization,establishment of localization,inorganic molecular entity transmembrane transporter activity	water channel activity			fluid_transport
UniProtKB:P29972	Aquaporin-1		GO:0015250		UniProt	NCBITaxon:9606	IMP		PANTHER:PTHR19139	protein	UniProtKB:P29972	PMID:19424603	20100331	AQP1	Homo sapiens	biological_process,channel activity,transmembrane transport,transmembrane transporter activity,passive transmembrane transporter activity,water transmembrane transporter activity,water channel activity,fluid transport,transport,cellular process,molecular_function,transporter activity,water transport,localization,establishment of localization,inorganic molecular entity transmembrane transporter activity	biological_process,channel activity,transmembrane transport,transmembrane transporter activity,passive transmembrane transporter activity,water transmembrane transporter activity,water channel activity,fluid transport,transport,cellular process,molecular_function,transporter activity,water transport,localization,establishment of localization,inorganic molecular entity transmembrane transporter activity	water channel activity			fluid_transport
UniProtKB:P29972	Aquaporin-1		GO:0015250		UniProt	NCBITaxon:9606	IDA		PANTHER:PTHR19139	protein	UniProtKB:P29972	PMID:21251984	20191010	AQP1	Homo sapiens	biological_process,channel activity,transmembrane transport,transmembrane transporter activity,passive transmembrane transporter activity,water transmembrane transporter activity,water channel activity,fluid transport,transport,cellular process,molecular_function,transporter activity,water transport,localization,establishment of localization,inorganic molecular entity transmembrane transporter activity	biological_process,channel activity,transmembrane transport,transmembrane transporter activity,passive transmembrane transporter activity,water transmembrane transporter activity,water channel activity,fluid transport,transport,cellular process,molecular_function,transporter activity,water transport,localization,establishment of localization,inorganic molecular entity transmembrane transporter activity	water channel activity			fluid_transport
UniProtKB:P29972	Aquaporin-1		GO:0015250		UniProt	NCBITaxon:9606	IDA		PANTHER:PTHR19139	protein	UniProtKB:P29972	PMID:9733774	20211117	AQP1	Homo sapiens	biological_process,channel activity,transmembrane transport,transmembrane transporter activity,passive transmembrane transporter activity,water transmembrane transporter activity,water channel activity,fluid transport,transport,cellular process,molecular_function,transporter activity,water transport,localization,establishment of localization,inorganic molecular entity transmembrane transporter activity	biological_process,channel activity,transmembrane transport,transmembrane transporter activity,passive transmembrane transporter activity,water transmembrane transporter activity,water channel activity,fluid transport,transport,cellular process,molecular_function,transporter activity,water transport,localization,establishment of localization,inorganic molecular entity transmembrane transporter activity	water channel activity			fluid_transport
UniProtKB:P29972	Aquaporin-1		GO:0003097		UniProt	NCBITaxon:9606	IDA		PANTHER:PTHR19139	protein	UniProtKB:P29972	PMID:9096382	20100218	AQP1	Homo sapiens	biological regulation,biological_process,regulation of biological quality,renal water homeostasis,fluid transport,chemical homeostasis,renal water transport,transport,renal system process,water transport,system process,localization,establishment of localization,multicellular organismal-level water homeostasis,homeostatic process,multicellular organismal-level homeostasis,regulation of body fluid levels,multicellular organismal-level chemical homeostasis,multicellular organismal process	renal water homeostasis,chemical homeostasis,renal water transport,renal system process,anatomical entity,material anatomical entity,water transport,system process,connected anatomical structure,renal system,multicellular organismal-level water homeostasis,anatomical entity,regulation of body fluid levels,multicellular organismal process,biological regulation,biological_process,regulation of biological quality,multicellular anatomical structure,biological entity,fluid transport,excretory system,transport,anatomical structure,multicellular organism,anatomical system,localization,establishment of localization,homeostatic process,material anatomical entity,multicellular organismal-level homeostasis,multicellular organismal-level chemical homeostasis	renal water transport			fluid_transport
UniProtKB:P29972	Aquaporin-1		GO:0006833		UniProt	NCBITaxon:9606	IDA		PANTHER:PTHR19139	protein	UniProtKB:P29972	PMID:11914159	20100315	AQP1	Homo sapiens	biological_process,water transport,localization,establishment of localization,fluid transport,transport	biological_process,water transport,localization,establishment of localization,fluid transport,transport	water transport			fluid_transport
UniProtKB:P29972	Aquaporin-1		GO:0006833		UniProt	NCBITaxon:9606	IDA		PANTHER:PTHR19139	protein	UniProtKB:P29972	PMID:12172703	20100315	AQP1	Homo sapiens	biological_process,water transport,localization,establishment of localization,fluid transport,transport	biological_process,water transport,localization,establishment of localization,fluid transport,transport	water transport			fluid_transport
UniProtKB:P29972	Aquaporin-1		GO:0006833		UniProt	NCBITaxon:9606	IDA		PANTHER:PTHR19139	protein	UniProtKB:P29972	PMID:12766090	20100315	AQP1	Homo sapiens	biological_process,water transport,localization,establishment of localization,fluid transport,transport	biological_process,water transport,localization,establishment of localization,fluid transport,transport	water transport			fluid_transport
UniProtKB:P29972	Aquaporin-1		GO:0006833		UniProt	NCBITaxon:9606	IDA		PANTHER:PTHR19139	protein	UniProtKB:P29972	PMID:14561230	20100316	AQP1	Homo sapiens	biological_process,water transport,localization,establishment of localization,fluid transport,transport	biological_process,water transport,localization,establishment of localization,fluid transport,transport	water transport			fluid_transport
UniProtKB:P29972	Aquaporin-1		GO:0006833		UniProt	NCBITaxon:9606	IMP		PANTHER:PTHR19139	protein	UniProtKB:P29972	PMID:19424603	20100331	AQP1	Homo sapiens	biological_process,water transport,localization,establishment of localization,fluid transport,transport	biological_process,water transport,localization,establishment of localization,fluid transport,transport	water transport			fluid_transport
UniProtKB:P29972	Aquaporin-1		GO:0006833		UniProt	NCBITaxon:9606	IDA		PANTHER:PTHR19139	protein	UniProtKB:P29972	PMID:7521540	20100305	AQP1	Homo sapiens	biological_process,water transport,localization,establishment of localization,fluid transport,transport	biological_process,water transport,localization,establishment of localization,fluid transport,transport	water transport			fluid_transport
UniProtKB:P29972	Aquaporin-1		GO:0006833		UniProt	NCBITaxon:9606	IDA		PANTHER:PTHR19139	protein	UniProtKB:P29972	PMID:8576117	20100304	AQP1	Homo sapiens	biological_process,water transport,localization,establishment of localization,fluid transport,transport	biological_process,water transport,localization,establishment of localization,fluid transport,transport	water transport			fluid_transport
UniProtKB:P29972	Aquaporin-1		GO:0006833		UniProt	NCBITaxon:9606	IDA		PANTHER:PTHR19139	protein	UniProtKB:P29972	PMID:8584435	20100218	AQP1	Homo sapiens	biological_process,water transport,localization,establishment of localization,fluid transport,transport	biological_process,water transport,localization,establishment of localization,fluid transport,transport	water transport			fluid_transport
UniProtKB:P29972	Aquaporin-1		GO:0006833		UniProt	NCBITaxon:9606	IDA		PANTHER:PTHR19139	protein	UniProtKB:P29972	PMID:9321919	20100218	AQP1	Homo sapiens	biological_process,water transport,localization,establishment of localization,fluid transport,transport	biological_process,water transport,localization,establishment of localization,fluid transport,transport	water transport			fluid_transport
UniProtKB:P29972	Aquaporin-1		GO:0035377		UniProt	NCBITaxon:9606	IDA		PANTHER:PTHR19139	protein	UniProtKB:P29972	PMID:12766090	20100319	AQP1	Homo sapiens	biological_process,water transport,transepithelial water transport,localization,establishment of localization,fluid transport,transepithelial transport,epithelial fluid transport,transport	biological_process,water transport,transepithelial water transport,localization,establishment of localization,fluid transport,transepithelial transport,epithelial fluid transport,transport	transepithelial water transport			fluid_transport
UniProtKB:P29972	Aquaporin-1		GO:0003097		GO_Central	NCBITaxon:9606	IBA	PANTHER:PTN002709505,UniProtKB:P29972,MGI:MGI:103201	PANTHER:PTHR19139	protein		GO_REF:0000033	20200320	AQP1	Homo sapiens	biological regulation,biological_process,regulation of biological quality,renal water homeostasis,fluid transport,chemical homeostasis,renal water transport,transport,renal system process,water transport,system process,localization,establishment of localization,multicellular organismal-level water homeostasis,homeostatic process,multicellular organismal-level homeostasis,regulation of body fluid levels,multicellular organismal-level chemical homeostasis,multicellular organismal process	renal water homeostasis,chemical homeostasis,renal water transport,renal system process,anatomical entity,material anatomical entity,water transport,system process,connected anatomical structure,renal system,multicellular organismal-level water homeostasis,anatomical entity,regulation of body fluid levels,multicellular organismal process,biological regulation,biological_process,regulation of biological quality,multicellular anatomical structure,biological entity,fluid transport,excretory system,transport,anatomical structure,multicellular organism,anatomical system,localization,establishment of localization,homeostatic process,material anatomical entity,multicellular organismal-level homeostasis,multicellular organismal-level chemical homeostasis	renal water transport			fluid_transport
UniProtKB:P29972	Aquaporin-1		GO:0015250		GO_Central	NCBITaxon:9606	IBA	PANTHER:PTN007668488,UniProtKB:P55064,RGD:2141,UniProtKB:Q13520,FB:FBgn0015872,UniProtKB:P29972,MGI:MGI:107387,MGI:MGI:96990,FB:FBgn0033635,UniProtKB:P60844,RGD:2144,RGD:3090,UniProtKB:P30301,UniProtKB:P06624,FB:FBgn0034883,MGI:MGI:1096865,ZFIN:ZDB-GENE-030131-7764,ZFIN:ZDB-GENE-040801-41,RGD:2143,UniProtKB:P41181,CGD:CAL0000176060,UniProtKB:P55087	PANTHER:PTHR19139	protein		GO_REF:0000033	20241120	AQP1	Homo sapiens	biological_process,channel activity,transmembrane transport,transmembrane transporter activity,passive transmembrane transporter activity,water transmembrane transporter activity,water channel activity,fluid transport,transport,cellular process,molecular_function,transporter activity,water transport,localization,establishment of localization,inorganic molecular entity transmembrane transporter activity	biological_process,channel activity,transmembrane transport,transmembrane transporter activity,passive transmembrane transporter activity,water transmembrane transporter activity,water channel activity,fluid transport,transport,cellular process,molecular_function,transporter activity,water transport,localization,establishment of localization,inorganic molecular entity transmembrane transporter activity	water channel activity			fluid_transport
UniProtKB:Q8IXF9	Putative aquaporin-12A		GO:0015250		UniProt	NCBITaxon:9606	IEA	ARBA:ARBA00034972	PANTHER:PTHR21191	protein	UniProtKB:Q8IXF9	GO_REF:0000117	20250428	AQP12A	Homo sapiens	biological_process,channel activity,transmembrane transport,transmembrane transporter activity,passive transmembrane transporter activity,water transmembrane transporter activity,water channel activity,fluid transport,transport,cellular process,molecular_function,transporter activity,water transport,localization,establishment of localization,inorganic molecular entity transmembrane transporter activity	biological_process,channel activity,transmembrane transport,transmembrane transporter activity,passive transmembrane transporter activity,water transmembrane transporter activity,water channel activity,fluid transport,transport,cellular process,molecular_function,transporter activity,water transport,localization,establishment of localization,inorganic molecular entity transmembrane transporter activity	water channel activity			fluid_transport
UniProtKB:Q8IXF9	Putative aquaporin-12A		GO:0006833		GOC	NCBITaxon:9606	IEA	GO:0015250	PANTHER:PTHR21191	protein	UniProtKB:Q8IXF9	GO_REF:0000108	20250430	AQP12A	Homo sapiens	biological_process,water transport,localization,establishment of localization,fluid transport,transport	biological_process,water transport,localization,establishment of localization,fluid transport,transport	water transport			fluid_transport
UniProtKB:O14520	Aquaporin-7		GO:0015250		UniProt	NCBITaxon:9606	IEA	ARBA:ARBA00034972	PANTHER:PTHR43829	protein	UniProtKB:O14520	GO_REF:0000117	20250428	AQP7	Homo sapiens	biological_process,channel activity,transmembrane transport,transmembrane transporter activity,passive transmembrane transporter activity,water transmembrane transporter activity,water channel activity,fluid transport,transport,cellular process,molecular_function,transporter activity,water transport,localization,establishment of localization,inorganic molecular entity transmembrane transporter activity	biological_process,channel activity,transmembrane transport,transmembrane transporter activity,passive transmembrane transporter activity,water transmembrane transporter activity,water channel activity,fluid transport,transport,cellular process,molecular_function,transporter activity,water transport,localization,establishment of localization,inorganic molecular entity transmembrane transporter activity	water channel activity			fluid_transport
UniProtKB:O14520	Aquaporin-7		GO:0015250		UniProt	NCBITaxon:9606	IDA		PANTHER:PTHR43829	protein	UniProtKB:O14520	PMID:11952783	20190314	AQP7	Homo sapiens	biological_process,channel activity,transmembrane transport,transmembrane transporter activity,passive transmembrane transporter activity,water transmembrane transporter activity,water channel activity,fluid transport,transport,cellular process,molecular_function,transporter activity,water transport,localization,establishment of localization,inorganic molecular entity transmembrane transporter activity	biological_process,channel activity,transmembrane transport,transmembrane transporter activity,passive transmembrane transporter activity,water transmembrane transporter activity,water channel activity,fluid transport,transport,cellular process,molecular_function,transporter activity,water transport,localization,establishment of localization,inorganic molecular entity transmembrane transporter activity	water channel activity			fluid_transport
UniProtKB:O14520	Aquaporin-7		GO:0015250		UniProt	NCBITaxon:9606	IDA		PANTHER:PTHR43829	protein	UniProtKB:O14520	PMID:30420639	20190301	AQP7	Homo sapiens	biological_process,channel activity,transmembrane transport,transmembrane transporter activity,passive transmembrane transporter activity,water transmembrane transporter activity,water channel activity,fluid transport,transport,cellular process,molecular_function,transporter activity,water transport,localization,establishment of localization,inorganic molecular entity transmembrane transporter activity	biological_process,channel activity,transmembrane transport,transmembrane transporter activity,passive transmembrane transporter activity,water transmembrane transporter activity,water channel activity,fluid transport,transport,cellular process,molecular_function,transporter activity,water transport,localization,establishment of localization,inorganic molecular entity transmembrane transporter activity	water channel activity			fluid_transport
UniProtKB:O14520	Aquaporin-7		GO:0015250		UniProt	NCBITaxon:9606	IDA		PANTHER:PTHR43829	protein	UniProtKB:O14520	PMID:9405233	20240805	AQP7	Homo sapiens	biological_process,channel activity,transmembrane transport,transmembrane transporter activity,passive transmembrane transporter activity,water transmembrane transporter activity,water channel activity,fluid transport,transport,cellular process,molecular_function,transporter activity,water transport,localization,establishment of localization,inorganic molecular entity transmembrane transporter activity	biological_process,channel activity,transmembrane transport,transmembrane transporter activity,passive transmembrane transporter activity,water transmembrane transporter activity,water channel activity,fluid transport,transport,cellular process,molecular_function,transporter activity,water transport,localization,establishment of localization,inorganic molecular entity transmembrane transporter activity	water channel activity			fluid_transport
UniProtKB:O14520	Aquaporin-7		GO:0006833		UniProt	NCBITaxon:9606	IDA		PANTHER:PTHR43829	protein	UniProtKB:O14520	PMID:11952783	20190314	AQP7	Homo sapiens	biological_process,water transport,localization,establishment of localization,fluid transport,transport	biological_process,water transport,localization,establishment of localization,fluid transport,transport	water transport			fluid_transport
UniProtKB:O14520	Aquaporin-7		GO:0006833		UniProt	NCBITaxon:9606	IDA		PANTHER:PTHR43829	protein	UniProtKB:O14520	PMID:30420639	20190301	AQP7	Homo sapiens	biological_process,water transport,localization,establishment of localization,fluid transport,transport	biological_process,water transport,localization,establishment of localization,fluid transport,transport	water transport			fluid_transport
UniProtKB:O14520	Aquaporin-7		GO:0015250		GO_Central	NCBITaxon:9606	IBA	PANTHER:PTN000440995,WB:WBGene00000175,RGD:68428,UniProtKB:Q585Q8,UniProtKB:O14520,UniProtKB:Q92482,WB:WBGene00000171,WB:WBGene00000170,RGD:2145,RGD:68433,UniProtKB:O43315,UniProtKB:Q96PS8	PANTHER:PTHR43829	protein		GO_REF:0000033	20230112	AQP7	Homo sapiens	biological_process,channel activity,transmembrane transport,transmembrane transporter activity,passive transmembrane transporter activity,water transmembrane transporter activity,water channel activity,fluid transport,transport,cellular process,molecular_function,transporter activity,water transport,localization,establishment of localization,inorganic molecular entity transmembrane transporter activity	biological_process,channel activity,transmembrane transport,transmembrane transporter activity,passive transmembrane transporter activity,water transmembrane transporter activity,water channel activity,fluid transport,transport,cellular process,molecular_function,transporter activity,water transport,localization,establishment of localization,inorganic molecular entity transmembrane transporter activity	water channel activity			fluid_transport
UniProtKB:O14520	Aquaporin-7		GO:0006833		GO_Central	NCBITaxon:9606	IBA	PANTHER:PTN000440995,RGD:68428,RGD:2145,MGI:MGI:1314647,UniProtKB:Q96PS8,UniProtKB:O43315,UniProtKB:Q92482,WB:WBGene00000171,MGI:MGI:1333777,UniProtKB:O14520,WB:WBGene00000175,UniProtKB:Q8II36,RGD:68433,WB:WBGene00000170	PANTHER:PTHR43829	protein		GO_REF:0000033	20241121	AQP7	Homo sapiens	biological_process,water transport,localization,establishment of localization,fluid transport,transport	biological_process,water transport,localization,establishment of localization,fluid transport,transport	water transport			fluid_transport
UniProtKB:P13569	Cystic fibrosis transmembrane conductance regulator		GO:0035377		UniProt	NCBITaxon:9606	IMP		PANTHER:PTHR24223	protein	UniProtKB:P13569	PMID:19621064	20170301	CFTR	Homo sapiens	biological_process,water transport,transepithelial water transport,localization,establishment of localization,fluid transport,transepithelial transport,epithelial fluid transport,transport	biological_process,water transport,transepithelial water transport,localization,establishment of localization,fluid transport,transepithelial transport,epithelial fluid transport,transport	transepithelial water transport			fluid_transport
UniProtKB:P13569	Cystic fibrosis transmembrane conductance regulator		GO:0006833		GO_Central	NCBITaxon:9606	IBA	PANTHER:PTN002795422,RGD:2332,UniProtKB:P13569	PANTHER:PTHR24223	protein		GO_REF:0000033	20250320	CFTR	Homo sapiens	biological_process,water transport,localization,establishment of localization,fluid transport,transport	biological_process,water transport,localization,establishment of localization,fluid transport,transport	water transport			fluid_transport
UniProtKB:P55064	Aquaporin-5		GO:0006833		Ensembl	NCBITaxon:9606	IEA	UniProtKB:Q9WTY4,ensembl:ENSMUSP00000127611	PANTHER:PTHR19139	protein	UniProtKB:P55064	GO_REF:0000107	20250313	AQP5	Homo sapiens	biological_process,water transport,localization,establishment of localization,fluid transport,transport	biological_process,water transport,localization,establishment of localization,fluid transport,transport	water transport			fluid_transport
UniProtKB:P55064	Aquaporin-5		GO:0015250		UniProt	NCBITaxon:9606	IEA	ARBA:ARBA00034972	PANTHER:PTHR19139	protein	UniProtKB:P55064	GO_REF:0000117	20250428	AQP5	Homo sapiens	biological_process,channel activity,transmembrane transport,transmembrane transporter activity,passive transmembrane transporter activity,water transmembrane transporter activity,water channel activity,fluid transport,transport,cellular process,molecular_function,transporter activity,water transport,localization,establishment of localization,inorganic molecular entity transmembrane transporter activity	biological_process,channel activity,transmembrane transport,transmembrane transporter activity,passive transmembrane transporter activity,water transmembrane transporter activity,water channel activity,fluid transport,transport,cellular process,molecular_function,transporter activity,water transport,localization,establishment of localization,inorganic molecular entity transmembrane transporter activity	water channel activity			fluid_transport
UniProtKB:P55064	Aquaporin-5		GO:0015250		UniProt	NCBITaxon:9606	IDA		PANTHER:PTHR19139	protein	UniProtKB:P55064	PMID:12801959	20100315	AQP5	Homo sapiens	biological_process,channel activity,transmembrane transport,transmembrane transporter activity,passive transmembrane transporter activity,water transmembrane transporter activity,water channel activity,fluid transport,transport,cellular process,molecular_function,transporter activity,water transport,localization,establishment of localization,inorganic molecular entity transmembrane transporter activity	biological_process,channel activity,transmembrane transport,transmembrane transporter activity,passive transmembrane transporter activity,water transmembrane transporter activity,water channel activity,fluid transport,transport,cellular process,molecular_function,transporter activity,water transport,localization,establishment of localization,inorganic molecular entity transmembrane transporter activity	water channel activity			fluid_transport
UniProtKB:P55064	Aquaporin-5		GO:0015250		UniProt	NCBITaxon:9606	IDA		PANTHER:PTHR19139	protein	UniProtKB:P55064	PMID:18768791	20190306	AQP5	Homo sapiens	biological_process,channel activity,transmembrane transport,transmembrane transporter activity,passive transmembrane transporter activity,water transmembrane transporter activity,water channel activity,fluid transport,transport,cellular process,molecular_function,transporter activity,water transport,localization,establishment of localization,inorganic molecular entity transmembrane transporter activity	biological_process,channel activity,transmembrane transport,transmembrane transporter activity,passive transmembrane transporter activity,water transmembrane transporter activity,water channel activity,fluid transport,transport,cellular process,molecular_function,transporter activity,water transport,localization,establishment of localization,inorganic molecular entity transmembrane transporter activity	water channel activity			fluid_transport
UniProtKB:P55064	Aquaporin-5		GO:0015250		UniProt	NCBITaxon:9606	IDA		PANTHER:PTHR19139	protein	UniProtKB:P55064	PMID:8621489	20240827	AQP5	Homo sapiens	biological_process,channel activity,transmembrane transport,transmembrane transporter activity,passive transmembrane transporter activity,water transmembrane transporter activity,water channel activity,fluid transport,transport,cellular process,molecular_function,transporter activity,water transport,localization,establishment of localization,inorganic molecular entity transmembrane transporter activity	biological_process,channel activity,transmembrane transport,transmembrane transporter activity,passive transmembrane transporter activity,water transmembrane transporter activity,water channel activity,fluid transport,transport,cellular process,molecular_function,transporter activity,water transport,localization,establishment of localization,inorganic molecular entity transmembrane transporter activity	water channel activity			fluid_transport
UniProtKB:P55064	Aquaporin-5		GO:0006833		UniProt	NCBITaxon:9606	IDA		PANTHER:PTHR19139	protein	UniProtKB:P55064	PMID:18768791	20190306	AQP5	Homo sapiens	biological_process,water transport,localization,establishment of localization,fluid transport,transport	biological_process,water transport,localization,establishment of localization,fluid transport,transport	water transport			fluid_transport
UniProtKB:P55064	Aquaporin-5		GO:0006833		GO_Central	NCBITaxon:9606	IBA	PANTHER:PTN007668488,FB:FBgn0015872,UniProtKB:Q13520,UniProtKB:P55064,RGD:2141,UniProtKB:P30301,RGD:3090,UniProtKB:P60844,FB:FBgn0033635,MGI:MGI:96990,RGD:2142,UniProtKB:P29972,MGI:MGI:107387,ZFIN:ZDB-GENE-040801-41,MGI:MGI:1096865,MGI:MGI:106215,MGI:MGI:103201,UniProtKB:P06624,UniProtKB:P55087,UniProtKB:P41181,RGD:2143	PANTHER:PTHR19139	protein		GO_REF:0000033	20241120	AQP5	Homo sapiens	biological_process,water transport,localization,establishment of localization,fluid transport,transport	biological_process,water transport,localization,establishment of localization,fluid transport,transport	water transport			fluid_transport
UniProtKB:P55064	Aquaporin-5		GO:0015250		GO_Central	NCBITaxon:9606	IBA	PANTHER:PTN007668488,UniProtKB:P55064,RGD:2141,UniProtKB:Q13520,FB:FBgn0015872,UniProtKB:P29972,MGI:MGI:107387,MGI:MGI:96990,FB:FBgn0033635,UniProtKB:P60844,RGD:2144,RGD:3090,UniProtKB:P30301,UniProtKB:P06624,FB:FBgn0034883,MGI:MGI:1096865,ZFIN:ZDB-GENE-030131-7764,ZFIN:ZDB-GENE-040801-41,RGD:2143,UniProtKB:P41181,CGD:CAL0000176060,UniProtKB:P55087	PANTHER:PTHR19139	protein		GO_REF:0000033	20241120	AQP5	Homo sapiens	biological_process,channel activity,transmembrane transport,transmembrane transporter activity,passive transmembrane transporter activity,water transmembrane transporter activity,water channel activity,fluid transport,transport,cellular process,molecular_function,transporter activity,water transport,localization,establishment of localization,inorganic molecular entity transmembrane transporter activity	biological_process,channel activity,transmembrane transport,transmembrane transporter activity,passive transmembrane transporter activity,water transmembrane transporter activity,water channel activity,fluid transport,transport,cellular process,molecular_function,transporter activity,water transport,localization,establishment of localization,inorganic molecular entity transmembrane transporter activity	water channel activity			fluid_transport
UniProtKB:Q13336	Urea transporter 1		GO:0006833		Ensembl	NCBITaxon:9606	IEA	UniProtKB:Q8VHL0,ensembl:ENSMUSP00000089421	PANTHER:PTHR10464	protein	UniProtKB:Q13336	GO_REF:0000107	20250313	SLC14A1	Homo sapiens	biological_process,water transport,localization,establishment of localization,fluid transport,transport	biological_process,water transport,localization,establishment of localization,fluid transport,transport	water transport			fluid_transport
UniProtKB:Q13336	Urea transporter 1		GO:0005372		Ensembl	NCBITaxon:9606	IEA	UniProtKB:Q8VHL0,ensembl:ENSMUSP00000089421	PANTHER:PTHR10464	protein	UniProtKB:Q13336	GO_REF:0000107	20250313	SLC14A1	Homo sapiens	biological_process,transmembrane transport,transmembrane transporter activity,water transmembrane transporter activity,fluid transport,transport,cellular process,molecular_function,transporter activity,water transport,localization,establishment of localization,inorganic molecular entity transmembrane transporter activity	biological_process,transmembrane transport,transmembrane transporter activity,water transmembrane transporter activity,fluid transport,transport,cellular process,molecular_function,transporter activity,water transport,localization,establishment of localization,inorganic molecular entity transmembrane transporter activity	water transmembrane transporter activity			fluid_transport
UniProtKB:P24530	Endothelin receptor type B		GO:0042045		Ensembl	NCBITaxon:9606	IEA	UniProtKB:P21451,ensembl:ENSRNOP00000014747	PANTHER:PTHR46099	protein	UniProtKB:P24530	GO_REF:0000107	20250313	EDNRB	Homo sapiens	biological_process,localization,establishment of localization,fluid transport,epithelial fluid transport,transepithelial transport,transport	biological_process,localization,establishment of localization,fluid transport,epithelial fluid transport,transepithelial transport,transport	epithelial fluid transport			fluid_transport
UniProtKB:P51168	Epithelial sodium channel subunit beta		GO:0042045		Ensembl	NCBITaxon:9606	IEA	UniProtKB:Q9WU38,ensembl:ENSMUSP00000033161	PANTHER:PTHR11690	protein	UniProtKB:P51168	GO_REF:0000107	20250313	SCNN1B	Homo sapiens	biological_process,localization,establishment of localization,fluid transport,epithelial fluid transport,transepithelial transport,transport	biological_process,localization,establishment of localization,fluid transport,epithelial fluid transport,transepithelial transport,transport	epithelial fluid transport			fluid_transport
UniProtKB:Q13520	Aquaporin-6		GO:0015250		UniProt	NCBITaxon:9606	IEA	ARBA:ARBA00034972	PANTHER:PTHR19139	protein	UniProtKB:Q13520	GO_REF:0000117	20250428	AQP6	Homo sapiens	biological_process,channel activity,transmembrane transport,transmembrane transporter activity,passive transmembrane transporter activity,water transmembrane transporter activity,water channel activity,fluid transport,transport,cellular process,molecular_function,transporter activity,water transport,localization,establishment of localization,inorganic molecular entity transmembrane transporter activity	biological_process,channel activity,transmembrane transport,transmembrane transporter activity,passive transmembrane transporter activity,water transmembrane transporter activity,water channel activity,fluid transport,transport,cellular process,molecular_function,transporter activity,water transport,localization,establishment of localization,inorganic molecular entity transmembrane transporter activity	water channel activity			fluid_transport
UniProtKB:Q13520	Aquaporin-6		GO:0015250		UniProt	NCBITaxon:9606	IDA		PANTHER:PTHR19139	protein	UniProtKB:Q13520	PMID:8812490	20211116	AQP6	Homo sapiens	biological_process,channel activity,transmembrane transport,transmembrane transporter activity,passive transmembrane transporter activity,water transmembrane transporter activity,water channel activity,fluid transport,transport,cellular process,molecular_function,transporter activity,water transport,localization,establishment of localization,inorganic molecular entity transmembrane transporter activity	biological_process,channel activity,transmembrane transport,transmembrane transporter activity,passive transmembrane transporter activity,water transmembrane transporter activity,water channel activity,fluid transport,transport,cellular process,molecular_function,transporter activity,water transport,localization,establishment of localization,inorganic molecular entity transmembrane transporter activity	water channel activity			fluid_transport
UniProtKB:Q13520	Aquaporin-6		GO:0003097		UniProt	NCBITaxon:9606	IDA		PANTHER:PTHR19139	protein	UniProtKB:Q13520	PMID:8812490	20211116	AQP6	Homo sapiens	biological regulation,biological_process,regulation of biological quality,renal water homeostasis,fluid transport,chemical homeostasis,renal water transport,transport,renal system process,water transport,system process,localization,establishment of localization,multicellular organismal-level water homeostasis,homeostatic process,multicellular organismal-level homeostasis,regulation of body fluid levels,multicellular organismal-level chemical homeostasis,multicellular organismal process	renal water homeostasis,chemical homeostasis,renal water transport,renal system process,anatomical entity,material anatomical entity,water transport,system process,connected anatomical structure,renal system,multicellular organismal-level water homeostasis,anatomical entity,regulation of body fluid levels,multicellular organismal process,biological regulation,biological_process,regulation of biological quality,multicellular anatomical structure,biological entity,fluid transport,excretory system,transport,anatomical structure,multicellular organism,anatomical system,localization,establishment of localization,homeostatic process,material anatomical entity,multicellular organismal-level homeostasis,multicellular organismal-level chemical homeostasis	renal water transport			fluid_transport
UniProtKB:Q96PS8	Aquaporin-10		GO:0015250		UniProt	NCBITaxon:9606	IEA	ARBA:ARBA00034972	PANTHER:PTHR43829	protein	UniProtKB:Q96PS8	GO_REF:0000117	20250428	AQP10	Homo sapiens	biological_process,channel activity,transmembrane transport,transmembrane transporter activity,passive transmembrane transporter activity,water transmembrane transporter activity,water channel activity,fluid transport,transport,cellular process,molecular_function,transporter activity,water transport,localization,establishment of localization,inorganic molecular entity transmembrane transporter activity	biological_process,channel activity,transmembrane transport,transmembrane transporter activity,passive transmembrane transporter activity,water transmembrane transporter activity,water channel activity,fluid transport,transport,cellular process,molecular_function,transporter activity,water transport,localization,establishment of localization,inorganic molecular entity transmembrane transporter activity	water channel activity			fluid_transport
UniProtKB:Q96PS8	Aquaporin-10		GO:0015250		UniProt	NCBITaxon:9606	IDA		PANTHER:PTHR43829	protein	UniProtKB:Q96PS8	PMID:12084581	20240807	AQP10	Homo sapiens	biological_process,channel activity,transmembrane transport,transmembrane transporter activity,passive transmembrane transporter activity,water transmembrane transporter activity,water channel activity,fluid transport,transport,cellular process,molecular_function,transporter activity,water transport,localization,establishment of localization,inorganic molecular entity transmembrane transporter activity	biological_process,channel activity,transmembrane transport,transmembrane transporter activity,passive transmembrane transporter activity,water transmembrane transporter activity,water channel activity,fluid transport,transport,cellular process,molecular_function,transporter activity,water transport,localization,establishment of localization,inorganic molecular entity transmembrane transporter activity	water channel activity			fluid_transport
UniProtKB:Q96PS8	Aquaporin-10		GO:0015250		UniProt	NCBITaxon:9606	IDA		PANTHER:PTHR43829	protein	UniProtKB:Q96PS8	PMID:30420639	20190301	AQP10	Homo sapiens	biological_process,channel activity,transmembrane transport,transmembrane transporter activity,passive transmembrane transporter activity,water transmembrane transporter activity,water channel activity,fluid transport,transport,cellular process,molecular_function,transporter activity,water transport,localization,establishment of localization,inorganic molecular entity transmembrane transporter activity	biological_process,channel activity,transmembrane transport,transmembrane transporter activity,passive transmembrane transporter activity,water transmembrane transporter activity,water channel activity,fluid transport,transport,cellular process,molecular_function,transporter activity,water transport,localization,establishment of localization,inorganic molecular entity transmembrane transporter activity	water channel activity			fluid_transport
UniProtKB:Q96PS8	Aquaporin-10		GO:0006833		InterPro	NCBITaxon:9606	IEA	InterPro:IPR026252	PANTHER:PTHR43829	protein	UniProtKB:Q96PS8	GO_REF:0000002	20250429	AQP10	Homo sapiens	biological_process,water transport,localization,establishment of localization,fluid transport,transport	biological_process,water transport,localization,establishment of localization,fluid transport,transport	water transport			fluid_transport
UniProtKB:Q96PS8	Aquaporin-10		GO:0006833		UniProt	NCBITaxon:9606	IDA		PANTHER:PTHR43829	protein	UniProtKB:Q96PS8	PMID:30420639	20190301	AQP10	Homo sapiens	biological_process,water transport,localization,establishment of localization,fluid transport,transport	biological_process,water transport,localization,establishment of localization,fluid transport,transport	water transport			fluid_transport
UniProtKB:Q96PS8	Aquaporin-10		GO:0006833		GO_Central	NCBITaxon:9606	IBA	PANTHER:PTN000440995,RGD:68428,RGD:2145,MGI:MGI:1314647,UniProtKB:Q96PS8,UniProtKB:O43315,UniProtKB:Q92482,WB:WBGene00000171,MGI:MGI:1333777,UniProtKB:O14520,WB:WBGene00000175,UniProtKB:Q8II36,RGD:68433,WB:WBGene00000170	PANTHER:PTHR43829	protein		GO_REF:0000033	20241121	AQP10	Homo sapiens	biological_process,water transport,localization,establishment of localization,fluid transport,transport	biological_process,water transport,localization,establishment of localization,fluid transport,transport	water transport			fluid_transport
UniProtKB:Q96PS8	Aquaporin-10		GO:0015250		GO_Central	NCBITaxon:9606	IBA	PANTHER:PTN000440995,WB:WBGene00000175,RGD:68428,UniProtKB:Q585Q8,UniProtKB:O14520,UniProtKB:Q92482,WB:WBGene00000171,WB:WBGene00000170,RGD:2145,RGD:68433,UniProtKB:O43315,UniProtKB:Q96PS8	PANTHER:PTHR43829	protein		GO_REF:0000033	20230112	AQP10	Homo sapiens	biological_process,channel activity,transmembrane transport,transmembrane transporter activity,passive transmembrane transporter activity,water transmembrane transporter activity,water channel activity,fluid transport,transport,cellular process,molecular_function,transporter activity,water transport,localization,establishment of localization,inorganic molecular entity transmembrane transporter activity	biological_process,channel activity,transmembrane transport,transmembrane transporter activity,passive transmembrane transporter activity,water transmembrane transporter activity,water channel activity,fluid transport,transport,cellular process,molecular_function,transporter activity,water transport,localization,establishment of localization,inorganic molecular entity transmembrane transporter activity	water channel activity			fluid_transport
UniProtKB:Q86UT5	Na(+)/H(+) exchange regulatory cofactor NHE-RF4		GO:0006833		UniProt	NCBITaxon:9606	NAS		PANTHER:PTHR14191	protein	UniProtKB:Q86UT5	PMID:11950846	20061117	NHERF4	Homo sapiens	biological_process,water transport,localization,establishment of localization,fluid transport,transport	biological_process,water transport,localization,establishment of localization,fluid transport,transport	water transport			fluid_transport
UniProtKB:P04141	Granulocyte-macrophage colony-stimulating factor		GO:0042045		Ensembl	NCBITaxon:9606	IEA	UniProtKB:P48750,ensembl:ENSRNOP00000034235	PANTHER:PTHR10059	protein	UniProtKB:P04141	GO_REF:0000107	20250313	CSF2	Homo sapiens	biological_process,localization,establishment of localization,fluid transport,epithelial fluid transport,transepithelial transport,transport	biological_process,localization,establishment of localization,fluid transport,epithelial fluid transport,transepithelial transport,transport	epithelial fluid transport			fluid_transport
UniProtKB:O75631	Uroplakin-3a		GO:0006833		Ensembl	NCBITaxon:9606	IEA	UniProtKB:Q9JKX8,ensembl:ENSMUSP00000023070	PANTHER:PTHR15446	protein	UniProtKB:O75631	GO_REF:0000107	20250313	UPK3A	Homo sapiens	biological_process,water transport,localization,establishment of localization,fluid transport,transport	biological_process,water transport,localization,establishment of localization,fluid transport,transport	water transport			fluid_transport
UniProtKB:O75631	Uroplakin-3a		GO:0006833		GO_Central	NCBITaxon:9606	IBA	PANTHER:PTN008559758,MGI:MGI:98914	PANTHER:PTHR15446	protein		GO_REF:0000033	20190719	UPK3A	Homo sapiens	biological_process,water transport,localization,establishment of localization,fluid transport,transport	biological_process,water transport,localization,establishment of localization,fluid transport,transport	water transport			fluid_transport
UniProtKB:Q8NBS3	Solute carrier family 4 member 11		GO:0005372		UniProt	NCBITaxon:9606	IDA		PANTHER:PTHR11453	protein	UniProtKB:Q8NBS3	PMID:23813972	20210401	SLC4A11	Homo sapiens	biological_process,transmembrane transport,transmembrane transporter activity,water transmembrane transporter activity,fluid transport,transport,cellular process,molecular_function,transporter activity,water transport,localization,establishment of localization,inorganic molecular entity transmembrane transporter activity	biological_process,transmembrane transport,transmembrane transporter activity,water transmembrane transporter activity,fluid transport,transport,cellular process,molecular_function,transporter activity,water transport,localization,establishment of localization,inorganic molecular entity transmembrane transporter activity	water transmembrane transporter activity			fluid_transport
UniProtKB:Q8NBS3	Solute carrier family 4 member 11		GO:0005372		UniProt	NCBITaxon:9606	IDA		PANTHER:PTHR11453	protein	UniProtKB:Q8NBS3	PMID:31273259	20210401	SLC4A11	Homo sapiens	biological_process,transmembrane transport,transmembrane transporter activity,water transmembrane transporter activity,fluid transport,transport,cellular process,molecular_function,transporter activity,water transport,localization,establishment of localization,inorganic molecular entity transmembrane transporter activity	biological_process,transmembrane transport,transmembrane transporter activity,water transmembrane transporter activity,fluid transport,transport,cellular process,molecular_function,transporter activity,water transport,localization,establishment of localization,inorganic molecular entity transmembrane transporter activity	water transmembrane transporter activity			fluid_transport
UniProtKB:Q8NBS3	Solute carrier family 4 member 11		GO:0006833		GOC	NCBITaxon:9606	IEA	GO:0005372	PANTHER:PTHR11453	protein	UniProtKB:Q8NBS3	GO_REF:0000108	20250430	SLC4A11	Homo sapiens	biological_process,water transport,localization,establishment of localization,fluid transport,transport	biological_process,water transport,localization,establishment of localization,fluid transport,transport	water transport			fluid_transport
UniProtKB:Q8NBS3	Solute carrier family 4 member 11		GO:0042044		UniProt	NCBITaxon:9606	ISS	UniProtKB:A2AJN7	PANTHER:PTHR11453	protein	UniProtKB:Q8NBS3	GO_REF:0000024	20100906	SLC4A11	Homo sapiens	biological_process,localization,establishment of localization,fluid transport,transport	biological_process,localization,establishment of localization,fluid transport,transport	fluid transport			fluid_transport
UniProtKB:Q8NBS3	Solute carrier family 4 member 11		GO:0042044		Ensembl	NCBITaxon:9606	IEA	UniProtKB:A2AJN7,ensembl:ENSMUSP00000096963	PANTHER:PTHR11453	protein	UniProtKB:Q8NBS3	GO_REF:0000107	20250313	SLC4A11	Homo sapiens	biological_process,localization,establishment of localization,fluid transport,transport	biological_process,localization,establishment of localization,fluid transport,transport	fluid transport			fluid_transport
UniProtKB:Q8NBS3	Solute carrier family 4 member 11		GO:0042044		UniProt	NCBITaxon:9606	IEA	ARBA:ARBA00033952	PANTHER:PTHR11453	protein	UniProtKB:Q8NBS3	GO_REF:0000117	20250428	SLC4A11	Homo sapiens	biological_process,localization,establishment of localization,fluid transport,transport	biological_process,localization,establishment of localization,fluid transport,transport	fluid transport			fluid_transport
UniProtKB:Q8NBQ7	Aquaporin-11	not	GO:0006833		UniProt	NCBITaxon:9606	IDA		PANTHER:PTHR21191	protein	UniProtKB:Q8NBQ7	PMID:16650285	20080404	AQP11	Homo sapiens	biological_process,water transport,localization,establishment of localization,fluid transport,transport	biological_process,water transport,localization,establishment of localization,fluid transport,transport	water transport			fluid_transport
UniProtKB:Q8NBQ7	Aquaporin-11		GO:0015250		UniProt	NCBITaxon:9606	ISS	UniProtKB:Q8BHH1	PANTHER:PTHR21191	protein	UniProtKB:Q8NBQ7	GO_REF:0000024	20191010	AQP11	Homo sapiens	biological_process,channel activity,transmembrane transport,transmembrane transporter activity,passive transmembrane transporter activity,water transmembrane transporter activity,water channel activity,fluid transport,transport,cellular process,molecular_function,transporter activity,water transport,localization,establishment of localization,inorganic molecular entity transmembrane transporter activity	biological_process,channel activity,transmembrane transport,transmembrane transporter activity,passive transmembrane transporter activity,water transmembrane transporter activity,water channel activity,fluid transport,transport,cellular process,molecular_function,transporter activity,water transport,localization,establishment of localization,inorganic molecular entity transmembrane transporter activity	water channel activity			fluid_transport
UniProtKB:Q8NBQ7	Aquaporin-11		GO:0015250		UniProt	NCBITaxon:9606	IMP		PANTHER:PTHR21191	protein	UniProtKB:Q8NBQ7	PMID:24845055	20191010	AQP11	Homo sapiens	biological_process,channel activity,transmembrane transport,transmembrane transporter activity,passive transmembrane transporter activity,water transmembrane transporter activity,water channel activity,fluid transport,transport,cellular process,molecular_function,transporter activity,water transport,localization,establishment of localization,inorganic molecular entity transmembrane transporter activity	biological_process,channel activity,transmembrane transport,transmembrane transporter activity,passive transmembrane transporter activity,water transmembrane transporter activity,water channel activity,fluid transport,transport,cellular process,molecular_function,transporter activity,water transport,localization,establishment of localization,inorganic molecular entity transmembrane transporter activity	water channel activity			fluid_transport
UniProtKB:Q8NBQ7	Aquaporin-11		GO:0015250		UniProt	NCBITaxon:9606	IDA		PANTHER:PTHR21191	protein	UniProtKB:Q8NBQ7	PMID:24918044	20191011	AQP11	Homo sapiens	biological_process,channel activity,transmembrane transport,transmembrane transporter activity,passive transmembrane transporter activity,water transmembrane transporter activity,water channel activity,fluid transport,transport,cellular process,molecular_function,transporter activity,water transport,localization,establishment of localization,inorganic molecular entity transmembrane transporter activity	biological_process,channel activity,transmembrane transport,transmembrane transporter activity,passive transmembrane transporter activity,water transmembrane transporter activity,water channel activity,fluid transport,transport,cellular process,molecular_function,transporter activity,water transport,localization,establishment of localization,inorganic molecular entity transmembrane transporter activity	water channel activity			fluid_transport
UniProtKB:Q8NBQ7	Aquaporin-11		GO:0006833		UniProt	NCBITaxon:9606	IMP		PANTHER:PTHR21191	protein	UniProtKB:Q8NBQ7	PMID:24845055	20191010	AQP11	Homo sapiens	biological_process,water transport,localization,establishment of localization,fluid transport,transport	biological_process,water transport,localization,establishment of localization,fluid transport,transport	water transport			fluid_transport
UniProtKB:P30301	Lens fiber major intrinsic protein		GO:0006833		Ensembl	NCBITaxon:9606	IEA	UniProtKB:P51180,ensembl:ENSMUSP00000026455	PANTHER:PTHR19139	protein	UniProtKB:P30301	GO_REF:0000107	20250313	MIP	Homo sapiens	biological_process,water transport,localization,establishment of localization,fluid transport,transport	biological_process,water transport,localization,establishment of localization,fluid transport,transport	water transport			fluid_transport
UniProtKB:P30301	Lens fiber major intrinsic protein		GO:0015250		Ensembl	NCBITaxon:9606	IEA	UniProtKB:P51180,ensembl:ENSMUSP00000026455	PANTHER:PTHR19139	protein	UniProtKB:P30301	GO_REF:0000107	20250313	MIP	Homo sapiens	biological_process,channel activity,transmembrane transport,transmembrane transporter activity,passive transmembrane transporter activity,water transmembrane transporter activity,water channel activity,fluid transport,transport,cellular process,molecular_function,transporter activity,water transport,localization,establishment of localization,inorganic molecular entity transmembrane transporter activity	biological_process,channel activity,transmembrane transport,transmembrane transporter activity,passive transmembrane transporter activity,water transmembrane transporter activity,water channel activity,fluid transport,transport,cellular process,molecular_function,transporter activity,water transport,localization,establishment of localization,inorganic molecular entity transmembrane transporter activity	water channel activity			fluid_transport
UniProtKB:P30301	Lens fiber major intrinsic protein		GO:0015250		UniProt	NCBITaxon:9606	IEA	ARBA:ARBA00034972	PANTHER:PTHR19139	protein	UniProtKB:P30301	GO_REF:0000117	20250428	MIP	Homo sapiens	biological_process,channel activity,transmembrane transport,transmembrane transporter activity,passive transmembrane transporter activity,water transmembrane transporter activity,water channel activity,fluid transport,transport,cellular process,molecular_function,transporter activity,water transport,localization,establishment of localization,inorganic molecular entity transmembrane transporter activity	biological_process,channel activity,transmembrane transport,transmembrane transporter activity,passive transmembrane transporter activity,water transmembrane transporter activity,water channel activity,fluid transport,transport,cellular process,molecular_function,transporter activity,water transport,localization,establishment of localization,inorganic molecular entity transmembrane transporter activity	water channel activity			fluid_transport
UniProtKB:P30301	Lens fiber major intrinsic protein		GO:0015250		UniProt	NCBITaxon:9606	IDA		PANTHER:PTHR19139	protein	UniProtKB:P30301	PMID:24120416	20160122	MIP	Homo sapiens	biological_process,channel activity,transmembrane transport,transmembrane transporter activity,passive transmembrane transporter activity,water transmembrane transporter activity,water channel activity,fluid transport,transport,cellular process,molecular_function,transporter activity,water transport,localization,establishment of localization,inorganic molecular entity transmembrane transporter activity	biological_process,channel activity,transmembrane transport,transmembrane transporter activity,passive transmembrane transporter activity,water transmembrane transporter activity,water channel activity,fluid transport,transport,cellular process,molecular_function,transporter activity,water transport,localization,establishment of localization,inorganic molecular entity transmembrane transporter activity	water channel activity			fluid_transport
UniProtKB:P30301	Lens fiber major intrinsic protein		GO:0006833		UniProt	NCBITaxon:9606	IDA		PANTHER:PTHR19139	protein	UniProtKB:P30301	PMID:11001937	20240814	MIP	Homo sapiens	biological_process,water transport,localization,establishment of localization,fluid transport,transport	biological_process,water transport,localization,establishment of localization,fluid transport,transport	water transport			fluid_transport
UniProtKB:P30301	Lens fiber major intrinsic protein		GO:0006833		GO_Central	NCBITaxon:9606	IBA	PANTHER:PTN007668488,FB:FBgn0015872,UniProtKB:Q13520,UniProtKB:P55064,RGD:2141,UniProtKB:P30301,RGD:3090,UniProtKB:P60844,FB:FBgn0033635,MGI:MGI:96990,RGD:2142,UniProtKB:P29972,MGI:MGI:107387,ZFIN:ZDB-GENE-040801-41,MGI:MGI:1096865,MGI:MGI:106215,MGI:MGI:103201,UniProtKB:P06624,UniProtKB:P55087,UniProtKB:P41181,RGD:2143	PANTHER:PTHR19139	protein		GO_REF:0000033	20241120	MIP	Homo sapiens	biological_process,water transport,localization,establishment of localization,fluid transport,transport	biological_process,water transport,localization,establishment of localization,fluid transport,transport	water transport			fluid_transport
UniProtKB:P30301	Lens fiber major intrinsic protein		GO:0015250		GO_Central	NCBITaxon:9606	IBA	PANTHER:PTN007668488,UniProtKB:P55064,RGD:2141,UniProtKB:Q13520,FB:FBgn0015872,UniProtKB:P29972,MGI:MGI:107387,MGI:MGI:96990,FB:FBgn0033635,UniProtKB:P60844,RGD:2144,RGD:3090,UniProtKB:P30301,UniProtKB:P06624,FB:FBgn0034883,MGI:MGI:1096865,ZFIN:ZDB-GENE-030131-7764,ZFIN:ZDB-GENE-040801-41,RGD:2143,UniProtKB:P41181,CGD:CAL0000176060,UniProtKB:P55087	PANTHER:PTHR19139	protein		GO_REF:0000033	20241120	MIP	Homo sapiens	biological_process,channel activity,transmembrane transport,transmembrane transporter activity,passive transmembrane transporter activity,water transmembrane transporter activity,water channel activity,fluid transport,transport,cellular process,molecular_function,transporter activity,water transport,localization,establishment of localization,inorganic molecular entity transmembrane transporter activity	biological_process,channel activity,transmembrane transport,transmembrane transporter activity,passive transmembrane transporter activity,water transmembrane transporter activity,water channel activity,fluid transport,transport,cellular process,molecular_function,transporter activity,water transport,localization,establishment of localization,inorganic molecular entity transmembrane transporter activity	water channel activity			fluid_transport
UniProtKB:O43865	S-adenosylhomocysteine hydrolase-like protein 1		GO:0042045		Ensembl	NCBITaxon:9606	IEA	UniProtKB:Q80SW1,ensembl:ENSMUSP00000029490	PANTHER:PTHR23420	protein	UniProtKB:O43865	GO_REF:0000107	20250313	AHCYL1	Homo sapiens	biological_process,localization,establishment of localization,fluid transport,epithelial fluid transport,transepithelial transport,transport	biological_process,localization,establishment of localization,fluid transport,epithelial fluid transport,transepithelial transport,transport	epithelial fluid transport			fluid_transport
UniProtKB:Q16394	Exostosin-1		GO:0042044		Ensembl	NCBITaxon:9606	IEA	UniProtKB:P97464,ensembl:ENSMUSP00000076505	PANTHER:PTHR11062	protein	UniProtKB:Q16394	GO_REF:0000107	20250313	EXT1	Homo sapiens	biological_process,localization,establishment of localization,fluid transport,transport	biological_process,localization,establishment of localization,fluid transport,transport	fluid transport			fluid_transport
UniProtKB:P30518	Vasopressin V2 receptor		GO:0070295		UniProt	NCBITaxon:9606	IDA		PANTHER:PTHR24241	protein	UniProtKB:P30518	PMID:19440390	20250404	AVPR2	Homo sapiens	biological regulation,biological_process,regulation of biological quality,renal water homeostasis,fluid transport,chemical homeostasis,renal water transport,transport,renal system process,renal water absorption,water transport,system process,renal absorption,localization,establishment of localization,multicellular organismal-level water homeostasis,homeostatic process,multicellular organismal-level homeostasis,regulation of body fluid levels,multicellular organismal-level chemical homeostasis,multicellular organismal process	renal water homeostasis,chemical homeostasis,renal water transport,renal system process,anatomical entity,material anatomical entity,water transport,system process,connected anatomical structure,renal system,multicellular organismal-level water homeostasis,anatomical entity,regulation of body fluid levels,multicellular organismal process,biological regulation,biological_process,regulation of biological quality,multicellular anatomical structure,biological entity,fluid transport,excretory system,transport,anatomical structure,multicellular organism,renal water absorption,anatomical system,renal absorption,localization,establishment of localization,homeostatic process,material anatomical entity,multicellular organismal-level homeostasis,multicellular organismal-level chemical homeostasis	renal water absorption			fluid_transport
UniProtKB:O95461	Xylosyl- and glucuronyltransferase LARGE1		GO:0006833		Ensembl	NCBITaxon:9606	IEA	UniProtKB:Q9Z1M7,ensembl:ENSMUSP00000148336	PANTHER:PTHR12270	protein	UniProtKB:O95461	GO_REF:0000107	20250313	LARGE1	Homo sapiens	biological_process,water transport,localization,establishment of localization,fluid transport,transport	biological_process,water transport,localization,establishment of localization,fluid transport,transport	water transport			fluid_transport
UniProtKB:Q86YL7	Podoplanin	not	GO:0005372		UniProt	NCBITaxon:9606	ISS	UniProtKB:Q62011	PANTHER:PTHR47390	protein	UniProtKB:Q86YL7	GO_REF:0000024	20060202	PDPN	Homo sapiens	biological_process,transmembrane transport,transmembrane transporter activity,water transmembrane transporter activity,fluid transport,transport,cellular process,molecular_function,transporter activity,water transport,localization,establishment of localization,inorganic molecular entity transmembrane transporter activity	biological_process,transmembrane transport,transmembrane transporter activity,water transmembrane transporter activity,fluid transport,transport,cellular process,molecular_function,transporter activity,water transport,localization,establishment of localization,inorganic molecular entity transmembrane transporter activity	water transmembrane transporter activity			fluid_transport
UniProtKB:Q86YL7	Podoplanin	not	GO:0015250		UniProt	NCBITaxon:9606	ISS	UniProtKB:Q62011	PANTHER:PTHR47390	protein	UniProtKB:Q86YL7	GO_REF:0000024	20060202	PDPN	Homo sapiens	biological_process,channel activity,transmembrane transport,transmembrane transporter activity,passive transmembrane transporter activity,water transmembrane transporter activity,water channel activity,fluid transport,transport,cellular process,molecular_function,transporter activity,water transport,localization,establishment of localization,inorganic molecular entity transmembrane transporter activity	biological_process,channel activity,transmembrane transport,transmembrane transporter activity,passive transmembrane transporter activity,water transmembrane transporter activity,water channel activity,fluid transport,transport,cellular process,molecular_function,transporter activity,water transport,localization,establishment of localization,inorganic molecular entity transmembrane transporter activity	water channel activity			fluid_transport
UniProtKB:Q86YL7	Podoplanin	not	GO:0006833		UniProt	NCBITaxon:9606	ISS	UniProtKB:Q62011	PANTHER:PTHR47390	protein	UniProtKB:Q86YL7	GO_REF:0000024	20060202	PDPN	Homo sapiens	biological_process,water transport,localization,establishment of localization,fluid transport,transport	biological_process,water transport,localization,establishment of localization,fluid transport,transport	water transport			fluid_transport
UniProtKB:Q93063	Exostosin-2		GO:0042044		Ensembl	NCBITaxon:9606	IEA	UniProtKB:P70428,ensembl:ENSMUSP00000028623	PANTHER:PTHR11062	protein	UniProtKB:Q93063	GO_REF:0000107	20250313	EXT2	Homo sapiens	biological_process,localization,establishment of localization,fluid transport,transport	biological_process,localization,establishment of localization,fluid transport,transport	fluid transport			fluid_transport
UniProtKB:A0A075B734	Putative aquaporin-7B		GO:0015250		UniProt	NCBITaxon:9606	IEA	ARBA:ARBA00034972	PANTHER:PTHR43829	protein	UniProtKB:A0A075B734	GO_REF:0000117	20250428	AQP7B	Homo sapiens	biological_process,channel activity,transmembrane transport,transmembrane transporter activity,passive transmembrane transporter activity,water transmembrane transporter activity,water channel activity,fluid transport,transport,cellular process,molecular_function,transporter activity,water transport,localization,establishment of localization,inorganic molecular entity transmembrane transporter activity	biological_process,channel activity,transmembrane transport,transmembrane transporter activity,passive transmembrane transporter activity,water transmembrane transporter activity,water channel activity,fluid transport,transport,cellular process,molecular_function,transporter activity,water transport,localization,establishment of localization,inorganic molecular entity transmembrane transporter activity	water channel activity			fluid_transport
UniProtKB:A0A075B734	Putative aquaporin-7B		GO:0015250		GO_Central	NCBITaxon:9606	IBA	PANTHER:PTN000440995,WB:WBGene00000175,RGD:68428,UniProtKB:Q585Q8,UniProtKB:O14520,UniProtKB:Q92482,WB:WBGene00000171,WB:WBGene00000170,RGD:2145,RGD:68433,UniProtKB:O43315,UniProtKB:Q96PS8	PANTHER:PTHR43829	protein		GO_REF:0000033	20230112	AQP7B	Homo sapiens	biological_process,channel activity,transmembrane transport,transmembrane transporter activity,passive transmembrane transporter activity,water transmembrane transporter activity,water channel activity,fluid transport,transport,cellular process,molecular_function,transporter activity,water transport,localization,establishment of localization,inorganic molecular entity transmembrane transporter activity	biological_process,channel activity,transmembrane transport,transmembrane transporter activity,passive transmembrane transporter activity,water transmembrane transporter activity,water channel activity,fluid transport,transport,cellular process,molecular_function,transporter activity,water transport,localization,establishment of localization,inorganic molecular entity transmembrane transporter activity	water channel activity			fluid_transport
UniProtKB:A0A075B734	Putative aquaporin-7B		GO:0006833		GO_Central	NCBITaxon:9606	IBA	PANTHER:PTN000440995,RGD:68428,RGD:2145,MGI:MGI:1314647,UniProtKB:Q96PS8,UniProtKB:O43315,UniProtKB:Q92482,WB:WBGene00000171,MGI:MGI:1333777,UniProtKB:O14520,WB:WBGene00000175,UniProtKB:Q8II36,RGD:68433,WB:WBGene00000170	PANTHER:PTHR43829	protein		GO_REF:0000033	20241121	AQP7B	Homo sapiens	biological_process,water transport,localization,establishment of localization,fluid transport,transport	biological_process,water transport,localization,establishment of localization,fluid transport,transport	water transport			fluid_transport
UniProtKB:P55198	Protein AF-17		GO:0070295		Ensembl	NCBITaxon:9606	IEA	UniProtKB:B1AR10,ensembl:ENSMUSP00000103212	PANTHER:PTHR13793	protein	UniProtKB:P55198	GO_REF:0000107	20250313	MLLT6	Homo sapiens	biological regulation,biological_process,regulation of biological quality,renal water homeostasis,fluid transport,chemical homeostasis,renal water transport,transport,renal system process,renal water absorption,water transport,system process,renal absorption,localization,establishment of localization,multicellular organismal-level water homeostasis,homeostatic process,multicellular organismal-level homeostasis,regulation of body fluid levels,multicellular organismal-level chemical homeostasis,multicellular organismal process	renal water homeostasis,chemical homeostasis,renal water transport,renal system process,anatomical entity,material anatomical entity,water transport,system process,connected anatomical structure,renal system,multicellular organismal-level water homeostasis,anatomical entity,regulation of body fluid levels,multicellular organismal process,biological regulation,biological_process,regulation of biological quality,multicellular anatomical structure,biological entity,fluid transport,excretory system,transport,anatomical structure,multicellular organism,renal water absorption,anatomical system,renal absorption,localization,establishment of localization,homeostatic process,material anatomical entity,multicellular organismal-level homeostasis,multicellular organismal-level chemical homeostasis	renal water absorption			fluid_transport
UniProtKB:P01185	Vasopressin-neurophysin 2-copeptin		GO:0070295		UniProt	NCBITaxon:9606	IDA		PANTHER:PTHR11681	protein	UniProtKB:P01185	PMID:19440390	20250410	AVP	Homo sapiens	biological regulation,biological_process,regulation of biological quality,renal water homeostasis,fluid transport,chemical homeostasis,renal water transport,transport,renal system process,renal water absorption,water transport,system process,renal absorption,localization,establishment of localization,multicellular organismal-level water homeostasis,homeostatic process,multicellular organismal-level homeostasis,regulation of body fluid levels,multicellular organismal-level chemical homeostasis,multicellular organismal process	renal water homeostasis,chemical homeostasis,renal water transport,renal system process,anatomical entity,material anatomical entity,water transport,system process,connected anatomical structure,renal system,multicellular organismal-level water homeostasis,anatomical entity,regulation of body fluid levels,multicellular organismal process,biological regulation,biological_process,regulation of biological quality,multicellular anatomical structure,biological entity,fluid transport,excretory system,transport,anatomical structure,multicellular organism,renal water absorption,anatomical system,renal absorption,localization,establishment of localization,homeostatic process,material anatomical entity,multicellular organismal-level homeostasis,multicellular organismal-level chemical homeostasis	renal water absorption			fluid_transport
UniProtKB:P01185	Vasopressin-neurophysin 2-copeptin		GO:0006833		PINC	NCBITaxon:9606	TAS		PANTHER:PTHR11681	protein	UniProtKB:P01185	PMID:1740104	20030904	AVP	Homo sapiens	biological_process,water transport,localization,establishment of localization,fluid transport,transport	biological_process,water transport,localization,establishment of localization,fluid transport,transport	water transport			fluid_transport
UniProtKB:P01185	Vasopressin-neurophysin 2-copeptin		GO:0070295		UniProt	NCBITaxon:9606	TAS		PANTHER:PTHR11681	protein	UniProtKB:P01185	PMID:33742150	20250410	AVP	Homo sapiens	biological regulation,biological_process,regulation of biological quality,renal water homeostasis,fluid transport,chemical homeostasis,renal water transport,transport,renal system process,renal water absorption,water transport,system process,renal absorption,localization,establishment of localization,multicellular organismal-level water homeostasis,homeostatic process,multicellular organismal-level homeostasis,regulation of body fluid levels,multicellular organismal-level chemical homeostasis,multicellular organismal process	renal water homeostasis,chemical homeostasis,renal water transport,renal system process,anatomical entity,material anatomical entity,water transport,system process,connected anatomical structure,renal system,multicellular organismal-level water homeostasis,anatomical entity,regulation of body fluid levels,multicellular organismal process,biological regulation,biological_process,regulation of biological quality,multicellular anatomical structure,biological entity,fluid transport,excretory system,transport,anatomical structure,multicellular organism,renal water absorption,anatomical system,renal absorption,localization,establishment of localization,homeostatic process,material anatomical entity,multicellular organismal-level homeostasis,multicellular organismal-level chemical homeostasis	renal water absorption			fluid_transport
UniProtKB:Q9BXS9	Solute carrier family 26 member 6		GO:0042045		UniProt	NCBITaxon:9606	ISS	UniProtKB:Q8CIW6	PANTHER:PTHR11814	protein	UniProtKB:Q9BXS9	GO_REF:0000024	20130613	SLC26A6	Homo sapiens	biological_process,localization,establishment of localization,fluid transport,epithelial fluid transport,transepithelial transport,transport	biological_process,localization,establishment of localization,fluid transport,epithelial fluid transport,transepithelial transport,transport	epithelial fluid transport			fluid_transport
UniProtKB:Q9BXS9	Solute carrier family 26 member 6		GO:0042045		Ensembl	NCBITaxon:9606	IEA	UniProtKB:Q8CIW6,ensembl:ENSMUSP00000140849	PANTHER:PTHR11814	protein	UniProtKB:Q9BXS9	GO_REF:0000107	20250313	SLC26A6	Homo sapiens	biological_process,localization,establishment of localization,fluid transport,epithelial fluid transport,transepithelial transport,transport	biological_process,localization,establishment of localization,fluid transport,epithelial fluid transport,transepithelial transport,transport	epithelial fluid transport			fluid_transport
UniProtKB:O94778	Aquaporin-8		GO:0015250		UniProt	NCBITaxon:9606	ISS	UniProtKB:P56404	PANTHER:PTHR45665	protein	UniProtKB:O94778	GO_REF:0000024	20220923	AQP8	Homo sapiens	biological_process,channel activity,transmembrane transport,transmembrane transporter activity,passive transmembrane transporter activity,water transmembrane transporter activity,water channel activity,fluid transport,transport,cellular process,molecular_function,transporter activity,water transport,localization,establishment of localization,inorganic molecular entity transmembrane transporter activity	biological_process,channel activity,transmembrane transport,transmembrane transporter activity,passive transmembrane transporter activity,water transmembrane transporter activity,water channel activity,fluid transport,transport,cellular process,molecular_function,transporter activity,water transport,localization,establishment of localization,inorganic molecular entity transmembrane transporter activity	water channel activity			fluid_transport
UniProtKB:O94778	Aquaporin-8		GO:0015250		UniProt	NCBITaxon:9606	ISS	UniProtKB:P56405	PANTHER:PTHR45665	protein	UniProtKB:O94778	GO_REF:0000024	20220926	AQP8	Homo sapiens	biological_process,channel activity,transmembrane transport,transmembrane transporter activity,passive transmembrane transporter activity,water transmembrane transporter activity,water channel activity,fluid transport,transport,cellular process,molecular_function,transporter activity,water transport,localization,establishment of localization,inorganic molecular entity transmembrane transporter activity	biological_process,channel activity,transmembrane transport,transmembrane transporter activity,passive transmembrane transporter activity,water transmembrane transporter activity,water channel activity,fluid transport,transport,cellular process,molecular_function,transporter activity,water transport,localization,establishment of localization,inorganic molecular entity transmembrane transporter activity	water channel activity			fluid_transport
UniProtKB:O94778	Aquaporin-8		GO:0015250		Ensembl	NCBITaxon:9606	IEA	UniProtKB:P56404,ensembl:ENSMUSP00000095664	PANTHER:PTHR45665	protein	UniProtKB:O94778	GO_REF:0000107	20250313	AQP8	Homo sapiens	biological_process,channel activity,transmembrane transport,transmembrane transporter activity,passive transmembrane transporter activity,water transmembrane transporter activity,water channel activity,fluid transport,transport,cellular process,molecular_function,transporter activity,water transport,localization,establishment of localization,inorganic molecular entity transmembrane transporter activity	biological_process,channel activity,transmembrane transport,transmembrane transporter activity,passive transmembrane transporter activity,water transmembrane transporter activity,water channel activity,fluid transport,transport,cellular process,molecular_function,transporter activity,water transport,localization,establishment of localization,inorganic molecular entity transmembrane transporter activity	water channel activity			fluid_transport
UniProtKB:O94778	Aquaporin-8		GO:0015250		UniProt	NCBITaxon:9606	IEA	ARBA:ARBA00034972	PANTHER:PTHR45665	protein	UniProtKB:O94778	GO_REF:0000117	20250428	AQP8	Homo sapiens	biological_process,channel activity,transmembrane transport,transmembrane transporter activity,passive transmembrane transporter activity,water transmembrane transporter activity,water channel activity,fluid transport,transport,cellular process,molecular_function,transporter activity,water transport,localization,establishment of localization,inorganic molecular entity transmembrane transporter activity	biological_process,channel activity,transmembrane transport,transmembrane transporter activity,passive transmembrane transporter activity,water transmembrane transporter activity,water channel activity,fluid transport,transport,cellular process,molecular_function,transporter activity,water transport,localization,establishment of localization,inorganic molecular entity transmembrane transporter activity	water channel activity			fluid_transport
UniProtKB:O94778	Aquaporin-8		GO:0015250		UniProt	NCBITaxon:9606	IDA		PANTHER:PTHR45665	protein	UniProtKB:O94778	PMID:15948717	20220927	AQP8	Homo sapiens	biological_process,channel activity,transmembrane transport,transmembrane transporter activity,passive transmembrane transporter activity,water transmembrane transporter activity,water channel activity,fluid transport,transport,cellular process,molecular_function,transporter activity,water transport,localization,establishment of localization,inorganic molecular entity transmembrane transporter activity	biological_process,channel activity,transmembrane transport,transmembrane transporter activity,passive transmembrane transporter activity,water transmembrane transporter activity,water channel activity,fluid transport,transport,cellular process,molecular_function,transporter activity,water transport,localization,establishment of localization,inorganic molecular entity transmembrane transporter activity	water channel activity			fluid_transport
UniProtKB:O94778	Aquaporin-8		GO:0015250		UniProt	NCBITaxon:9606	IMP		PANTHER:PTHR45665	protein	UniProtKB:O94778	PMID:18948439	20220929	AQP8	Homo sapiens	biological_process,channel activity,transmembrane transport,transmembrane transporter activity,passive transmembrane transporter activity,water transmembrane transporter activity,water channel activity,fluid transport,transport,cellular process,molecular_function,transporter activity,water transport,localization,establishment of localization,inorganic molecular entity transmembrane transporter activity	biological_process,channel activity,transmembrane transport,transmembrane transporter activity,passive transmembrane transporter activity,water transmembrane transporter activity,water channel activity,fluid transport,transport,cellular process,molecular_function,transporter activity,water transport,localization,establishment of localization,inorganic molecular entity transmembrane transporter activity	water channel activity			fluid_transport
UniProtKB:O94778	Aquaporin-8		GO:0015250		PINC	NCBITaxon:9606	TAS		PANTHER:PTHR45665	protein	UniProtKB:O94778	PMID:9806845	20030904	AQP8	Homo sapiens	biological_process,channel activity,transmembrane transport,transmembrane transporter activity,passive transmembrane transporter activity,water transmembrane transporter activity,water channel activity,fluid transport,transport,cellular process,molecular_function,transporter activity,water transport,localization,establishment of localization,inorganic molecular entity transmembrane transporter activity	biological_process,channel activity,transmembrane transport,transmembrane transporter activity,passive transmembrane transporter activity,water transmembrane transporter activity,water channel activity,fluid transport,transport,cellular process,molecular_function,transporter activity,water transport,localization,establishment of localization,inorganic molecular entity transmembrane transporter activity	water channel activity			fluid_transport
UniProtKB:O94778	Aquaporin-8		GO:0006833		UniProt	NCBITaxon:9606	ISS	UniProtKB:P56404	PANTHER:PTHR45665	protein	UniProtKB:O94778	GO_REF:0000024	20220923	AQP8	Homo sapiens	biological_process,water transport,localization,establishment of localization,fluid transport,transport	biological_process,water transport,localization,establishment of localization,fluid transport,transport	water transport			fluid_transport
UniProtKB:O94778	Aquaporin-8		GO:0006833		UniProt	NCBITaxon:9606	ISS	UniProtKB:P56405	PANTHER:PTHR45665	protein	UniProtKB:O94778	GO_REF:0000024	20220926	AQP8	Homo sapiens	biological_process,water transport,localization,establishment of localization,fluid transport,transport	biological_process,water transport,localization,establishment of localization,fluid transport,transport	water transport			fluid_transport
UniProtKB:O94778	Aquaporin-8		GO:0006833		Ensembl	NCBITaxon:9606	IEA	UniProtKB:P56404,ensembl:ENSMUSP00000095664	PANTHER:PTHR45665	protein	UniProtKB:O94778	GO_REF:0000107	20250313	AQP8	Homo sapiens	biological_process,water transport,localization,establishment of localization,fluid transport,transport	biological_process,water transport,localization,establishment of localization,fluid transport,transport	water transport			fluid_transport
UniProtKB:O94778	Aquaporin-8		GO:0006833		UniProt	NCBITaxon:9606	IDA		PANTHER:PTHR45665	protein	UniProtKB:O94778	PMID:15948717	20220927	AQP8	Homo sapiens	biological_process,water transport,localization,establishment of localization,fluid transport,transport	biological_process,water transport,localization,establishment of localization,fluid transport,transport	water transport			fluid_transport
UniProtKB:O94778	Aquaporin-8		GO:0006833		PINC	NCBITaxon:9606	TAS		PANTHER:PTHR45665	protein	UniProtKB:O94778	PMID:9806845	20030904	AQP8	Homo sapiens	biological_process,water transport,localization,establishment of localization,fluid transport,transport	biological_process,water transport,localization,establishment of localization,fluid transport,transport	water transport			fluid_transport
UniProtKB:O94778	Aquaporin-8		GO:0035377		UniProt	NCBITaxon:9606	ISS	UniProtKB:P56405	PANTHER:PTHR45665	protein	UniProtKB:O94778	GO_REF:0000024	20220927	AQP8	Homo sapiens	biological_process,water transport,transepithelial water transport,localization,establishment of localization,fluid transport,transepithelial transport,epithelial fluid transport,transport	biological_process,water transport,transepithelial water transport,localization,establishment of localization,fluid transport,transepithelial transport,epithelial fluid transport,transport	transepithelial water transport			fluid_transport
UniProtKB:O94778	Aquaporin-8		GO:0006833		GO_Central	NCBITaxon:9606	IBA	PANTHER:PTN002318122,UniProtKB:O64964,WB:WBGene00000172,TAIR:locus:2094977,RGD:2146,UniProtKB:O94778,TAIR:locus:2057906,TAIR:locus:2116987,MGI:MGI:1195271	PANTHER:PTHR45665	protein		GO_REF:0000033	20241121	AQP8	Homo sapiens	biological_process,water transport,localization,establishment of localization,fluid transport,transport	biological_process,water transport,localization,establishment of localization,fluid transport,transport	water transport			fluid_transport
UniProtKB:O94778	Aquaporin-8		GO:0015250		GO_Central	NCBITaxon:9606	IBA	PANTHER:PTN002318122,TAIR:locus:2099595,MGI:MGI:1195271,TAIR:locus:2116987,TAIR:locus:2057906,UniProtKB:O94778,RGD:2146,TAIR:locus:2094977,WB:WBGene00000172,UniProtKB:O64964	PANTHER:PTHR45665	protein		GO_REF:0000033	20230112	AQP8	Homo sapiens	biological_process,channel activity,transmembrane transport,transmembrane transporter activity,passive transmembrane transporter activity,water transmembrane transporter activity,water channel activity,fluid transport,transport,cellular process,molecular_function,transporter activity,water transport,localization,establishment of localization,inorganic molecular entity transmembrane transporter activity	biological_process,channel activity,transmembrane transport,transmembrane transporter activity,passive transmembrane transporter activity,water transmembrane transporter activity,water channel activity,fluid transport,transport,cellular process,molecular_function,transporter activity,water transport,localization,establishment of localization,inorganic molecular entity transmembrane transporter activity	water channel activity			fluid_transport
UniProtKB:P55087	Aquaporin-4		GO:0015250		UniProt	NCBITaxon:9606	IEA	ARBA:ARBA00034972	PANTHER:PTHR19139	protein	UniProtKB:P55087	GO_REF:0000117	20250428	AQP4	Homo sapiens	biological_process,channel activity,transmembrane transport,transmembrane transporter activity,passive transmembrane transporter activity,water transmembrane transporter activity,water channel activity,fluid transport,transport,cellular process,molecular_function,transporter activity,water transport,localization,establishment of localization,inorganic molecular entity transmembrane transporter activity	biological_process,channel activity,transmembrane transport,transmembrane transporter activity,passive transmembrane transporter activity,water transmembrane transporter activity,water channel activity,fluid transport,transport,cellular process,molecular_function,transporter activity,water transport,localization,establishment of localization,inorganic molecular entity transmembrane transporter activity	water channel activity			fluid_transport
UniProtKB:P55087	Aquaporin-4		GO:0015250		Reactome	NCBITaxon:9606	EXP		PANTHER:PTHR19139	protein	UniProtKB:P55087	PMID:17178220	20240809	AQP4	Homo sapiens	biological_process,channel activity,transmembrane transport,transmembrane transporter activity,passive transmembrane transporter activity,water transmembrane transporter activity,water channel activity,fluid transport,transport,cellular process,molecular_function,transporter activity,water transport,localization,establishment of localization,inorganic molecular entity transmembrane transporter activity	biological_process,channel activity,transmembrane transport,transmembrane transporter activity,passive transmembrane transporter activity,water transmembrane transporter activity,water channel activity,fluid transport,transport,cellular process,molecular_function,transporter activity,water transport,localization,establishment of localization,inorganic molecular entity transmembrane transporter activity	water channel activity			fluid_transport
UniProtKB:P55087	Aquaporin-4		GO:0015250		Reactome	NCBITaxon:9606	EXP		PANTHER:PTHR19139	protein	UniProtKB:P55087	PMID:18511455	20240809	AQP4	Homo sapiens	biological_process,channel activity,transmembrane transport,transmembrane transporter activity,passive transmembrane transporter activity,water transmembrane transporter activity,water channel activity,fluid transport,transport,cellular process,molecular_function,transporter activity,water transport,localization,establishment of localization,inorganic molecular entity transmembrane transporter activity	biological_process,channel activity,transmembrane transport,transmembrane transporter activity,passive transmembrane transporter activity,water transmembrane transporter activity,water channel activity,fluid transport,transport,cellular process,molecular_function,transporter activity,water transport,localization,establishment of localization,inorganic molecular entity transmembrane transporter activity	water channel activity			fluid_transport
UniProtKB:P55087	Aquaporin-4		GO:0015250		UniProt	NCBITaxon:9606	IDA		PANTHER:PTHR19139	protein	UniProtKB:P55087	PMID:19383790	20190306	AQP4	Homo sapiens	biological_process,channel activity,transmembrane transport,transmembrane transporter activity,passive transmembrane transporter activity,water transmembrane transporter activity,water channel activity,fluid transport,transport,cellular process,molecular_function,transporter activity,water transport,localization,establishment of localization,inorganic molecular entity transmembrane transporter activity	biological_process,channel activity,transmembrane transport,transmembrane transporter activity,passive transmembrane transporter activity,water transmembrane transporter activity,water channel activity,fluid transport,transport,cellular process,molecular_function,transporter activity,water transport,localization,establishment of localization,inorganic molecular entity transmembrane transporter activity	water channel activity			fluid_transport
UniProtKB:P55087	Aquaporin-4		GO:0015250		UniProt	NCBITaxon:9606	IMP		PANTHER:PTHR19139	protein	UniProtKB:P55087	PMID:37143309	20231218	AQP4	Homo sapiens	biological_process,channel activity,transmembrane transport,transmembrane transporter activity,passive transmembrane transporter activity,water transmembrane transporter activity,water channel activity,fluid transport,transport,cellular process,molecular_function,transporter activity,water transport,localization,establishment of localization,inorganic molecular entity transmembrane transporter activity	biological_process,channel activity,transmembrane transport,transmembrane transporter activity,passive transmembrane transporter activity,water transmembrane transporter activity,water channel activity,fluid transport,transport,cellular process,molecular_function,transporter activity,water transport,localization,establishment of localization,inorganic molecular entity transmembrane transporter activity	water channel activity			fluid_transport
UniProtKB:P55087	Aquaporin-4		GO:0015250		UniProt	NCBITaxon:9606	IDA		PANTHER:PTHR19139	protein	UniProtKB:P55087	PMID:8601457	20190307	AQP4	Homo sapiens	biological_process,channel activity,transmembrane transport,transmembrane transporter activity,passive transmembrane transporter activity,water transmembrane transporter activity,water channel activity,fluid transport,transport,cellular process,molecular_function,transporter activity,water transport,localization,establishment of localization,inorganic molecular entity transmembrane transporter activity	biological_process,channel activity,transmembrane transport,transmembrane transporter activity,passive transmembrane transporter activity,water transmembrane transporter activity,water channel activity,fluid transport,transport,cellular process,molecular_function,transporter activity,water transport,localization,establishment of localization,inorganic molecular entity transmembrane transporter activity	water channel activity			fluid_transport
UniProtKB:P55087	Aquaporin-4		GO:0006833		UniProt	NCBITaxon:9606	IDA		PANTHER:PTHR19139	protein	UniProtKB:P55087	PMID:19383790	20190306	AQP4	Homo sapiens	biological_process,water transport,localization,establishment of localization,fluid transport,transport	biological_process,water transport,localization,establishment of localization,fluid transport,transport	water transport			fluid_transport
UniProtKB:P55087	Aquaporin-4		GO:0006833		UniProt	NCBITaxon:9606	IDA		PANTHER:PTHR19139	protein	UniProtKB:P55087	PMID:8601457	20190307	AQP4	Homo sapiens	biological_process,water transport,localization,establishment of localization,fluid transport,transport	biological_process,water transport,localization,establishment of localization,fluid transport,transport	water transport			fluid_transport
UniProtKB:P55087	Aquaporin-4		GO:0006833		GO_Central	NCBITaxon:9606	IBA	PANTHER:PTN007668488,FB:FBgn0015872,UniProtKB:Q13520,UniProtKB:P55064,RGD:2141,UniProtKB:P30301,RGD:3090,UniProtKB:P60844,FB:FBgn0033635,MGI:MGI:96990,RGD:2142,UniProtKB:P29972,MGI:MGI:107387,ZFIN:ZDB-GENE-040801-41,MGI:MGI:1096865,MGI:MGI:106215,MGI:MGI:103201,UniProtKB:P06624,UniProtKB:P55087,UniProtKB:P41181,RGD:2143	PANTHER:PTHR19139	protein		GO_REF:0000033	20241120	AQP4	Homo sapiens	biological_process,water transport,localization,establishment of localization,fluid transport,transport	biological_process,water transport,localization,establishment of localization,fluid transport,transport	water transport			fluid_transport
UniProtKB:P55087	Aquaporin-4		GO:0015250		GO_Central	NCBITaxon:9606	IBA	PANTHER:PTN007668488,UniProtKB:P55064,RGD:2141,UniProtKB:Q13520,FB:FBgn0015872,UniProtKB:P29972,MGI:MGI:107387,MGI:MGI:96990,FB:FBgn0033635,UniProtKB:P60844,RGD:2144,RGD:3090,UniProtKB:P30301,UniProtKB:P06624,FB:FBgn0034883,MGI:MGI:1096865,ZFIN:ZDB-GENE-030131-7764,ZFIN:ZDB-GENE-040801-41,RGD:2143,UniProtKB:P41181,CGD:CAL0000176060,UniProtKB:P55087	PANTHER:PTHR19139	protein		GO_REF:0000033	20241120	AQP4	Homo sapiens	biological_process,channel activity,transmembrane transport,transmembrane transporter activity,passive transmembrane transporter activity,water transmembrane transporter activity,water channel activity,fluid transport,transport,cellular process,molecular_function,transporter activity,water transport,localization,establishment of localization,inorganic molecular entity transmembrane transporter activity	biological_process,channel activity,transmembrane transport,transmembrane transporter activity,passive transmembrane transporter activity,water transmembrane transporter activity,water channel activity,fluid transport,transport,cellular process,molecular_function,transporter activity,water transport,localization,establishment of localization,inorganic molecular entity transmembrane transporter activity	water channel activity			fluid_transport
UniProtKB:O43315	Aquaporin-9		GO:0015250		UniProt	NCBITaxon:9606	IEA	ARBA:ARBA00034972	PANTHER:PTHR43829	protein	UniProtKB:O43315	GO_REF:0000117	20250428	AQP9	Homo sapiens	biological_process,channel activity,transmembrane transport,transmembrane transporter activity,passive transmembrane transporter activity,water transmembrane transporter activity,water channel activity,fluid transport,transport,cellular process,molecular_function,transporter activity,water transport,localization,establishment of localization,inorganic molecular entity transmembrane transporter activity	biological_process,channel activity,transmembrane transport,transmembrane transporter activity,passive transmembrane transporter activity,water transmembrane transporter activity,water channel activity,fluid transport,transport,cellular process,molecular_function,transporter activity,water transport,localization,establishment of localization,inorganic molecular entity transmembrane transporter activity	water channel activity			fluid_transport
UniProtKB:O43315	Aquaporin-9		GO:0015250		UniProt	NCBITaxon:9606	IDA		PANTHER:PTHR43829	protein	UniProtKB:O43315	PMID:30420639	20190301	AQP9	Homo sapiens	biological_process,channel activity,transmembrane transport,transmembrane transporter activity,passive transmembrane transporter activity,water transmembrane transporter activity,water channel activity,fluid transport,transport,cellular process,molecular_function,transporter activity,water transport,localization,establishment of localization,inorganic molecular entity transmembrane transporter activity	biological_process,channel activity,transmembrane transport,transmembrane transporter activity,passive transmembrane transporter activity,water transmembrane transporter activity,water channel activity,fluid transport,transport,cellular process,molecular_function,transporter activity,water transport,localization,establishment of localization,inorganic molecular entity transmembrane transporter activity	water channel activity			fluid_transport
UniProtKB:O43315	Aquaporin-9		GO:0015250		UniProt	NCBITaxon:9606	IDA		PANTHER:PTHR43829	protein	UniProtKB:O43315	PMID:9514918	20240830	AQP9	Homo sapiens	biological_process,channel activity,transmembrane transport,transmembrane transporter activity,passive transmembrane transporter activity,water transmembrane transporter activity,water channel activity,fluid transport,transport,cellular process,molecular_function,transporter activity,water transport,localization,establishment of localization,inorganic molecular entity transmembrane transporter activity	biological_process,channel activity,transmembrane transport,transmembrane transporter activity,passive transmembrane transporter activity,water transmembrane transporter activity,water channel activity,fluid transport,transport,cellular process,molecular_function,transporter activity,water transport,localization,establishment of localization,inorganic molecular entity transmembrane transporter activity	water channel activity			fluid_transport
UniProtKB:O43315	Aquaporin-9		GO:0006833		UniProt	NCBITaxon:9606	IDA		PANTHER:PTHR43829	protein	UniProtKB:O43315	PMID:30420639	20190301	AQP9	Homo sapiens	biological_process,water transport,localization,establishment of localization,fluid transport,transport	biological_process,water transport,localization,establishment of localization,fluid transport,transport	water transport			fluid_transport
UniProtKB:O43315	Aquaporin-9		GO:0006833		GO_Central	NCBITaxon:9606	IBA	PANTHER:PTN000440995,RGD:68428,RGD:2145,MGI:MGI:1314647,UniProtKB:Q96PS8,UniProtKB:O43315,UniProtKB:Q92482,WB:WBGene00000171,MGI:MGI:1333777,UniProtKB:O14520,WB:WBGene00000175,UniProtKB:Q8II36,RGD:68433,WB:WBGene00000170	PANTHER:PTHR43829	protein		GO_REF:0000033	20241121	AQP9	Homo sapiens	biological_process,water transport,localization,establishment of localization,fluid transport,transport	biological_process,water transport,localization,establishment of localization,fluid transport,transport	water transport			fluid_transport
UniProtKB:O43315	Aquaporin-9		GO:0015250		GO_Central	NCBITaxon:9606	IBA	PANTHER:PTN000440995,WB:WBGene00000175,RGD:68428,UniProtKB:Q585Q8,UniProtKB:O14520,UniProtKB:Q92482,WB:WBGene00000171,WB:WBGene00000170,RGD:2145,RGD:68433,UniProtKB:O43315,UniProtKB:Q96PS8	PANTHER:PTHR43829	protein		GO_REF:0000033	20230112	AQP9	Homo sapiens	biological_process,channel activity,transmembrane transport,transmembrane transporter activity,passive transmembrane transporter activity,water transmembrane transporter activity,water channel activity,fluid transport,transport,cellular process,molecular_function,transporter activity,water transport,localization,establishment of localization,inorganic molecular entity transmembrane transporter activity	biological_process,channel activity,transmembrane transport,transmembrane transporter activity,passive transmembrane transporter activity,water transmembrane transporter activity,water channel activity,fluid transport,transport,cellular process,molecular_function,transporter activity,water transport,localization,establishment of localization,inorganic molecular entity transmembrane transporter activity	water channel activity			fluid_transport
UniProtKB:A6NM10	Putative aquaporin-12B		GO:0015250		UniProt	NCBITaxon:9606	IEA	ARBA:ARBA00034972	PANTHER:PTHR21191	protein	UniProtKB:A6NM10	GO_REF:0000117	20250428	AQP12B	Homo sapiens	biological_process,channel activity,transmembrane transport,transmembrane transporter activity,passive transmembrane transporter activity,water transmembrane transporter activity,water channel activity,fluid transport,transport,cellular process,molecular_function,transporter activity,water transport,localization,establishment of localization,inorganic molecular entity transmembrane transporter activity	biological_process,channel activity,transmembrane transport,transmembrane transporter activity,passive transmembrane transporter activity,water transmembrane transporter activity,water channel activity,fluid transport,transport,cellular process,molecular_function,transporter activity,water transport,localization,establishment of localization,inorganic molecular entity transmembrane transporter activity	water channel activity			fluid_transport
UniProtKB:A6NM10	Putative aquaporin-12B		GO:0006833		GOC	NCBITaxon:9606	IEA	GO:0015250	PANTHER:PTHR21191	protein	UniProtKB:A6NM10	GO_REF:0000108	20250430	AQP12B	Homo sapiens	biological_process,water transport,localization,establishment of localization,fluid transport,transport	biological_process,water transport,localization,establishment of localization,fluid transport,transport	water transport			fluid_transport
UniProtKB:A6NL99	Putative aquaporin-7-like protein 3		GO:0006833		GO_Central	NCBITaxon:9606	IBA	PANTHER:PTN000440995,RGD:68428,RGD:2145,MGI:MGI:1314647,UniProtKB:Q96PS8,UniProtKB:O43315,UniProtKB:Q92482,WB:WBGene00000171,MGI:MGI:1333777,UniProtKB:O14520,WB:WBGene00000175,UniProtKB:Q8II36,RGD:68433,WB:WBGene00000170	PANTHER:PTHR43829	protein		GO_REF:0000033	20241121	AQP7P3	Homo sapiens	biological_process,water transport,localization,establishment of localization,fluid transport,transport	biological_process,water transport,localization,establishment of localization,fluid transport,transport	water transport			fluid_transport
UniProtKB:A6NL99	Putative aquaporin-7-like protein 3		GO:0015250		GO_Central	NCBITaxon:9606	IBA	PANTHER:PTN000440995,WB:WBGene00000175,RGD:68428,UniProtKB:Q585Q8,UniProtKB:O14520,UniProtKB:Q92482,WB:WBGene00000171,WB:WBGene00000170,RGD:2145,RGD:68433,UniProtKB:O43315,UniProtKB:Q96PS8	PANTHER:PTHR43829	protein		GO_REF:0000033	20230112	AQP7P3	Homo sapiens	biological_process,channel activity,transmembrane transport,transmembrane transporter activity,passive transmembrane transporter activity,water transmembrane transporter activity,water channel activity,fluid transport,transport,cellular process,molecular_function,transporter activity,water transport,localization,establishment of localization,inorganic molecular entity transmembrane transporter activity	biological_process,channel activity,transmembrane transport,transmembrane transporter activity,passive transmembrane transporter activity,water transmembrane transporter activity,water channel activity,fluid transport,transport,cellular process,molecular_function,transporter activity,water transport,localization,establishment of localization,inorganic molecular entity transmembrane transporter activity	water channel activity			fluid_transport
UniProtKB:Q14643	Inositol 1,4,5-trisphosphate-gated calcium channel ITPR1		GO:0042045		Ensembl	NCBITaxon:9606	IEA	UniProtKB:P11881,ensembl:ENSMUSP00000032192	PANTHER:PTHR13715	protein	UniProtKB:Q14643	GO_REF:0000107	20250313	ITPR1	Homo sapiens	biological_process,localization,establishment of localization,fluid transport,epithelial fluid transport,transepithelial transport,transport	biological_process,localization,establishment of localization,fluid transport,epithelial fluid transport,transepithelial transport,transport	epithelial fluid transport			fluid_transport
UniProtKB:P05305	Endothelin-1		GO:0042045		Ensembl	NCBITaxon:9606	IEA	UniProtKB:P22388,ensembl:ENSRNOP00000019361	PANTHER:PTHR13874	protein	UniProtKB:P05305	GO_REF:0000107	20250313	EDN1	Homo sapiens	biological_process,localization,establishment of localization,fluid transport,epithelial fluid transport,transepithelial transport,transport	biological_process,localization,establishment of localization,fluid transport,epithelial fluid transport,transepithelial transport,transport	epithelial fluid transport			fluid_transport
UniProtKB:P41181	Aquaporin-2		GO:0003097		Ensembl	NCBITaxon:9606	IEA	UniProtKB:P56402,ensembl:ENSMUSP00000023752	PANTHER:PTHR19139	protein	UniProtKB:P41181	GO_REF:0000107	20250313	AQP2	Homo sapiens	biological regulation,biological_process,regulation of biological quality,renal water homeostasis,fluid transport,chemical homeostasis,renal water transport,transport,renal system process,water transport,system process,localization,establishment of localization,multicellular organismal-level water homeostasis,homeostatic process,multicellular organismal-level homeostasis,regulation of body fluid levels,multicellular organismal-level chemical homeostasis,multicellular organismal process	renal water homeostasis,chemical homeostasis,renal water transport,renal system process,anatomical entity,material anatomical entity,water transport,system process,connected anatomical structure,renal system,multicellular organismal-level water homeostasis,anatomical entity,regulation of body fluid levels,multicellular organismal process,biological regulation,biological_process,regulation of biological quality,multicellular anatomical structure,biological entity,fluid transport,excretory system,transport,anatomical structure,multicellular organism,anatomical system,localization,establishment of localization,homeostatic process,material anatomical entity,multicellular organismal-level homeostasis,multicellular organismal-level chemical homeostasis	renal water transport			fluid_transport
UniProtKB:P41181	Aquaporin-2		GO:0006833		Ensembl	NCBITaxon:9606	IEA	UniProtKB:P56402,ensembl:ENSMUSP00000023752	PANTHER:PTHR19139	protein	UniProtKB:P41181	GO_REF:0000107	20250313	AQP2	Homo sapiens	biological_process,water transport,localization,establishment of localization,fluid transport,transport	biological_process,water transport,localization,establishment of localization,fluid transport,transport	water transport			fluid_transport
UniProtKB:P41181	Aquaporin-2		GO:0005372		UniProt	NCBITaxon:9606	IDA		PANTHER:PTHR19139	protein	UniProtKB:P41181	PMID:8584435	20100218	AQP2	Homo sapiens	biological_process,transmembrane transport,transmembrane transporter activity,water transmembrane transporter activity,fluid transport,transport,cellular process,molecular_function,transporter activity,water transport,localization,establishment of localization,inorganic molecular entity transmembrane transporter activity	biological_process,transmembrane transport,transmembrane transporter activity,water transmembrane transporter activity,fluid transport,transport,cellular process,molecular_function,transporter activity,water transport,localization,establishment of localization,inorganic molecular entity transmembrane transporter activity	water transmembrane transporter activity			fluid_transport
UniProtKB:P41181	Aquaporin-2		GO:0005372		UniProt	NCBITaxon:9606	IDA		PANTHER:PTHR19139	protein	UniProtKB:P41181	PMID:9321919	20100218	AQP2	Homo sapiens	biological_process,transmembrane transport,transmembrane transporter activity,water transmembrane transporter activity,fluid transport,transport,cellular process,molecular_function,transporter activity,water transport,localization,establishment of localization,inorganic molecular entity transmembrane transporter activity	biological_process,transmembrane transport,transmembrane transporter activity,water transmembrane transporter activity,fluid transport,transport,cellular process,molecular_function,transporter activity,water transport,localization,establishment of localization,inorganic molecular entity transmembrane transporter activity	water transmembrane transporter activity			fluid_transport
UniProtKB:P41181	Aquaporin-2		GO:0015250		Ensembl	NCBITaxon:9606	IEA	UniProtKB:P56402,ensembl:ENSMUSP00000023752	PANTHER:PTHR19139	protein	UniProtKB:P41181	GO_REF:0000107	20250313	AQP2	Homo sapiens	biological_process,channel activity,transmembrane transport,transmembrane transporter activity,passive transmembrane transporter activity,water transmembrane transporter activity,water channel activity,fluid transport,transport,cellular process,molecular_function,transporter activity,water transport,localization,establishment of localization,inorganic molecular entity transmembrane transporter activity	biological_process,channel activity,transmembrane transport,transmembrane transporter activity,passive transmembrane transporter activity,water transmembrane transporter activity,water channel activity,fluid transport,transport,cellular process,molecular_function,transporter activity,water transport,localization,establishment of localization,inorganic molecular entity transmembrane transporter activity	water channel activity			fluid_transport
UniProtKB:P41181	Aquaporin-2		GO:0015250		UniProt	NCBITaxon:9606	IEA	ARBA:ARBA00034972	PANTHER:PTHR19139	protein	UniProtKB:P41181	GO_REF:0000117	20250428	AQP2	Homo sapiens	biological_process,channel activity,transmembrane transport,transmembrane transporter activity,passive transmembrane transporter activity,water transmembrane transporter activity,water channel activity,fluid transport,transport,cellular process,molecular_function,transporter activity,water transport,localization,establishment of localization,inorganic molecular entity transmembrane transporter activity	biological_process,channel activity,transmembrane transport,transmembrane transporter activity,passive transmembrane transporter activity,water transmembrane transporter activity,water channel activity,fluid transport,transport,cellular process,molecular_function,transporter activity,water transport,localization,establishment of localization,inorganic molecular entity transmembrane transporter activity	water channel activity			fluid_transport
UniProtKB:P41181	Aquaporin-2		GO:0015250		Reactome	NCBITaxon:9606	EXP		PANTHER:PTHR19139	protein	UniProtKB:P41181	PMID:11076974	20240809	AQP2	Homo sapiens	biological_process,channel activity,transmembrane transport,transmembrane transporter activity,passive transmembrane transporter activity,water transmembrane transporter activity,water channel activity,fluid transport,transport,cellular process,molecular_function,transporter activity,water transport,localization,establishment of localization,inorganic molecular entity transmembrane transporter activity	biological_process,channel activity,transmembrane transport,transmembrane transporter activity,passive transmembrane transporter activity,water transmembrane transporter activity,water channel activity,fluid transport,transport,cellular process,molecular_function,transporter activity,water transport,localization,establishment of localization,inorganic molecular entity transmembrane transporter activity	water channel activity			fluid_transport
UniProtKB:P41181	Aquaporin-2		GO:0015250		UniProt	NCBITaxon:9606	IMP		PANTHER:PTHR19139	protein	UniProtKB:P41181	PMID:8140421	20190304	AQP2	Homo sapiens	biological_process,channel activity,transmembrane transport,transmembrane transporter activity,passive transmembrane transporter activity,water transmembrane transporter activity,water channel activity,fluid transport,transport,cellular process,molecular_function,transporter activity,water transport,localization,establishment of localization,inorganic molecular entity transmembrane transporter activity	biological_process,channel activity,transmembrane transport,transmembrane transporter activity,passive transmembrane transporter activity,water transmembrane transporter activity,water channel activity,fluid transport,transport,cellular process,molecular_function,transporter activity,water transport,localization,establishment of localization,inorganic molecular entity transmembrane transporter activity	water channel activity			fluid_transport
UniProtKB:P41181	Aquaporin-2		GO:0015250		Reactome	NCBITaxon:9606	EXP		PANTHER:PTHR19139	protein	UniProtKB:P41181	PMID:9829975	20240809	AQP2	Homo sapiens	biological_process,channel activity,transmembrane transport,transmembrane transporter activity,passive transmembrane transporter activity,water transmembrane transporter activity,water channel activity,fluid transport,transport,cellular process,molecular_function,transporter activity,water transport,localization,establishment of localization,inorganic molecular entity transmembrane transporter activity	biological_process,channel activity,transmembrane transport,transmembrane transporter activity,passive transmembrane transporter activity,water transmembrane transporter activity,water channel activity,fluid transport,transport,cellular process,molecular_function,transporter activity,water transport,localization,establishment of localization,inorganic molecular entity transmembrane transporter activity	water channel activity			fluid_transport
UniProtKB:P41181	Aquaporin-2		GO:0006833		UniProt	NCBITaxon:9606	IMP		PANTHER:PTHR19139	protein	UniProtKB:P41181	PMID:8140421	20190304	AQP2	Homo sapiens	biological_process,water transport,localization,establishment of localization,fluid transport,transport	biological_process,water transport,localization,establishment of localization,fluid transport,transport	water transport			fluid_transport
UniProtKB:P41181	Aquaporin-2		GO:0006833		UniProt	NCBITaxon:9606	IDA		PANTHER:PTHR19139	protein	UniProtKB:P41181	PMID:8584435	20100218	AQP2	Homo sapiens	biological_process,water transport,localization,establishment of localization,fluid transport,transport	biological_process,water transport,localization,establishment of localization,fluid transport,transport	water transport			fluid_transport
UniProtKB:P41181	Aquaporin-2		GO:0006833		UniProt	NCBITaxon:9606	IDA		PANTHER:PTHR19139	protein	UniProtKB:P41181	PMID:9321919	20100218	AQP2	Homo sapiens	biological_process,water transport,localization,establishment of localization,fluid transport,transport	biological_process,water transport,localization,establishment of localization,fluid transport,transport	water transport			fluid_transport
UniProtKB:P41181	Aquaporin-2		GO:0006833		GO_Central	NCBITaxon:9606	IBA	PANTHER:PTN007668488,FB:FBgn0015872,UniProtKB:Q13520,UniProtKB:P55064,RGD:2141,UniProtKB:P30301,RGD:3090,UniProtKB:P60844,FB:FBgn0033635,MGI:MGI:96990,RGD:2142,UniProtKB:P29972,MGI:MGI:107387,ZFIN:ZDB-GENE-040801-41,MGI:MGI:1096865,MGI:MGI:106215,MGI:MGI:103201,UniProtKB:P06624,UniProtKB:P55087,UniProtKB:P41181,RGD:2143	PANTHER:PTHR19139	protein		GO_REF:0000033	20241120	AQP2	Homo sapiens	biological_process,water transport,localization,establishment of localization,fluid transport,transport	biological_process,water transport,localization,establishment of localization,fluid transport,transport	water transport			fluid_transport
UniProtKB:P41181	Aquaporin-2		GO:0015250		GO_Central	NCBITaxon:9606	IBA	PANTHER:PTN007668488,UniProtKB:P55064,RGD:2141,UniProtKB:Q13520,FB:FBgn0015872,UniProtKB:P29972,MGI:MGI:107387,MGI:MGI:96990,FB:FBgn0033635,UniProtKB:P60844,RGD:2144,RGD:3090,UniProtKB:P30301,UniProtKB:P06624,FB:FBgn0034883,MGI:MGI:1096865,ZFIN:ZDB-GENE-030131-7764,ZFIN:ZDB-GENE-040801-41,RGD:2143,UniProtKB:P41181,CGD:CAL0000176060,UniProtKB:P55087	PANTHER:PTHR19139	protein		GO_REF:0000033	20241120	AQP2	Homo sapiens	biological_process,channel activity,transmembrane transport,transmembrane transporter activity,passive transmembrane transporter activity,water transmembrane transporter activity,water channel activity,fluid transport,transport,cellular process,molecular_function,transporter activity,water transport,localization,establishment of localization,inorganic molecular entity transmembrane transporter activity	biological_process,channel activity,transmembrane transport,transmembrane transporter activity,passive transmembrane transporter activity,water transmembrane transporter activity,water channel activity,fluid transport,transport,cellular process,molecular_function,transporter activity,water transport,localization,establishment of localization,inorganic molecular entity transmembrane transporter activity	water channel activity			fluid_transport
UniProtKB:Q13835	Plakophilin-1		GO:0035377		Ensembl	NCBITaxon:9606	IEA	UniProtKB:P97350,ensembl:ENSMUSP00000027667	PANTHER:PTHR10372	protein	UniProtKB:Q13835	GO_REF:0000107	20250313	PKP1	Homo sapiens	biological_process,water transport,transepithelial water transport,localization,establishment of localization,fluid transport,transepithelial transport,epithelial fluid transport,transport	biological_process,water transport,transepithelial water transport,localization,establishment of localization,fluid transport,transepithelial transport,epithelial fluid transport,transport	transepithelial water transport			fluid_transport
