bioentity	bioentity_name	qualifier	annotation_class	annotation_extension_json	assigned_by	taxon	evidence_type	evidence_with	panther_family	type	bioentity_isoform	reference	date	bioentity_label	taxon_label	isa_partof_closure_label	regulates_closure_label	annotation_class_label	annotation_extension_class_labelannotation_extension_class_closure_label	has_participant_closure_label	term
UniProtKB:Q05655	Protein kinase C delta type		GO:0090331		UniProt	NCBITaxon:9606	ISS	UniProtKB:P28867	PANTHER:PTHR24356	protein	UniProtKB:Q05655	GO_REF:0000024	20111209	PRKCD	Homo sapiens	regulation of coagulation,regulation of cell-cell adhesion,negative regulation of coagulation,regulation of blood coagulation,negative regulation of homotypic cell-cell adhesion,negative regulation of platelet aggregation,negative regulation of cell-cell adhesion,regulation of homotypic cell-cell adhesion,negative regulation of blood coagulation,regulation of response to stress,regulation of platelet aggregation,negative regulation of biological process,regulation of response to stimulus,regulation of cellular process,negative regulation of response to stimulus,negative regulation of multicellular organismal process,negative regulation of response to external stimulus,regulation of body fluid levels,regulation of response to external stimulus,biological regulation,negative regulation of wound healing,regulation of biological quality,biological_process,regulation of wound healing,negative regulation of cell adhesion,regulation of response to wounding,negative regulation of response to wounding,negative regulation of hemostasis,regulation of hemostasis,negative regulation of cellular process,negative regulation of platelet activation,regulation of cell adhesion,regulation of cell activation,regulation of multicellular organismal process,regulation of biological process,negative regulation of cell activation,regulation of platelet activation	regulation of cell-cell adhesion,regulation of blood coagulation,negative regulation of homotypic cell-cell adhesion,negative regulation of platelet aggregation,negative regulation of cell-cell adhesion,regulation of homotypic cell-cell adhesion,negative regulation of blood coagulation,regulation of response to stress,regulation of platelet aggregation,negative regulation of biological process,wound healing,regulation of cellular process,negative regulation of multicellular organismal process,regulation of body fluid levels,homotypic cell-cell adhesion,platelet aggregation,biological regulation,negative regulation of wound healing,regulation of biological quality,biological_process,regulation of wound healing,negative regulation of cellular process,negative regulation of platelet activation,regulation of platelet activation,regulation of coagulation,negative regulation of coagulation,coagulation,response to wounding,cell adhesion,blood coagulation,hemostasis,regulation of response to stimulus,response to external stimulus,negative regulation of response to stimulus,negative regulation of response to external stimulus,regulation of response to external stimulus,platelet activation,response to stimulus,multicellular organismal process,negative regulation of cell adhesion,regulation of response to wounding,negative regulation of response to wounding,negative regulation of hemostasis,regulation of hemostasis,response to stress,cellular process,cell activation,regulation of cell adhesion,regulation of cell activation,regulation of multicellular organismal process,cell-cell adhesion,regulation of biological process,negative regulation of cell activation	negative regulation of platelet aggregation			regulation_of_coagulation
UniProtKB:Q05655	Protein kinase C delta type		GO:0090331		Ensembl	NCBITaxon:9606	IEA	UniProtKB:P28867,ensembl:ENSMUSP00000107829	PANTHER:PTHR24356	protein	UniProtKB:Q05655	GO_REF:0000107	20250313	PRKCD	Homo sapiens	regulation of coagulation,regulation of cell-cell adhesion,negative regulation of coagulation,regulation of blood coagulation,negative regulation of homotypic cell-cell adhesion,negative regulation of platelet aggregation,negative regulation of cell-cell adhesion,regulation of homotypic cell-cell adhesion,negative regulation of blood coagulation,regulation of response to stress,regulation of platelet aggregation,negative regulation of biological process,regulation of response to stimulus,regulation of cellular process,negative regulation of response to stimulus,negative regulation of multicellular organismal process,negative regulation of response to external stimulus,regulation of body fluid levels,regulation of response to external stimulus,biological regulation,negative regulation of wound healing,regulation of biological quality,biological_process,regulation of wound healing,negative regulation of cell adhesion,regulation of response to wounding,negative regulation of response to wounding,negative regulation of hemostasis,regulation of hemostasis,negative regulation of cellular process,negative regulation of platelet activation,regulation of cell adhesion,regulation of cell activation,regulation of multicellular organismal process,regulation of biological process,negative regulation of cell activation,regulation of platelet activation	regulation of cell-cell adhesion,regulation of blood coagulation,negative regulation of homotypic cell-cell adhesion,negative regulation of platelet aggregation,negative regulation of cell-cell adhesion,regulation of homotypic cell-cell adhesion,negative regulation of blood coagulation,regulation of response to stress,regulation of platelet aggregation,negative regulation of biological process,wound healing,regulation of cellular process,negative regulation of multicellular organismal process,regulation of body fluid levels,homotypic cell-cell adhesion,platelet aggregation,biological regulation,negative regulation of wound healing,regulation of biological quality,biological_process,regulation of wound healing,negative regulation of cellular process,negative regulation of platelet activation,regulation of platelet activation,regulation of coagulation,negative regulation of coagulation,coagulation,response to wounding,cell adhesion,blood coagulation,hemostasis,regulation of response to stimulus,response to external stimulus,negative regulation of response to stimulus,negative regulation of response to external stimulus,regulation of response to external stimulus,platelet activation,response to stimulus,multicellular organismal process,negative regulation of cell adhesion,regulation of response to wounding,negative regulation of response to wounding,negative regulation of hemostasis,regulation of hemostasis,response to stress,cellular process,cell activation,regulation of cell adhesion,regulation of cell activation,regulation of multicellular organismal process,cell-cell adhesion,regulation of biological process,negative regulation of cell activation	negative regulation of platelet aggregation			regulation_of_coagulation
UniProtKB:P04004	Vitronectin		GO:0030195		BHF-UCL	NCBITaxon:9606	IDA		PANTHER:PTHR22917	protein	UniProtKB:P04004	PMID:1695900	20250215	VTN	Homo sapiens	biological regulation,negative regulation of wound healing,biological_process,regulation of biological quality,regulation of wound healing,regulation of coagulation,negative regulation of coagulation,regulation of blood coagulation,regulation of response to wounding,negative regulation of blood coagulation,negative regulation of response to wounding,negative regulation of hemostasis,regulation of response to stress,regulation of hemostasis,negative regulation of biological process,regulation of response to stimulus,negative regulation of response to stimulus,negative regulation of multicellular organismal process,negative regulation of response to external stimulus,regulation of body fluid levels,regulation of response to external stimulus,regulation of multicellular organismal process,regulation of biological process	regulation of coagulation,negative regulation of coagulation,regulation of blood coagulation,negative regulation of blood coagulation,coagulation,response to wounding,regulation of response to stress,blood coagulation,negative regulation of biological process,hemostasis,regulation of response to stimulus,wound healing,response to external stimulus,negative regulation of response to stimulus,negative regulation of multicellular organismal process,negative regulation of response to external stimulus,regulation of body fluid levels,regulation of response to external stimulus,response to stimulus,multicellular organismal process,biological regulation,negative regulation of wound healing,biological_process,regulation of biological quality,regulation of wound healing,regulation of response to wounding,negative regulation of response to wounding,negative regulation of hemostasis,regulation of hemostasis,response to stress,regulation of multicellular organismal process,regulation of biological process	negative regulation of blood coagulation			regulation_of_coagulation
UniProtKB:P04004	Vitronectin		GO:0051918		ComplexPortal	NCBITaxon:9606	NAS		PANTHER:PTHR22917	protein	UniProtKB:P04004	PMID:1695900	20250310	VTN	Homo sapiens	regulation of coagulation,positive regulation of blood coagulation,regulation of blood coagulation,regulation of response to stress,negative regulation of biological process,positive regulation of biological process,positive regulation of response to stimulus,regulation of response to stimulus,positive regulation of multicellular organismal process,positive regulation of response to external stimulus,regulation of body fluid levels,regulation of response to external stimulus,biological regulation,regulation of biological quality,biological_process,positive regulation of wound healing,negative regulation of fibrinolysis,regulation of wound healing,positive regulation of response to wounding,regulation of response to wounding,regulation of fibrinolysis,regulation of hemostasis,positive regulation of hemostasis,regulation of multicellular organismal process,regulation of biological process,positive regulation of coagulation	regulation of coagulation,positive regulation of blood coagulation,negative regulation of coagulation,regulation of blood coagulation,coagulation,negative regulation of blood coagulation,response to wounding,regulation of response to stress,blood coagulation,negative regulation of biological process,fibrinolysis,positive regulation of biological process,hemostasis,positive regulation of response to stimulus,regulation of response to stimulus,wound healing,response to external stimulus,positive regulation of multicellular organismal process,negative regulation of response to stimulus,negative regulation of multicellular organismal process,negative regulation of response to external stimulus,positive regulation of response to external stimulus,regulation of body fluid levels,regulation of response to external stimulus,response to stimulus,multicellular organismal process,biological regulation,negative regulation of wound healing,regulation of biological quality,biological_process,positive regulation of wound healing,negative regulation of fibrinolysis,regulation of wound healing,positive regulation of response to wounding,regulation of response to wounding,regulation of fibrinolysis,negative regulation of response to wounding,negative regulation of hemostasis,regulation of hemostasis,positive regulation of hemostasis,response to stress,regulation of multicellular organismal process,regulation of biological process,positive regulation of coagulation	negative regulation of fibrinolysis			regulation_of_coagulation
UniProtKB:Q8TF42	Ubiquitin-associated and SH3 domain-containing protein B		GO:0090331		Ensembl	NCBITaxon:9606	IEA	UniProtKB:Q8BGG7,ensembl:ENSMUSP00000043865	PANTHER:PTHR16469	protein	UniProtKB:Q8TF42	GO_REF:0000107	20250313	UBASH3B	Homo sapiens	regulation of coagulation,regulation of cell-cell adhesion,negative regulation of coagulation,regulation of blood coagulation,negative regulation of homotypic cell-cell adhesion,negative regulation of platelet aggregation,negative regulation of cell-cell adhesion,regulation of homotypic cell-cell adhesion,negative regulation of blood coagulation,regulation of response to stress,regulation of platelet aggregation,negative regulation of biological process,regulation of response to stimulus,regulation of cellular process,negative regulation of response to stimulus,negative regulation of multicellular organismal process,negative regulation of response to external stimulus,regulation of body fluid levels,regulation of response to external stimulus,biological regulation,negative regulation of wound healing,regulation of biological quality,biological_process,regulation of wound healing,negative regulation of cell adhesion,regulation of response to wounding,negative regulation of response to wounding,negative regulation of hemostasis,regulation of hemostasis,negative regulation of cellular process,negative regulation of platelet activation,regulation of cell adhesion,regulation of cell activation,regulation of multicellular organismal process,regulation of biological process,negative regulation of cell activation,regulation of platelet activation	regulation of cell-cell adhesion,regulation of blood coagulation,negative regulation of homotypic cell-cell adhesion,negative regulation of platelet aggregation,negative regulation of cell-cell adhesion,regulation of homotypic cell-cell adhesion,negative regulation of blood coagulation,regulation of response to stress,regulation of platelet aggregation,negative regulation of biological process,wound healing,regulation of cellular process,negative regulation of multicellular organismal process,regulation of body fluid levels,homotypic cell-cell adhesion,platelet aggregation,biological regulation,negative regulation of wound healing,regulation of biological quality,biological_process,regulation of wound healing,negative regulation of cellular process,negative regulation of platelet activation,regulation of platelet activation,regulation of coagulation,negative regulation of coagulation,coagulation,response to wounding,cell adhesion,blood coagulation,hemostasis,regulation of response to stimulus,response to external stimulus,negative regulation of response to stimulus,negative regulation of response to external stimulus,regulation of response to external stimulus,platelet activation,response to stimulus,multicellular organismal process,negative regulation of cell adhesion,regulation of response to wounding,negative regulation of response to wounding,negative regulation of hemostasis,regulation of hemostasis,response to stress,cellular process,cell activation,regulation of cell adhesion,regulation of cell activation,regulation of multicellular organismal process,cell-cell adhesion,regulation of biological process,negative regulation of cell activation	negative regulation of platelet aggregation			regulation_of_coagulation
UniProtKB:P16671	Platelet glycoprotein 4		GO:0030194		Ensembl	NCBITaxon:9606	IEA	UniProtKB:Q08857,ensembl:ENSMUSP00000133008	PANTHER:PTHR11923	protein	UniProtKB:P16671	GO_REF:0000107	20250313	CD36	Homo sapiens	biological regulation,biological_process,regulation of biological quality,positive regulation of wound healing,positive regulation of blood coagulation,regulation of wound healing,positive regulation of response to wounding,regulation of coagulation,regulation of blood coagulation,regulation of response to wounding,regulation of response to stress,regulation of hemostasis,positive regulation of hemostasis,positive regulation of biological process,positive regulation of response to stimulus,regulation of response to stimulus,positive regulation of multicellular organismal process,regulation of body fluid levels,regulation of response to external stimulus,regulation of multicellular organismal process,regulation of biological process,positive regulation of coagulation	positive regulation of blood coagulation,regulation of coagulation,regulation of blood coagulation,coagulation,response to wounding,regulation of response to stress,blood coagulation,positive regulation of biological process,hemostasis,positive regulation of response to stimulus,regulation of response to stimulus,wound healing,response to external stimulus,positive regulation of multicellular organismal process,regulation of body fluid levels,regulation of response to external stimulus,response to stimulus,multicellular organismal process,biological regulation,biological_process,regulation of biological quality,positive regulation of wound healing,regulation of wound healing,positive regulation of response to wounding,regulation of response to wounding,regulation of hemostasis,positive regulation of hemostasis,response to stress,regulation of multicellular organismal process,regulation of biological process,positive regulation of coagulation	positive regulation of blood coagulation			regulation_of_coagulation
ComplexPortal:CPX-494	tPA-PAI-1 complex		GO:0051918		ComplexPortal	NCBITaxon:9606	NAS			protein_complex		PMID:8508955	20241021	tpa-pai-1_human	Homo sapiens	regulation of coagulation,positive regulation of blood coagulation,regulation of blood coagulation,regulation of response to stress,negative regulation of biological process,positive regulation of biological process,positive regulation of response to stimulus,regulation of response to stimulus,positive regulation of multicellular organismal process,positive regulation of response to external stimulus,regulation of body fluid levels,regulation of response to external stimulus,biological regulation,regulation of biological quality,biological_process,positive regulation of wound healing,negative regulation of fibrinolysis,regulation of wound healing,positive regulation of response to wounding,regulation of response to wounding,regulation of fibrinolysis,regulation of hemostasis,positive regulation of hemostasis,regulation of multicellular organismal process,regulation of biological process,positive regulation of coagulation	regulation of coagulation,positive regulation of blood coagulation,negative regulation of coagulation,regulation of blood coagulation,coagulation,negative regulation of blood coagulation,response to wounding,regulation of response to stress,blood coagulation,negative regulation of biological process,fibrinolysis,positive regulation of biological process,hemostasis,positive regulation of response to stimulus,regulation of response to stimulus,wound healing,response to external stimulus,positive regulation of multicellular organismal process,negative regulation of response to stimulus,negative regulation of multicellular organismal process,negative regulation of response to external stimulus,positive regulation of response to external stimulus,regulation of body fluid levels,regulation of response to external stimulus,response to stimulus,multicellular organismal process,biological regulation,negative regulation of wound healing,regulation of biological quality,biological_process,positive regulation of wound healing,negative regulation of fibrinolysis,regulation of wound healing,positive regulation of response to wounding,regulation of response to wounding,regulation of fibrinolysis,negative regulation of response to wounding,negative regulation of hemostasis,regulation of hemostasis,positive regulation of hemostasis,response to stress,regulation of multicellular organismal process,regulation of biological process,positive regulation of coagulation	negative regulation of fibrinolysis			regulation_of_coagulation
ComplexPortal:CPX-487	uPA-uPAR complex		GO:0051917		ComplexPortal	NCBITaxon:9606	NAS			protein_complex		PMID:3920216	20250127	upa-upar_human	Homo sapiens	biological regulation,biological_process,regulation of biological quality,regulation of wound healing,regulation of coagulation,regulation of blood coagulation,regulation of response to wounding,regulation of fibrinolysis,regulation of response to stress,regulation of hemostasis,regulation of response to stimulus,regulation of body fluid levels,regulation of response to external stimulus,regulation of multicellular organismal process,regulation of biological process	regulation of coagulation,negative regulation of coagulation,regulation of blood coagulation,negative regulation of blood coagulation,coagulation,response to wounding,regulation of response to stress,blood coagulation,negative regulation of biological process,fibrinolysis,hemostasis,regulation of response to stimulus,wound healing,response to external stimulus,negative regulation of response to stimulus,negative regulation of multicellular organismal process,negative regulation of response to external stimulus,regulation of body fluid levels,regulation of response to external stimulus,response to stimulus,multicellular organismal process,biological regulation,negative regulation of wound healing,biological_process,regulation of biological quality,regulation of wound healing,regulation of response to wounding,regulation of fibrinolysis,negative regulation of response to wounding,negative regulation of hemostasis,regulation of hemostasis,response to stress,regulation of multicellular organismal process,regulation of biological process	regulation of fibrinolysis			regulation_of_coagulation
ComplexPortal:CPX-483	uPA-PAI-1 complex		GO:0051918		ComplexPortal	NCBITaxon:9606	NAS			protein_complex		PMID:8508955	20250127	upa-pai-1_human	Homo sapiens	regulation of coagulation,positive regulation of blood coagulation,regulation of blood coagulation,regulation of response to stress,negative regulation of biological process,positive regulation of biological process,positive regulation of response to stimulus,regulation of response to stimulus,positive regulation of multicellular organismal process,positive regulation of response to external stimulus,regulation of body fluid levels,regulation of response to external stimulus,biological regulation,regulation of biological quality,biological_process,positive regulation of wound healing,negative regulation of fibrinolysis,regulation of wound healing,positive regulation of response to wounding,regulation of response to wounding,regulation of fibrinolysis,regulation of hemostasis,positive regulation of hemostasis,regulation of multicellular organismal process,regulation of biological process,positive regulation of coagulation	regulation of coagulation,positive regulation of blood coagulation,negative regulation of coagulation,regulation of blood coagulation,coagulation,negative regulation of blood coagulation,response to wounding,regulation of response to stress,blood coagulation,negative regulation of biological process,fibrinolysis,positive regulation of biological process,hemostasis,positive regulation of response to stimulus,regulation of response to stimulus,wound healing,response to external stimulus,positive regulation of multicellular organismal process,negative regulation of response to stimulus,negative regulation of multicellular organismal process,negative regulation of response to external stimulus,positive regulation of response to external stimulus,regulation of body fluid levels,regulation of response to external stimulus,response to stimulus,multicellular organismal process,biological regulation,negative regulation of wound healing,regulation of biological quality,biological_process,positive regulation of wound healing,negative regulation of fibrinolysis,regulation of wound healing,positive regulation of response to wounding,regulation of response to wounding,regulation of fibrinolysis,negative regulation of response to wounding,negative regulation of hemostasis,regulation of hemostasis,positive regulation of hemostasis,response to stress,regulation of multicellular organismal process,regulation of biological process,positive regulation of coagulation	negative regulation of fibrinolysis			regulation_of_coagulation
ComplexPortal:CPX-475	Vitronectin-PAI-1 complex		GO:0051918		ComplexPortal	NCBITaxon:9606	NAS			protein_complex		PMID:1695900	20250310	vitronectin-pai-1_human	Homo sapiens	regulation of coagulation,positive regulation of blood coagulation,regulation of blood coagulation,regulation of response to stress,negative regulation of biological process,positive regulation of biological process,positive regulation of response to stimulus,regulation of response to stimulus,positive regulation of multicellular organismal process,positive regulation of response to external stimulus,regulation of body fluid levels,regulation of response to external stimulus,biological regulation,regulation of biological quality,biological_process,positive regulation of wound healing,negative regulation of fibrinolysis,regulation of wound healing,positive regulation of response to wounding,regulation of response to wounding,regulation of fibrinolysis,regulation of hemostasis,positive regulation of hemostasis,regulation of multicellular organismal process,regulation of biological process,positive regulation of coagulation	regulation of coagulation,positive regulation of blood coagulation,negative regulation of coagulation,regulation of blood coagulation,coagulation,negative regulation of blood coagulation,response to wounding,regulation of response to stress,blood coagulation,negative regulation of biological process,fibrinolysis,positive regulation of biological process,hemostasis,positive regulation of response to stimulus,regulation of response to stimulus,wound healing,response to external stimulus,positive regulation of multicellular organismal process,negative regulation of response to stimulus,negative regulation of multicellular organismal process,negative regulation of response to external stimulus,positive regulation of response to external stimulus,regulation of body fluid levels,regulation of response to external stimulus,response to stimulus,multicellular organismal process,biological regulation,negative regulation of wound healing,regulation of biological quality,biological_process,positive regulation of wound healing,negative regulation of fibrinolysis,regulation of wound healing,positive regulation of response to wounding,regulation of response to wounding,regulation of fibrinolysis,negative regulation of response to wounding,negative regulation of hemostasis,regulation of hemostasis,positive regulation of hemostasis,response to stress,regulation of multicellular organismal process,regulation of biological process,positive regulation of coagulation	negative regulation of fibrinolysis			regulation_of_coagulation
ComplexPortal:CPX-421	EMILIN-1 complex		GO:0030194		ComplexPortal	NCBITaxon:9606	ISS	ComplexPortal:CPX-438		protein_complex		GO_REF:0000114	20240823	emilin1_human	Homo sapiens	biological regulation,biological_process,regulation of biological quality,positive regulation of wound healing,positive regulation of blood coagulation,regulation of wound healing,positive regulation of response to wounding,regulation of coagulation,regulation of blood coagulation,regulation of response to wounding,regulation of response to stress,regulation of hemostasis,positive regulation of hemostasis,positive regulation of biological process,positive regulation of response to stimulus,regulation of response to stimulus,positive regulation of multicellular organismal process,regulation of body fluid levels,regulation of response to external stimulus,regulation of multicellular organismal process,regulation of biological process,positive regulation of coagulation	positive regulation of blood coagulation,regulation of coagulation,regulation of blood coagulation,coagulation,response to wounding,regulation of response to stress,blood coagulation,positive regulation of biological process,hemostasis,positive regulation of response to stimulus,regulation of response to stimulus,wound healing,response to external stimulus,positive regulation of multicellular organismal process,regulation of body fluid levels,regulation of response to external stimulus,response to stimulus,multicellular organismal process,biological regulation,biological_process,regulation of biological quality,positive regulation of wound healing,regulation of wound healing,positive regulation of response to wounding,regulation of response to wounding,regulation of hemostasis,positive regulation of hemostasis,response to stress,regulation of multicellular organismal process,regulation of biological process,positive regulation of coagulation	positive regulation of blood coagulation			regulation_of_coagulation
UniProtKB:Q12884	Prolyl endopeptidase FAP		GO:0051917		BHF-UCL	NCBITaxon:9606	IC	GO:0004175	PANTHER:PTHR11731	protein	UniProtKB:Q12884	PMID:17317851	20111202	FAP	Homo sapiens	biological regulation,biological_process,regulation of biological quality,regulation of wound healing,regulation of coagulation,regulation of blood coagulation,regulation of response to wounding,regulation of fibrinolysis,regulation of response to stress,regulation of hemostasis,regulation of response to stimulus,regulation of body fluid levels,regulation of response to external stimulus,regulation of multicellular organismal process,regulation of biological process	regulation of coagulation,negative regulation of coagulation,regulation of blood coagulation,negative regulation of blood coagulation,coagulation,response to wounding,regulation of response to stress,blood coagulation,negative regulation of biological process,fibrinolysis,hemostasis,regulation of response to stimulus,wound healing,response to external stimulus,negative regulation of response to stimulus,negative regulation of multicellular organismal process,negative regulation of response to external stimulus,regulation of body fluid levels,regulation of response to external stimulus,response to stimulus,multicellular organismal process,biological regulation,negative regulation of wound healing,biological_process,regulation of biological quality,regulation of wound healing,regulation of response to wounding,regulation of fibrinolysis,negative regulation of response to wounding,negative regulation of hemostasis,regulation of hemostasis,response to stress,regulation of multicellular organismal process,regulation of biological process	regulation of fibrinolysis			regulation_of_coagulation
UniProtKB:Q8IZT8	Heparan sulfate glucosamine 3-O-sulfotransferase 5		GO:0050819		UniProt	NCBITaxon:9606	IDA		PANTHER:PTHR10605	protein	UniProtKB:Q8IZT8	PMID:12138164	20040430	HS3ST5	Homo sapiens	biological regulation,biological_process,regulation of coagulation,negative regulation of coagulation,negative regulation of multicellular organismal process,negative regulation of biological process,regulation of multicellular organismal process,regulation of biological process	biological regulation,biological_process,regulation of coagulation,negative regulation of coagulation,coagulation,negative regulation of multicellular organismal process,negative regulation of biological process,regulation of multicellular organismal process,regulation of biological process,multicellular organismal process	negative regulation of coagulation			regulation_of_coagulation
UniProtKB:P02675	Fibrinogen beta chain		GO:0042730		UniProt	NCBITaxon:9606	IDA		PANTHER:PTHR19143	protein	UniProtKB:P02675	PMID:16846481	20150430	FGB	Homo sapiens	biological regulation,negative regulation of wound healing,regulation of biological quality,biological_process,regulation of wound healing,regulation of coagulation,negative regulation of coagulation,regulation of blood coagulation,regulation of response to wounding,negative regulation of response to wounding,negative regulation of blood coagulation,negative regulation of hemostasis,regulation of response to stress,regulation of hemostasis,fibrinolysis,negative regulation of biological process,regulation of response to stimulus,negative regulation of response to stimulus,negative regulation of multicellular organismal process,negative regulation of response to external stimulus,regulation of body fluid levels,regulation of response to external stimulus,regulation of multicellular organismal process,regulation of biological process	regulation of coagulation,negative regulation of coagulation,regulation of blood coagulation,coagulation,negative regulation of blood coagulation,response to wounding,regulation of response to stress,blood coagulation,fibrinolysis,negative regulation of biological process,hemostasis,regulation of response to stimulus,wound healing,response to external stimulus,negative regulation of response to stimulus,negative regulation of multicellular organismal process,negative regulation of response to external stimulus,regulation of body fluid levels,regulation of response to external stimulus,response to stimulus,multicellular organismal process,biological regulation,negative regulation of wound healing,regulation of biological quality,biological_process,regulation of wound healing,regulation of response to wounding,negative regulation of response to wounding,negative regulation of hemostasis,regulation of hemostasis,response to stress,regulation of multicellular organismal process,regulation of biological process	fibrinolysis			regulation_of_coagulation
UniProtKB:P02649	Apolipoprotein E		GO:0010544		BHF-UCL	NCBITaxon:9606	IDA		PANTHER:PTHR18976	protein	UniProtKB:P02649	PMID:8995232	20080314	APOE	Homo sapiens	regulation of coagulation,negative regulation of coagulation,regulation of blood coagulation,negative regulation of blood coagulation,regulation of response to stress,negative regulation of biological process,regulation of response to stimulus,regulation of cellular process,negative regulation of response to stimulus,negative regulation of multicellular organismal process,negative regulation of response to external stimulus,regulation of body fluid levels,regulation of response to external stimulus,biological regulation,negative regulation of wound healing,regulation of biological quality,biological_process,regulation of wound healing,regulation of response to wounding,negative regulation of response to wounding,negative regulation of hemostasis,regulation of hemostasis,negative regulation of cellular process,negative regulation of platelet activation,regulation of cell activation,regulation of multicellular organismal process,regulation of biological process,negative regulation of cell activation,regulation of platelet activation	regulation of coagulation,negative regulation of coagulation,regulation of blood coagulation,coagulation,negative regulation of blood coagulation,response to wounding,regulation of response to stress,blood coagulation,negative regulation of biological process,hemostasis,regulation of response to stimulus,wound healing,response to external stimulus,regulation of cellular process,negative regulation of response to stimulus,negative regulation of multicellular organismal process,negative regulation of response to external stimulus,regulation of body fluid levels,regulation of response to external stimulus,platelet activation,response to stimulus,multicellular organismal process,biological regulation,negative regulation of wound healing,regulation of biological quality,biological_process,regulation of wound healing,regulation of response to wounding,negative regulation of response to wounding,negative regulation of hemostasis,regulation of hemostasis,negative regulation of cellular process,response to stress,cellular process,cell activation,negative regulation of platelet activation,regulation of cell activation,regulation of multicellular organismal process,regulation of biological process,negative regulation of cell activation,regulation of platelet activation	negative regulation of platelet activation			regulation_of_coagulation
UniProtKB:P02649	Apolipoprotein E		GO:0030195		BHF-UCL	NCBITaxon:9606	IDA		PANTHER:PTHR18976	protein	UniProtKB:P02649	PMID:8995232	20080212	APOE	Homo sapiens	biological regulation,negative regulation of wound healing,biological_process,regulation of biological quality,regulation of wound healing,regulation of coagulation,negative regulation of coagulation,regulation of blood coagulation,regulation of response to wounding,negative regulation of blood coagulation,negative regulation of response to wounding,negative regulation of hemostasis,regulation of response to stress,regulation of hemostasis,negative regulation of biological process,regulation of response to stimulus,negative regulation of response to stimulus,negative regulation of multicellular organismal process,negative regulation of response to external stimulus,regulation of body fluid levels,regulation of response to external stimulus,regulation of multicellular organismal process,regulation of biological process	regulation of coagulation,negative regulation of coagulation,regulation of blood coagulation,negative regulation of blood coagulation,coagulation,response to wounding,regulation of response to stress,blood coagulation,negative regulation of biological process,hemostasis,regulation of response to stimulus,wound healing,response to external stimulus,negative regulation of response to stimulus,negative regulation of multicellular organismal process,negative regulation of response to external stimulus,regulation of body fluid levels,regulation of response to external stimulus,response to stimulus,multicellular organismal process,biological regulation,negative regulation of wound healing,biological_process,regulation of biological quality,regulation of wound healing,regulation of response to wounding,negative regulation of response to wounding,negative regulation of hemostasis,regulation of hemostasis,response to stress,regulation of multicellular organismal process,regulation of biological process	negative regulation of blood coagulation			regulation_of_coagulation
UniProtKB:Q9BXX0	EMILIN-2		GO:0030194		Ensembl	NCBITaxon:9606	IEA	UniProtKB:Q8K482,ensembl:ENSMUSP00000156446	PANTHER:PTHR15427	protein	UniProtKB:Q9BXX0	GO_REF:0000107	20250313	EMILIN2	Homo sapiens	biological regulation,biological_process,regulation of biological quality,positive regulation of wound healing,positive regulation of blood coagulation,regulation of wound healing,positive regulation of response to wounding,regulation of coagulation,regulation of blood coagulation,regulation of response to wounding,regulation of response to stress,regulation of hemostasis,positive regulation of hemostasis,positive regulation of biological process,positive regulation of response to stimulus,regulation of response to stimulus,positive regulation of multicellular organismal process,regulation of body fluid levels,regulation of response to external stimulus,regulation of multicellular organismal process,regulation of biological process,positive regulation of coagulation	positive regulation of blood coagulation,regulation of coagulation,regulation of blood coagulation,coagulation,response to wounding,regulation of response to stress,blood coagulation,positive regulation of biological process,hemostasis,positive regulation of response to stimulus,regulation of response to stimulus,wound healing,response to external stimulus,positive regulation of multicellular organismal process,regulation of body fluid levels,regulation of response to external stimulus,response to stimulus,multicellular organismal process,biological regulation,biological_process,regulation of biological quality,positive regulation of wound healing,regulation of wound healing,positive regulation of response to wounding,regulation of response to wounding,regulation of hemostasis,positive regulation of hemostasis,response to stress,regulation of multicellular organismal process,regulation of biological process,positive regulation of coagulation	positive regulation of blood coagulation			regulation_of_coagulation
UniProtKB:Q9BXX0	EMILIN-2		GO:0030194		ComplexPortal	NCBITaxon:9606	ISO	ComplexPortal:CPX-438	PANTHER:PTHR15427	protein	UniProtKB:Q9BXX0	GO_REF:0000114	20240823	EMILIN2	Homo sapiens	biological regulation,biological_process,regulation of biological quality,positive regulation of wound healing,positive regulation of blood coagulation,regulation of wound healing,positive regulation of response to wounding,regulation of coagulation,regulation of blood coagulation,regulation of response to wounding,regulation of response to stress,regulation of hemostasis,positive regulation of hemostasis,positive regulation of biological process,positive regulation of response to stimulus,regulation of response to stimulus,positive regulation of multicellular organismal process,regulation of body fluid levels,regulation of response to external stimulus,regulation of multicellular organismal process,regulation of biological process,positive regulation of coagulation	positive regulation of blood coagulation,regulation of coagulation,regulation of blood coagulation,coagulation,response to wounding,regulation of response to stress,blood coagulation,positive regulation of biological process,hemostasis,positive regulation of response to stimulus,regulation of response to stimulus,wound healing,response to external stimulus,positive regulation of multicellular organismal process,regulation of body fluid levels,regulation of response to external stimulus,response to stimulus,multicellular organismal process,biological regulation,biological_process,regulation of biological quality,positive regulation of wound healing,regulation of wound healing,positive regulation of response to wounding,regulation of response to wounding,regulation of hemostasis,positive regulation of hemostasis,response to stress,regulation of multicellular organismal process,regulation of biological process,positive regulation of coagulation	positive regulation of blood coagulation			regulation_of_coagulation
UniProtKB:Q8TE60	A disintegrin and metalloproteinase with thrombospondin motifs 18		GO:0090331		Ensembl	NCBITaxon:9606	IEA	UniProtKB:Q4VC17,ensembl:ENSMUSP00000090801	PANTHER:PTHR13723	protein	UniProtKB:Q8TE60	GO_REF:0000107	20250313	ADAMTS18	Homo sapiens	regulation of coagulation,regulation of cell-cell adhesion,negative regulation of coagulation,regulation of blood coagulation,negative regulation of homotypic cell-cell adhesion,negative regulation of platelet aggregation,negative regulation of cell-cell adhesion,regulation of homotypic cell-cell adhesion,negative regulation of blood coagulation,regulation of response to stress,regulation of platelet aggregation,negative regulation of biological process,regulation of response to stimulus,regulation of cellular process,negative regulation of response to stimulus,negative regulation of multicellular organismal process,negative regulation of response to external stimulus,regulation of body fluid levels,regulation of response to external stimulus,biological regulation,negative regulation of wound healing,regulation of biological quality,biological_process,regulation of wound healing,negative regulation of cell adhesion,regulation of response to wounding,negative regulation of response to wounding,negative regulation of hemostasis,regulation of hemostasis,negative regulation of cellular process,negative regulation of platelet activation,regulation of cell adhesion,regulation of cell activation,regulation of multicellular organismal process,regulation of biological process,negative regulation of cell activation,regulation of platelet activation	regulation of cell-cell adhesion,regulation of blood coagulation,negative regulation of homotypic cell-cell adhesion,negative regulation of platelet aggregation,negative regulation of cell-cell adhesion,regulation of homotypic cell-cell adhesion,negative regulation of blood coagulation,regulation of response to stress,regulation of platelet aggregation,negative regulation of biological process,wound healing,regulation of cellular process,negative regulation of multicellular organismal process,regulation of body fluid levels,homotypic cell-cell adhesion,platelet aggregation,biological regulation,negative regulation of wound healing,regulation of biological quality,biological_process,regulation of wound healing,negative regulation of cellular process,negative regulation of platelet activation,regulation of platelet activation,regulation of coagulation,negative regulation of coagulation,coagulation,response to wounding,cell adhesion,blood coagulation,hemostasis,regulation of response to stimulus,response to external stimulus,negative regulation of response to stimulus,negative regulation of response to external stimulus,regulation of response to external stimulus,platelet activation,response to stimulus,multicellular organismal process,negative regulation of cell adhesion,regulation of response to wounding,negative regulation of response to wounding,negative regulation of hemostasis,regulation of hemostasis,response to stress,cellular process,cell activation,regulation of cell adhesion,regulation of cell activation,regulation of multicellular organismal process,cell-cell adhesion,regulation of biological process,negative regulation of cell activation	negative regulation of platelet aggregation			regulation_of_coagulation
UniProtKB:Q8TE60	A disintegrin and metalloproteinase with thrombospondin motifs 18		GO:0090331		MGI	NCBITaxon:9606	IDA		PANTHER:PTHR13723	protein	UniProtKB:Q8TE60	PMID:19218546	20140509	ADAMTS18	Homo sapiens	regulation of coagulation,regulation of cell-cell adhesion,negative regulation of coagulation,regulation of blood coagulation,negative regulation of homotypic cell-cell adhesion,negative regulation of platelet aggregation,negative regulation of cell-cell adhesion,regulation of homotypic cell-cell adhesion,negative regulation of blood coagulation,regulation of response to stress,regulation of platelet aggregation,negative regulation of biological process,regulation of response to stimulus,regulation of cellular process,negative regulation of response to stimulus,negative regulation of multicellular organismal process,negative regulation of response to external stimulus,regulation of body fluid levels,regulation of response to external stimulus,biological regulation,negative regulation of wound healing,regulation of biological quality,biological_process,regulation of wound healing,negative regulation of cell adhesion,regulation of response to wounding,negative regulation of response to wounding,negative regulation of hemostasis,regulation of hemostasis,negative regulation of cellular process,negative regulation of platelet activation,regulation of cell adhesion,regulation of cell activation,regulation of multicellular organismal process,regulation of biological process,negative regulation of cell activation,regulation of platelet activation	regulation of cell-cell adhesion,regulation of blood coagulation,negative regulation of homotypic cell-cell adhesion,negative regulation of platelet aggregation,negative regulation of cell-cell adhesion,regulation of homotypic cell-cell adhesion,negative regulation of blood coagulation,regulation of response to stress,regulation of platelet aggregation,negative regulation of biological process,wound healing,regulation of cellular process,negative regulation of multicellular organismal process,regulation of body fluid levels,homotypic cell-cell adhesion,platelet aggregation,biological regulation,negative regulation of wound healing,regulation of biological quality,biological_process,regulation of wound healing,negative regulation of cellular process,negative regulation of platelet activation,regulation of platelet activation,regulation of coagulation,negative regulation of coagulation,coagulation,response to wounding,cell adhesion,blood coagulation,hemostasis,regulation of response to stimulus,response to external stimulus,negative regulation of response to stimulus,negative regulation of response to external stimulus,regulation of response to external stimulus,platelet activation,response to stimulus,multicellular organismal process,negative regulation of cell adhesion,regulation of response to wounding,negative regulation of response to wounding,negative regulation of hemostasis,regulation of hemostasis,response to stress,cellular process,cell activation,regulation of cell adhesion,regulation of cell activation,regulation of multicellular organismal process,cell-cell adhesion,regulation of biological process,negative regulation of cell activation	negative regulation of platelet aggregation			regulation_of_coagulation
UniProtKB:Q8TE60	A disintegrin and metalloproteinase with thrombospondin motifs 18		GO:0090331		UniProt	NCBITaxon:9606	IEA	ARBA:ARBA00086824	PANTHER:PTHR13723	protein	UniProtKB:Q8TE60	GO_REF:0000117	20250428	ADAMTS18	Homo sapiens	regulation of coagulation,regulation of cell-cell adhesion,negative regulation of coagulation,regulation of blood coagulation,negative regulation of homotypic cell-cell adhesion,negative regulation of platelet aggregation,negative regulation of cell-cell adhesion,regulation of homotypic cell-cell adhesion,negative regulation of blood coagulation,regulation of response to stress,regulation of platelet aggregation,negative regulation of biological process,regulation of response to stimulus,regulation of cellular process,negative regulation of response to stimulus,negative regulation of multicellular organismal process,negative regulation of response to external stimulus,regulation of body fluid levels,regulation of response to external stimulus,biological regulation,negative regulation of wound healing,regulation of biological quality,biological_process,regulation of wound healing,negative regulation of cell adhesion,regulation of response to wounding,negative regulation of response to wounding,negative regulation of hemostasis,regulation of hemostasis,negative regulation of cellular process,negative regulation of platelet activation,regulation of cell adhesion,regulation of cell activation,regulation of multicellular organismal process,regulation of biological process,negative regulation of cell activation,regulation of platelet activation	regulation of cell-cell adhesion,regulation of blood coagulation,negative regulation of homotypic cell-cell adhesion,negative regulation of platelet aggregation,negative regulation of cell-cell adhesion,regulation of homotypic cell-cell adhesion,negative regulation of blood coagulation,regulation of response to stress,regulation of platelet aggregation,negative regulation of biological process,wound healing,regulation of cellular process,negative regulation of multicellular organismal process,regulation of body fluid levels,homotypic cell-cell adhesion,platelet aggregation,biological regulation,negative regulation of wound healing,regulation of biological quality,biological_process,regulation of wound healing,negative regulation of cellular process,negative regulation of platelet activation,regulation of platelet activation,regulation of coagulation,negative regulation of coagulation,coagulation,response to wounding,cell adhesion,blood coagulation,hemostasis,regulation of response to stimulus,response to external stimulus,negative regulation of response to stimulus,negative regulation of response to external stimulus,regulation of response to external stimulus,platelet activation,response to stimulus,multicellular organismal process,negative regulation of cell adhesion,regulation of response to wounding,negative regulation of response to wounding,negative regulation of hemostasis,regulation of hemostasis,response to stress,cellular process,cell activation,regulation of cell adhesion,regulation of cell activation,regulation of multicellular organismal process,cell-cell adhesion,regulation of biological process,negative regulation of cell activation	negative regulation of platelet aggregation			regulation_of_coagulation
UniProtKB:P02776	Platelet factor 4		GO:0030195		UniProt	NCBITaxon:9606	IDA		PANTHER:PTHR12015	protein	UniProtKB:P02776	PMID:10761923	20240613	PF4	Homo sapiens	biological regulation,negative regulation of wound healing,biological_process,regulation of biological quality,regulation of wound healing,regulation of coagulation,negative regulation of coagulation,regulation of blood coagulation,regulation of response to wounding,negative regulation of blood coagulation,negative regulation of response to wounding,negative regulation of hemostasis,regulation of response to stress,regulation of hemostasis,negative regulation of biological process,regulation of response to stimulus,negative regulation of response to stimulus,negative regulation of multicellular organismal process,negative regulation of response to external stimulus,regulation of body fluid levels,regulation of response to external stimulus,regulation of multicellular organismal process,regulation of biological process	regulation of coagulation,negative regulation of coagulation,regulation of blood coagulation,negative regulation of blood coagulation,coagulation,response to wounding,regulation of response to stress,blood coagulation,negative regulation of biological process,hemostasis,regulation of response to stimulus,wound healing,response to external stimulus,negative regulation of response to stimulus,negative regulation of multicellular organismal process,negative regulation of response to external stimulus,regulation of body fluid levels,regulation of response to external stimulus,response to stimulus,multicellular organismal process,biological regulation,negative regulation of wound healing,biological_process,regulation of biological quality,regulation of wound healing,regulation of response to wounding,negative regulation of response to wounding,negative regulation of hemostasis,regulation of hemostasis,response to stress,regulation of multicellular organismal process,regulation of biological process	negative regulation of blood coagulation			regulation_of_coagulation
UniProtKB:P02776	Platelet factor 4		GO:0030195		UniProt	NCBITaxon:9606	TAS		PANTHER:PTHR12015	protein	UniProtKB:P02776	PMID:15005336	20240613	PF4	Homo sapiens	biological regulation,negative regulation of wound healing,biological_process,regulation of biological quality,regulation of wound healing,regulation of coagulation,negative regulation of coagulation,regulation of blood coagulation,regulation of response to wounding,negative regulation of blood coagulation,negative regulation of response to wounding,negative regulation of hemostasis,regulation of response to stress,regulation of hemostasis,negative regulation of biological process,regulation of response to stimulus,negative regulation of response to stimulus,negative regulation of multicellular organismal process,negative regulation of response to external stimulus,regulation of body fluid levels,regulation of response to external stimulus,regulation of multicellular organismal process,regulation of biological process	regulation of coagulation,negative regulation of coagulation,regulation of blood coagulation,negative regulation of blood coagulation,coagulation,response to wounding,regulation of response to stress,blood coagulation,negative regulation of biological process,hemostasis,regulation of response to stimulus,wound healing,response to external stimulus,negative regulation of response to stimulus,negative regulation of multicellular organismal process,negative regulation of response to external stimulus,regulation of body fluid levels,regulation of response to external stimulus,response to stimulus,multicellular organismal process,biological regulation,negative regulation of wound healing,biological_process,regulation of biological quality,regulation of wound healing,regulation of response to wounding,negative regulation of response to wounding,negative regulation of hemostasis,regulation of hemostasis,response to stress,regulation of multicellular organismal process,regulation of biological process	negative regulation of blood coagulation			regulation_of_coagulation
UniProtKB:P02776	Platelet factor 4		GO:0030195		UniProt	NCBITaxon:9606	IDA		PANTHER:PTHR12015	protein	UniProtKB:P02776	PMID:9395524	20240613	PF4	Homo sapiens	biological regulation,negative regulation of wound healing,biological_process,regulation of biological quality,regulation of wound healing,regulation of coagulation,negative regulation of coagulation,regulation of blood coagulation,regulation of response to wounding,negative regulation of blood coagulation,negative regulation of response to wounding,negative regulation of hemostasis,regulation of response to stress,regulation of hemostasis,negative regulation of biological process,regulation of response to stimulus,negative regulation of response to stimulus,negative regulation of multicellular organismal process,negative regulation of response to external stimulus,regulation of body fluid levels,regulation of response to external stimulus,regulation of multicellular organismal process,regulation of biological process	regulation of coagulation,negative regulation of coagulation,regulation of blood coagulation,negative regulation of blood coagulation,coagulation,response to wounding,regulation of response to stress,blood coagulation,negative regulation of biological process,hemostasis,regulation of response to stimulus,wound healing,response to external stimulus,negative regulation of response to stimulus,negative regulation of multicellular organismal process,negative regulation of response to external stimulus,regulation of body fluid levels,regulation of response to external stimulus,response to stimulus,multicellular organismal process,biological regulation,negative regulation of wound healing,biological_process,regulation of biological quality,regulation of wound healing,regulation of response to wounding,negative regulation of response to wounding,negative regulation of hemostasis,regulation of hemostasis,response to stress,regulation of multicellular organismal process,regulation of biological process	negative regulation of blood coagulation			regulation_of_coagulation
UniProtKB:P02749	Beta-2-glycoprotein 1		GO:0030193		Ensembl	NCBITaxon:9606	IEA	UniProtKB:Q01339,ensembl:ENSMUSP00000000049	PANTHER:PTHR19325	protein	UniProtKB:P02749	GO_REF:0000107	20250313	APOH	Homo sapiens	biological regulation,biological_process,regulation of biological quality,regulation of wound healing,regulation of coagulation,regulation of blood coagulation,regulation of response to wounding,regulation of response to stress,regulation of hemostasis,regulation of response to stimulus,regulation of body fluid levels,regulation of response to external stimulus,regulation of multicellular organismal process,regulation of biological process	biological regulation,biological_process,regulation of biological quality,regulation of wound healing,regulation of coagulation,regulation of blood coagulation,regulation of response to wounding,coagulation,response to wounding,regulation of response to stress,regulation of hemostasis,blood coagulation,hemostasis,response to stress,regulation of response to stimulus,wound healing,response to external stimulus,regulation of body fluid levels,regulation of response to external stimulus,regulation of multicellular organismal process,regulation of biological process,response to stimulus,multicellular organismal process	regulation of blood coagulation			regulation_of_coagulation
UniProtKB:P02749	Beta-2-glycoprotein 1		GO:0030194		BHF-UCL	NCBITaxon:9606	TAS		PANTHER:PTHR19325	protein	UniProtKB:P02749	PMID:16480936	20080402	APOH	Homo sapiens	biological regulation,biological_process,regulation of biological quality,positive regulation of wound healing,positive regulation of blood coagulation,regulation of wound healing,positive regulation of response to wounding,regulation of coagulation,regulation of blood coagulation,regulation of response to wounding,regulation of response to stress,regulation of hemostasis,positive regulation of hemostasis,positive regulation of biological process,positive regulation of response to stimulus,regulation of response to stimulus,positive regulation of multicellular organismal process,regulation of body fluid levels,regulation of response to external stimulus,regulation of multicellular organismal process,regulation of biological process,positive regulation of coagulation	positive regulation of blood coagulation,regulation of coagulation,regulation of blood coagulation,coagulation,response to wounding,regulation of response to stress,blood coagulation,positive regulation of biological process,hemostasis,positive regulation of response to stimulus,regulation of response to stimulus,wound healing,response to external stimulus,positive regulation of multicellular organismal process,regulation of body fluid levels,regulation of response to external stimulus,response to stimulus,multicellular organismal process,biological regulation,biological_process,regulation of biological quality,positive regulation of wound healing,regulation of wound healing,positive regulation of response to wounding,regulation of response to wounding,regulation of hemostasis,positive regulation of hemostasis,response to stress,regulation of multicellular organismal process,regulation of biological process,positive regulation of coagulation	positive regulation of blood coagulation			regulation_of_coagulation
UniProtKB:P02749	Beta-2-glycoprotein 1		GO:0030195		BHF-UCL	NCBITaxon:9606	IDA		PANTHER:PTHR19325	protein	UniProtKB:P02749	PMID:4052628	20080402	APOH	Homo sapiens	biological regulation,negative regulation of wound healing,biological_process,regulation of biological quality,regulation of wound healing,regulation of coagulation,negative regulation of coagulation,regulation of blood coagulation,regulation of response to wounding,negative regulation of blood coagulation,negative regulation of response to wounding,negative regulation of hemostasis,regulation of response to stress,regulation of hemostasis,negative regulation of biological process,regulation of response to stimulus,negative regulation of response to stimulus,negative regulation of multicellular organismal process,negative regulation of response to external stimulus,regulation of body fluid levels,regulation of response to external stimulus,regulation of multicellular organismal process,regulation of biological process	regulation of coagulation,negative regulation of coagulation,regulation of blood coagulation,negative regulation of blood coagulation,coagulation,response to wounding,regulation of response to stress,blood coagulation,negative regulation of biological process,hemostasis,regulation of response to stimulus,wound healing,response to external stimulus,negative regulation of response to stimulus,negative regulation of multicellular organismal process,negative regulation of response to external stimulus,regulation of body fluid levels,regulation of response to external stimulus,response to stimulus,multicellular organismal process,biological regulation,negative regulation of wound healing,biological_process,regulation of biological quality,regulation of wound healing,regulation of response to wounding,negative regulation of response to wounding,negative regulation of hemostasis,regulation of hemostasis,response to stress,regulation of multicellular organismal process,regulation of biological process	negative regulation of blood coagulation			regulation_of_coagulation
UniProtKB:P02749	Beta-2-glycoprotein 1		GO:0051917		BHF-UCL	NCBITaxon:9606	IDA		PANTHER:PTHR19325	protein	UniProtKB:P02749	PMID:16480936	20080402	APOH	Homo sapiens	biological regulation,biological_process,regulation of biological quality,regulation of wound healing,regulation of coagulation,regulation of blood coagulation,regulation of response to wounding,regulation of fibrinolysis,regulation of response to stress,regulation of hemostasis,regulation of response to stimulus,regulation of body fluid levels,regulation of response to external stimulus,regulation of multicellular organismal process,regulation of biological process	regulation of coagulation,negative regulation of coagulation,regulation of blood coagulation,negative regulation of blood coagulation,coagulation,response to wounding,regulation of response to stress,blood coagulation,negative regulation of biological process,fibrinolysis,hemostasis,regulation of response to stimulus,wound healing,response to external stimulus,negative regulation of response to stimulus,negative regulation of multicellular organismal process,negative regulation of response to external stimulus,regulation of body fluid levels,regulation of response to external stimulus,response to stimulus,multicellular organismal process,biological regulation,negative regulation of wound healing,biological_process,regulation of biological quality,regulation of wound healing,regulation of response to wounding,regulation of fibrinolysis,negative regulation of response to wounding,negative regulation of hemostasis,regulation of hemostasis,response to stress,regulation of multicellular organismal process,regulation of biological process	regulation of fibrinolysis			regulation_of_coagulation
UniProtKB:P02749	Beta-2-glycoprotein 1		GO:0051918		BHF-UCL	NCBITaxon:9606	IDA		PANTHER:PTHR19325	protein	UniProtKB:P02749	PMID:14726399	20080402	APOH	Homo sapiens	regulation of coagulation,positive regulation of blood coagulation,regulation of blood coagulation,regulation of response to stress,negative regulation of biological process,positive regulation of biological process,positive regulation of response to stimulus,regulation of response to stimulus,positive regulation of multicellular organismal process,positive regulation of response to external stimulus,regulation of body fluid levels,regulation of response to external stimulus,biological regulation,regulation of biological quality,biological_process,positive regulation of wound healing,negative regulation of fibrinolysis,regulation of wound healing,positive regulation of response to wounding,regulation of response to wounding,regulation of fibrinolysis,regulation of hemostasis,positive regulation of hemostasis,regulation of multicellular organismal process,regulation of biological process,positive regulation of coagulation	regulation of coagulation,positive regulation of blood coagulation,negative regulation of coagulation,regulation of blood coagulation,coagulation,negative regulation of blood coagulation,response to wounding,regulation of response to stress,blood coagulation,negative regulation of biological process,fibrinolysis,positive regulation of biological process,hemostasis,positive regulation of response to stimulus,regulation of response to stimulus,wound healing,response to external stimulus,positive regulation of multicellular organismal process,negative regulation of response to stimulus,negative regulation of multicellular organismal process,negative regulation of response to external stimulus,positive regulation of response to external stimulus,regulation of body fluid levels,regulation of response to external stimulus,response to stimulus,multicellular organismal process,biological regulation,negative regulation of wound healing,regulation of biological quality,biological_process,positive regulation of wound healing,negative regulation of fibrinolysis,regulation of wound healing,positive regulation of response to wounding,regulation of response to wounding,regulation of fibrinolysis,negative regulation of response to wounding,negative regulation of hemostasis,regulation of hemostasis,positive regulation of hemostasis,response to stress,regulation of multicellular organismal process,regulation of biological process,positive regulation of coagulation	negative regulation of fibrinolysis			regulation_of_coagulation
ComplexPortal:CPX-436	EMILIN-2 complex		GO:0030194		ComplexPortal	NCBITaxon:9606	ISO	ComplexPortal:CPX-438		protein_complex		GO_REF:0000114	20240823	emilin2_human	Homo sapiens	biological regulation,biological_process,regulation of biological quality,positive regulation of wound healing,positive regulation of blood coagulation,regulation of wound healing,positive regulation of response to wounding,regulation of coagulation,regulation of blood coagulation,regulation of response to wounding,regulation of response to stress,regulation of hemostasis,positive regulation of hemostasis,positive regulation of biological process,positive regulation of response to stimulus,regulation of response to stimulus,positive regulation of multicellular organismal process,regulation of body fluid levels,regulation of response to external stimulus,regulation of multicellular organismal process,regulation of biological process,positive regulation of coagulation	positive regulation of blood coagulation,regulation of coagulation,regulation of blood coagulation,coagulation,response to wounding,regulation of response to stress,blood coagulation,positive regulation of biological process,hemostasis,positive regulation of response to stimulus,regulation of response to stimulus,wound healing,response to external stimulus,positive regulation of multicellular organismal process,regulation of body fluid levels,regulation of response to external stimulus,response to stimulus,multicellular organismal process,biological regulation,biological_process,regulation of biological quality,positive regulation of wound healing,regulation of wound healing,positive regulation of response to wounding,regulation of response to wounding,regulation of hemostasis,positive regulation of hemostasis,response to stress,regulation of multicellular organismal process,regulation of biological process,positive regulation of coagulation	positive regulation of blood coagulation			regulation_of_coagulation
ComplexPortal:CPX-6224	Active Protein C complex		GO:0030195		ComplexPortal	NCBITaxon:9606	IDA			protein_complex		PMID:25651845	20240823	proc_human-1	Homo sapiens	biological regulation,negative regulation of wound healing,biological_process,regulation of biological quality,regulation of wound healing,regulation of coagulation,negative regulation of coagulation,regulation of blood coagulation,regulation of response to wounding,negative regulation of blood coagulation,negative regulation of response to wounding,negative regulation of hemostasis,regulation of response to stress,regulation of hemostasis,negative regulation of biological process,regulation of response to stimulus,negative regulation of response to stimulus,negative regulation of multicellular organismal process,negative regulation of response to external stimulus,regulation of body fluid levels,regulation of response to external stimulus,regulation of multicellular organismal process,regulation of biological process	regulation of coagulation,negative regulation of coagulation,regulation of blood coagulation,negative regulation of blood coagulation,coagulation,response to wounding,regulation of response to stress,blood coagulation,negative regulation of biological process,hemostasis,regulation of response to stimulus,wound healing,response to external stimulus,negative regulation of response to stimulus,negative regulation of multicellular organismal process,negative regulation of response to external stimulus,regulation of body fluid levels,regulation of response to external stimulus,response to stimulus,multicellular organismal process,biological regulation,negative regulation of wound healing,biological_process,regulation of biological quality,regulation of wound healing,regulation of response to wounding,negative regulation of response to wounding,negative regulation of hemostasis,regulation of hemostasis,response to stress,regulation of multicellular organismal process,regulation of biological process	negative regulation of blood coagulation			regulation_of_coagulation
ComplexPortal:CPX-6223	Thrombin-Thrombomodulin complex		GO:0030195		ComplexPortal	NCBITaxon:9606	NAS			protein_complex		PMID:12524220	20240823	f2-thbd_human	Homo sapiens	biological regulation,negative regulation of wound healing,biological_process,regulation of biological quality,regulation of wound healing,regulation of coagulation,negative regulation of coagulation,regulation of blood coagulation,regulation of response to wounding,negative regulation of blood coagulation,negative regulation of response to wounding,negative regulation of hemostasis,regulation of response to stress,regulation of hemostasis,negative regulation of biological process,regulation of response to stimulus,negative regulation of response to stimulus,negative regulation of multicellular organismal process,negative regulation of response to external stimulus,regulation of body fluid levels,regulation of response to external stimulus,regulation of multicellular organismal process,regulation of biological process	regulation of coagulation,negative regulation of coagulation,regulation of blood coagulation,negative regulation of blood coagulation,coagulation,response to wounding,regulation of response to stress,blood coagulation,negative regulation of biological process,hemostasis,regulation of response to stimulus,wound healing,response to external stimulus,negative regulation of response to stimulus,negative regulation of multicellular organismal process,negative regulation of response to external stimulus,regulation of body fluid levels,regulation of response to external stimulus,response to stimulus,multicellular organismal process,biological regulation,negative regulation of wound healing,biological_process,regulation of biological quality,regulation of wound healing,regulation of response to wounding,negative regulation of response to wounding,negative regulation of hemostasis,regulation of hemostasis,response to stress,regulation of multicellular organismal process,regulation of biological process	negative regulation of blood coagulation			regulation_of_coagulation
UniProtKB:Q9BQB6	Vitamin K epoxide reductase complex subunit 1		GO:0050820		Ensembl	NCBITaxon:9606	IEA	UniProtKB:Q9CRC0,ensembl:ENSMUSP00000033074	PANTHER:PTHR14519	protein	UniProtKB:Q9BQB6	GO_REF:0000107	20250313	VKORC1	Homo sapiens	biological regulation,biological_process,regulation of coagulation,positive regulation of multicellular organismal process,regulation of multicellular organismal process,regulation of biological process,positive regulation of biological process,positive regulation of coagulation	biological regulation,biological_process,regulation of coagulation,positive regulation of multicellular organismal process,coagulation,regulation of multicellular organismal process,regulation of biological process,positive regulation of biological process,positive regulation of coagulation,multicellular organismal process	positive regulation of coagulation			regulation_of_coagulation
UniProtKB:P29474	Nitric oxide synthase 3		GO:0010544		BHF-UCL	NCBITaxon:9606	NAS		PANTHER:PTHR19384	protein	UniProtKB:P29474	PMID:7504210	20080725	NOS3	Homo sapiens	regulation of coagulation,negative regulation of coagulation,regulation of blood coagulation,negative regulation of blood coagulation,regulation of response to stress,negative regulation of biological process,regulation of response to stimulus,regulation of cellular process,negative regulation of response to stimulus,negative regulation of multicellular organismal process,negative regulation of response to external stimulus,regulation of body fluid levels,regulation of response to external stimulus,biological regulation,negative regulation of wound healing,regulation of biological quality,biological_process,regulation of wound healing,regulation of response to wounding,negative regulation of response to wounding,negative regulation of hemostasis,regulation of hemostasis,negative regulation of cellular process,negative regulation of platelet activation,regulation of cell activation,regulation of multicellular organismal process,regulation of biological process,negative regulation of cell activation,regulation of platelet activation	regulation of coagulation,negative regulation of coagulation,regulation of blood coagulation,coagulation,negative regulation of blood coagulation,response to wounding,regulation of response to stress,blood coagulation,negative regulation of biological process,hemostasis,regulation of response to stimulus,wound healing,response to external stimulus,regulation of cellular process,negative regulation of response to stimulus,negative regulation of multicellular organismal process,negative regulation of response to external stimulus,regulation of body fluid levels,regulation of response to external stimulus,platelet activation,response to stimulus,multicellular organismal process,biological regulation,negative regulation of wound healing,regulation of biological quality,biological_process,regulation of wound healing,regulation of response to wounding,negative regulation of response to wounding,negative regulation of hemostasis,regulation of hemostasis,negative regulation of cellular process,response to stress,cellular process,cell activation,negative regulation of platelet activation,regulation of cell activation,regulation of multicellular organismal process,regulation of biological process,negative regulation of cell activation,regulation of platelet activation	negative regulation of platelet activation			regulation_of_coagulation
ComplexPortal:CPX-2808	Coagulation factor VIIa - tissue factor complex		GO:0002543		ComplexPortal	NCBITaxon:9606	NAS			protein_complex		PMID:18640965	20241126	f3-f7_human	Homo sapiens	regulation of coagulation,positive regulation of blood coagulation,regulation of blood coagulation,regulation of response to stress,positive regulation of biological process,positive regulation of response to stimulus,regulation of response to stimulus,inflammatory response,positive regulation of multicellular organismal process,regulation of body fluid levels,regulation of response to external stimulus,response to stimulus,biological regulation,regulation of biological quality,biological_process,positive regulation of wound healing,regulation of wound healing,positive regulation of response to wounding,regulation of response to wounding,regulation of hemostasis,positive regulation of hemostasis,defense response,response to stress,activation of blood coagulation via clotting cascade,acute inflammatory response,regulation of multicellular organismal process,regulation of biological process,positive regulation of coagulation	regulation of coagulation,positive regulation of blood coagulation,regulation of blood coagulation,coagulation,response to wounding,regulation of response to stress,blood coagulation,positive regulation of biological process,hemostasis,positive regulation of response to stimulus,regulation of response to stimulus,wound healing,inflammatory response,response to external stimulus,positive regulation of multicellular organismal process,regulation of body fluid levels,regulation of response to external stimulus,response to stimulus,multicellular organismal process,biological regulation,regulation of biological quality,biological_process,positive regulation of wound healing,regulation of wound healing,positive regulation of response to wounding,regulation of response to wounding,regulation of hemostasis,positive regulation of hemostasis,defense response,response to stress,activation of blood coagulation via clotting cascade,acute inflammatory response,regulation of multicellular organismal process,regulation of biological process,positive regulation of coagulation	activation of blood coagulation via clotting cascade			regulation_of_coagulation
UniProtKB:Q13976	cGMP-dependent protein kinase 1		GO:0090331		UniProt	NCBITaxon:9606	IMP		PANTHER:PTHR24353	protein	UniProtKB:Q13976	PMID:16990611	20111115	PRKG1	Homo sapiens	regulation of coagulation,regulation of cell-cell adhesion,negative regulation of coagulation,regulation of blood coagulation,negative regulation of homotypic cell-cell adhesion,negative regulation of platelet aggregation,negative regulation of cell-cell adhesion,regulation of homotypic cell-cell adhesion,negative regulation of blood coagulation,regulation of response to stress,regulation of platelet aggregation,negative regulation of biological process,regulation of response to stimulus,regulation of cellular process,negative regulation of response to stimulus,negative regulation of multicellular organismal process,negative regulation of response to external stimulus,regulation of body fluid levels,regulation of response to external stimulus,biological regulation,negative regulation of wound healing,regulation of biological quality,biological_process,regulation of wound healing,negative regulation of cell adhesion,regulation of response to wounding,negative regulation of response to wounding,negative regulation of hemostasis,regulation of hemostasis,negative regulation of cellular process,negative regulation of platelet activation,regulation of cell adhesion,regulation of cell activation,regulation of multicellular organismal process,regulation of biological process,negative regulation of cell activation,regulation of platelet activation	regulation of cell-cell adhesion,regulation of blood coagulation,negative regulation of homotypic cell-cell adhesion,negative regulation of platelet aggregation,negative regulation of cell-cell adhesion,regulation of homotypic cell-cell adhesion,negative regulation of blood coagulation,regulation of response to stress,regulation of platelet aggregation,negative regulation of biological process,wound healing,regulation of cellular process,negative regulation of multicellular organismal process,regulation of body fluid levels,homotypic cell-cell adhesion,platelet aggregation,biological regulation,negative regulation of wound healing,regulation of biological quality,biological_process,regulation of wound healing,negative regulation of cellular process,negative regulation of platelet activation,regulation of platelet activation,regulation of coagulation,negative regulation of coagulation,coagulation,response to wounding,cell adhesion,blood coagulation,hemostasis,regulation of response to stimulus,response to external stimulus,negative regulation of response to stimulus,negative regulation of response to external stimulus,regulation of response to external stimulus,platelet activation,response to stimulus,multicellular organismal process,negative regulation of cell adhesion,regulation of response to wounding,negative regulation of response to wounding,negative regulation of hemostasis,regulation of hemostasis,response to stress,cellular process,cell activation,regulation of cell adhesion,regulation of cell activation,regulation of multicellular organismal process,cell-cell adhesion,regulation of biological process,negative regulation of cell activation	negative regulation of platelet aggregation			regulation_of_coagulation
UniProtKB:P04070	Vitamin K-dependent protein C		GO:0030195		UniProt	NCBITaxon:9606	TAS		PANTHER:PTHR24278	protein	UniProtKB:P04070	PMID:15005336	20040513	PROC	Homo sapiens	biological regulation,negative regulation of wound healing,biological_process,regulation of biological quality,regulation of wound healing,regulation of coagulation,negative regulation of coagulation,regulation of blood coagulation,regulation of response to wounding,negative regulation of blood coagulation,negative regulation of response to wounding,negative regulation of hemostasis,regulation of response to stress,regulation of hemostasis,negative regulation of biological process,regulation of response to stimulus,negative regulation of response to stimulus,negative regulation of multicellular organismal process,negative regulation of response to external stimulus,regulation of body fluid levels,regulation of response to external stimulus,regulation of multicellular organismal process,regulation of biological process	regulation of coagulation,negative regulation of coagulation,regulation of blood coagulation,negative regulation of blood coagulation,coagulation,response to wounding,regulation of response to stress,blood coagulation,negative regulation of biological process,hemostasis,regulation of response to stimulus,wound healing,response to external stimulus,negative regulation of response to stimulus,negative regulation of multicellular organismal process,negative regulation of response to external stimulus,regulation of body fluid levels,regulation of response to external stimulus,response to stimulus,multicellular organismal process,biological regulation,negative regulation of wound healing,biological_process,regulation of biological quality,regulation of wound healing,regulation of response to wounding,negative regulation of response to wounding,negative regulation of hemostasis,regulation of hemostasis,response to stress,regulation of multicellular organismal process,regulation of biological process	negative regulation of blood coagulation			regulation_of_coagulation
UniProtKB:P04070	Vitamin K-dependent protein C		GO:0050819		UniProt	NCBITaxon:9606	IEA	ARBA:ARBA00091769	PANTHER:PTHR24278	protein	UniProtKB:P04070	GO_REF:0000117	20250428	PROC	Homo sapiens	biological regulation,biological_process,regulation of coagulation,negative regulation of coagulation,negative regulation of multicellular organismal process,negative regulation of biological process,regulation of multicellular organismal process,regulation of biological process	biological regulation,biological_process,regulation of coagulation,negative regulation of coagulation,coagulation,negative regulation of multicellular organismal process,negative regulation of biological process,regulation of multicellular organismal process,regulation of biological process,multicellular organismal process	negative regulation of coagulation			regulation_of_coagulation
UniProtKB:P04070	Vitamin K-dependent protein C		GO:0050819		UniProt	NCBITaxon:9606	IMP		PANTHER:PTHR24278	protein	UniProtKB:P04070	PMID:25651845	20150926	PROC	Homo sapiens	biological regulation,biological_process,regulation of coagulation,negative regulation of coagulation,negative regulation of multicellular organismal process,negative regulation of biological process,regulation of multicellular organismal process,regulation of biological process	biological regulation,biological_process,regulation of coagulation,negative regulation of coagulation,coagulation,negative regulation of multicellular organismal process,negative regulation of biological process,regulation of multicellular organismal process,regulation of biological process,multicellular organismal process	negative regulation of coagulation			regulation_of_coagulation
UniProtKB:P04264	Keratin, type II cytoskeletal 1		GO:0042730		UniProt	NCBITaxon:9606	NAS		PANTHER:PTHR45616	protein	UniProtKB:P04264	PMID:11290596	20040820	KRT1	Homo sapiens	biological regulation,negative regulation of wound healing,regulation of biological quality,biological_process,regulation of wound healing,regulation of coagulation,negative regulation of coagulation,regulation of blood coagulation,regulation of response to wounding,negative regulation of response to wounding,negative regulation of blood coagulation,negative regulation of hemostasis,regulation of response to stress,regulation of hemostasis,fibrinolysis,negative regulation of biological process,regulation of response to stimulus,negative regulation of response to stimulus,negative regulation of multicellular organismal process,negative regulation of response to external stimulus,regulation of body fluid levels,regulation of response to external stimulus,regulation of multicellular organismal process,regulation of biological process	regulation of coagulation,negative regulation of coagulation,regulation of blood coagulation,coagulation,negative regulation of blood coagulation,response to wounding,regulation of response to stress,blood coagulation,fibrinolysis,negative regulation of biological process,hemostasis,regulation of response to stimulus,wound healing,response to external stimulus,negative regulation of response to stimulus,negative regulation of multicellular organismal process,negative regulation of response to external stimulus,regulation of body fluid levels,regulation of response to external stimulus,response to stimulus,multicellular organismal process,biological regulation,negative regulation of wound healing,regulation of biological quality,biological_process,regulation of wound healing,regulation of response to wounding,negative regulation of response to wounding,negative regulation of hemostasis,regulation of hemostasis,response to stress,regulation of multicellular organismal process,regulation of biological process	fibrinolysis			regulation_of_coagulation
RNAcentral:URS000013D17D_9606	Homo sapiens (human) hsa-miR-19b-3p		GO:0050819		BHF-UCL	NCBITaxon:9606	IDA			miRNA		PMID:24998411	20160617	URS000013D17D_9606	Homo sapiens	biological regulation,biological_process,regulation of coagulation,negative regulation of coagulation,negative regulation of multicellular organismal process,negative regulation of biological process,regulation of multicellular organismal process,regulation of biological process	biological regulation,biological_process,regulation of coagulation,negative regulation of coagulation,coagulation,negative regulation of multicellular organismal process,negative regulation of biological process,regulation of multicellular organismal process,regulation of biological process,multicellular organismal process	negative regulation of coagulation			regulation_of_coagulation
UniProtKB:P04196	Histidine-rich glycoprotein		GO:0030193		UniProt	NCBITaxon:9606	IDA		PANTHER:PTHR13814	protein	UniProtKB:P04196	PMID:21304106	20110815	HRG	Homo sapiens	biological regulation,biological_process,regulation of biological quality,regulation of wound healing,regulation of coagulation,regulation of blood coagulation,regulation of response to wounding,regulation of response to stress,regulation of hemostasis,regulation of response to stimulus,regulation of body fluid levels,regulation of response to external stimulus,regulation of multicellular organismal process,regulation of biological process	biological regulation,biological_process,regulation of biological quality,regulation of wound healing,regulation of coagulation,regulation of blood coagulation,regulation of response to wounding,coagulation,response to wounding,regulation of response to stress,regulation of hemostasis,blood coagulation,hemostasis,response to stress,regulation of response to stimulus,wound healing,response to external stimulus,regulation of body fluid levels,regulation of response to external stimulus,regulation of multicellular organismal process,regulation of biological process,response to stimulus,multicellular organismal process	regulation of blood coagulation			regulation_of_coagulation
UniProtKB:P04196	Histidine-rich glycoprotein		GO:0030193		UniProt	NCBITaxon:9606	IDA		PANTHER:PTHR13814	protein	UniProtKB:P04196	PMID:6740558	20110815	HRG	Homo sapiens	biological regulation,biological_process,regulation of biological quality,regulation of wound healing,regulation of coagulation,regulation of blood coagulation,regulation of response to wounding,regulation of response to stress,regulation of hemostasis,regulation of response to stimulus,regulation of body fluid levels,regulation of response to external stimulus,regulation of multicellular organismal process,regulation of biological process	biological regulation,biological_process,regulation of biological quality,regulation of wound healing,regulation of coagulation,regulation of blood coagulation,regulation of response to wounding,coagulation,response to wounding,regulation of response to stress,regulation of hemostasis,blood coagulation,hemostasis,response to stress,regulation of response to stimulus,wound healing,response to external stimulus,regulation of body fluid levels,regulation of response to external stimulus,regulation of multicellular organismal process,regulation of biological process,response to stimulus,multicellular organismal process	regulation of blood coagulation			regulation_of_coagulation
UniProtKB:P04196	Histidine-rich glycoprotein		GO:0042730		UniProt	NCBITaxon:9606	IEA	UniProtKB-KW:KW-0280	PANTHER:PTHR13814	protein	UniProtKB:P04196	GO_REF:0000043	20250428	HRG	Homo sapiens	biological regulation,negative regulation of wound healing,regulation of biological quality,biological_process,regulation of wound healing,regulation of coagulation,negative regulation of coagulation,regulation of blood coagulation,regulation of response to wounding,negative regulation of response to wounding,negative regulation of blood coagulation,negative regulation of hemostasis,regulation of response to stress,regulation of hemostasis,fibrinolysis,negative regulation of biological process,regulation of response to stimulus,negative regulation of response to stimulus,negative regulation of multicellular organismal process,negative regulation of response to external stimulus,regulation of body fluid levels,regulation of response to external stimulus,regulation of multicellular organismal process,regulation of biological process	regulation of coagulation,negative regulation of coagulation,regulation of blood coagulation,coagulation,negative regulation of blood coagulation,response to wounding,regulation of response to stress,blood coagulation,fibrinolysis,negative regulation of biological process,hemostasis,regulation of response to stimulus,wound healing,response to external stimulus,negative regulation of response to stimulus,negative regulation of multicellular organismal process,negative regulation of response to external stimulus,regulation of body fluid levels,regulation of response to external stimulus,response to stimulus,multicellular organismal process,biological regulation,negative regulation of wound healing,regulation of biological quality,biological_process,regulation of wound healing,regulation of response to wounding,negative regulation of response to wounding,negative regulation of hemostasis,regulation of hemostasis,response to stress,regulation of multicellular organismal process,regulation of biological process	fibrinolysis			regulation_of_coagulation
UniProtKB:P04196	Histidine-rich glycoprotein		GO:0051918		GO_Central	NCBITaxon:9606	IBA	PANTHER:PTN001418583,MGI:MGI:2146636	PANTHER:PTHR13814	protein		GO_REF:0000033	20170228	HRG	Homo sapiens	regulation of coagulation,positive regulation of blood coagulation,regulation of blood coagulation,regulation of response to stress,negative regulation of biological process,positive regulation of biological process,positive regulation of response to stimulus,regulation of response to stimulus,positive regulation of multicellular organismal process,positive regulation of response to external stimulus,regulation of body fluid levels,regulation of response to external stimulus,biological regulation,regulation of biological quality,biological_process,positive regulation of wound healing,negative regulation of fibrinolysis,regulation of wound healing,positive regulation of response to wounding,regulation of response to wounding,regulation of fibrinolysis,regulation of hemostasis,positive regulation of hemostasis,regulation of multicellular organismal process,regulation of biological process,positive regulation of coagulation	regulation of coagulation,positive regulation of blood coagulation,negative regulation of coagulation,regulation of blood coagulation,coagulation,negative regulation of blood coagulation,response to wounding,regulation of response to stress,blood coagulation,negative regulation of biological process,fibrinolysis,positive regulation of biological process,hemostasis,positive regulation of response to stimulus,regulation of response to stimulus,wound healing,response to external stimulus,positive regulation of multicellular organismal process,negative regulation of response to stimulus,negative regulation of multicellular organismal process,negative regulation of response to external stimulus,positive regulation of response to external stimulus,regulation of body fluid levels,regulation of response to external stimulus,response to stimulus,multicellular organismal process,biological regulation,negative regulation of wound healing,regulation of biological quality,biological_process,positive regulation of wound healing,negative regulation of fibrinolysis,regulation of wound healing,positive regulation of response to wounding,regulation of response to wounding,regulation of fibrinolysis,negative regulation of response to wounding,negative regulation of hemostasis,regulation of hemostasis,positive regulation of hemostasis,response to stress,regulation of multicellular organismal process,regulation of biological process,positive regulation of coagulation	negative regulation of fibrinolysis			regulation_of_coagulation
UniProtKB:O15123	Angiopoietin-2		GO:0030195		UniProt	NCBITaxon:9606	IDA		PANTHER:PTHR19143	protein	UniProtKB:O15123	PMID:10761923	20240613	ANGPT2	Homo sapiens	biological regulation,negative regulation of wound healing,biological_process,regulation of biological quality,regulation of wound healing,regulation of coagulation,negative regulation of coagulation,regulation of blood coagulation,regulation of response to wounding,negative regulation of blood coagulation,negative regulation of response to wounding,negative regulation of hemostasis,regulation of response to stress,regulation of hemostasis,negative regulation of biological process,regulation of response to stimulus,negative regulation of response to stimulus,negative regulation of multicellular organismal process,negative regulation of response to external stimulus,regulation of body fluid levels,regulation of response to external stimulus,regulation of multicellular organismal process,regulation of biological process	regulation of coagulation,negative regulation of coagulation,regulation of blood coagulation,negative regulation of blood coagulation,coagulation,response to wounding,regulation of response to stress,blood coagulation,negative regulation of biological process,hemostasis,regulation of response to stimulus,wound healing,response to external stimulus,negative regulation of response to stimulus,negative regulation of multicellular organismal process,negative regulation of response to external stimulus,regulation of body fluid levels,regulation of response to external stimulus,response to stimulus,multicellular organismal process,biological regulation,negative regulation of wound healing,biological_process,regulation of biological quality,regulation of wound healing,regulation of response to wounding,negative regulation of response to wounding,negative regulation of hemostasis,regulation of hemostasis,response to stress,regulation of multicellular organismal process,regulation of biological process	negative regulation of blood coagulation			regulation_of_coagulation
UniProtKB:O15123	Angiopoietin-2		GO:0030195		UniProt	NCBITaxon:9606	TAS		PANTHER:PTHR19143	protein	UniProtKB:O15123	PMID:15005336	20240613	ANGPT2	Homo sapiens	biological regulation,negative regulation of wound healing,biological_process,regulation of biological quality,regulation of wound healing,regulation of coagulation,negative regulation of coagulation,regulation of blood coagulation,regulation of response to wounding,negative regulation of blood coagulation,negative regulation of response to wounding,negative regulation of hemostasis,regulation of response to stress,regulation of hemostasis,negative regulation of biological process,regulation of response to stimulus,negative regulation of response to stimulus,negative regulation of multicellular organismal process,negative regulation of response to external stimulus,regulation of body fluid levels,regulation of response to external stimulus,regulation of multicellular organismal process,regulation of biological process	regulation of coagulation,negative regulation of coagulation,regulation of blood coagulation,negative regulation of blood coagulation,coagulation,response to wounding,regulation of response to stress,blood coagulation,negative regulation of biological process,hemostasis,regulation of response to stimulus,wound healing,response to external stimulus,negative regulation of response to stimulus,negative regulation of multicellular organismal process,negative regulation of response to external stimulus,regulation of body fluid levels,regulation of response to external stimulus,response to stimulus,multicellular organismal process,biological regulation,negative regulation of wound healing,biological_process,regulation of biological quality,regulation of wound healing,regulation of response to wounding,negative regulation of response to wounding,negative regulation of hemostasis,regulation of hemostasis,response to stress,regulation of multicellular organismal process,regulation of biological process	negative regulation of blood coagulation			regulation_of_coagulation
UniProtKB:O15123	Angiopoietin-2		GO:0050820		UniProt	NCBITaxon:9606	IDA		PANTHER:PTHR19143	protein	UniProtKB:O15123	PMID:29323190	20240613	ANGPT2	Homo sapiens	biological regulation,biological_process,regulation of coagulation,positive regulation of multicellular organismal process,regulation of multicellular organismal process,regulation of biological process,positive regulation of biological process,positive regulation of coagulation	biological regulation,biological_process,regulation of coagulation,positive regulation of multicellular organismal process,coagulation,regulation of multicellular organismal process,regulation of biological process,positive regulation of biological process,positive regulation of coagulation,multicellular organismal process	positive regulation of coagulation			regulation_of_coagulation
UniProtKB:Q03405	Urokinase plasminogen activator surface receptor		GO:0051917		ComplexPortal	NCBITaxon:9606	NAS		PANTHER:PTHR10624	protein	UniProtKB:Q03405	PMID:3920216	20250127	PLAUR	Homo sapiens	biological regulation,biological_process,regulation of biological quality,regulation of wound healing,regulation of coagulation,regulation of blood coagulation,regulation of response to wounding,regulation of fibrinolysis,regulation of response to stress,regulation of hemostasis,regulation of response to stimulus,regulation of body fluid levels,regulation of response to external stimulus,regulation of multicellular organismal process,regulation of biological process	regulation of coagulation,negative regulation of coagulation,regulation of blood coagulation,negative regulation of blood coagulation,coagulation,response to wounding,regulation of response to stress,blood coagulation,negative regulation of biological process,fibrinolysis,hemostasis,regulation of response to stimulus,wound healing,response to external stimulus,negative regulation of response to stimulus,negative regulation of multicellular organismal process,negative regulation of response to external stimulus,regulation of body fluid levels,regulation of response to external stimulus,response to stimulus,multicellular organismal process,biological regulation,negative regulation of wound healing,biological_process,regulation of biological quality,regulation of wound healing,regulation of response to wounding,regulation of fibrinolysis,negative regulation of response to wounding,negative regulation of hemostasis,regulation of hemostasis,response to stress,regulation of multicellular organismal process,regulation of biological process	regulation of fibrinolysis			regulation_of_coagulation
UniProtKB:Q9UQQ2	SH2B adapter protein 3		GO:0090331		Ensembl	NCBITaxon:9606	IEA	UniProtKB:O09039,ensembl:ENSMUSP00000083490	PANTHER:PTHR10872	protein	UniProtKB:Q9UQQ2	GO_REF:0000107	20250313	SH2B3	Homo sapiens	regulation of coagulation,regulation of cell-cell adhesion,negative regulation of coagulation,regulation of blood coagulation,negative regulation of homotypic cell-cell adhesion,negative regulation of platelet aggregation,negative regulation of cell-cell adhesion,regulation of homotypic cell-cell adhesion,negative regulation of blood coagulation,regulation of response to stress,regulation of platelet aggregation,negative regulation of biological process,regulation of response to stimulus,regulation of cellular process,negative regulation of response to stimulus,negative regulation of multicellular organismal process,negative regulation of response to external stimulus,regulation of body fluid levels,regulation of response to external stimulus,biological regulation,negative regulation of wound healing,regulation of biological quality,biological_process,regulation of wound healing,negative regulation of cell adhesion,regulation of response to wounding,negative regulation of response to wounding,negative regulation of hemostasis,regulation of hemostasis,negative regulation of cellular process,negative regulation of platelet activation,regulation of cell adhesion,regulation of cell activation,regulation of multicellular organismal process,regulation of biological process,negative regulation of cell activation,regulation of platelet activation	regulation of cell-cell adhesion,regulation of blood coagulation,negative regulation of homotypic cell-cell adhesion,negative regulation of platelet aggregation,negative regulation of cell-cell adhesion,regulation of homotypic cell-cell adhesion,negative regulation of blood coagulation,regulation of response to stress,regulation of platelet aggregation,negative regulation of biological process,wound healing,regulation of cellular process,negative regulation of multicellular organismal process,regulation of body fluid levels,homotypic cell-cell adhesion,platelet aggregation,biological regulation,negative regulation of wound healing,regulation of biological quality,biological_process,regulation of wound healing,negative regulation of cellular process,negative regulation of platelet activation,regulation of platelet activation,regulation of coagulation,negative regulation of coagulation,coagulation,response to wounding,cell adhesion,blood coagulation,hemostasis,regulation of response to stimulus,response to external stimulus,negative regulation of response to stimulus,negative regulation of response to external stimulus,regulation of response to external stimulus,platelet activation,response to stimulus,multicellular organismal process,negative regulation of cell adhesion,regulation of response to wounding,negative regulation of response to wounding,negative regulation of hemostasis,regulation of hemostasis,response to stress,cellular process,cell activation,regulation of cell adhesion,regulation of cell activation,regulation of multicellular organismal process,cell-cell adhesion,regulation of biological process,negative regulation of cell activation	negative regulation of platelet aggregation			regulation_of_coagulation
UniProtKB:Q9UQQ2	SH2B adapter protein 3		GO:0090331		BHF-UCL	NCBITaxon:9606	ISS	UniProtKB:O09039	PANTHER:PTHR10872	protein	UniProtKB:Q9UQQ2	PMID:27430239	20190131	SH2B3	Homo sapiens	regulation of coagulation,regulation of cell-cell adhesion,negative regulation of coagulation,regulation of blood coagulation,negative regulation of homotypic cell-cell adhesion,negative regulation of platelet aggregation,negative regulation of cell-cell adhesion,regulation of homotypic cell-cell adhesion,negative regulation of blood coagulation,regulation of response to stress,regulation of platelet aggregation,negative regulation of biological process,regulation of response to stimulus,regulation of cellular process,negative regulation of response to stimulus,negative regulation of multicellular organismal process,negative regulation of response to external stimulus,regulation of body fluid levels,regulation of response to external stimulus,biological regulation,negative regulation of wound healing,regulation of biological quality,biological_process,regulation of wound healing,negative regulation of cell adhesion,regulation of response to wounding,negative regulation of response to wounding,negative regulation of hemostasis,regulation of hemostasis,negative regulation of cellular process,negative regulation of platelet activation,regulation of cell adhesion,regulation of cell activation,regulation of multicellular organismal process,regulation of biological process,negative regulation of cell activation,regulation of platelet activation	regulation of cell-cell adhesion,regulation of blood coagulation,negative regulation of homotypic cell-cell adhesion,negative regulation of platelet aggregation,negative regulation of cell-cell adhesion,regulation of homotypic cell-cell adhesion,negative regulation of blood coagulation,regulation of response to stress,regulation of platelet aggregation,negative regulation of biological process,wound healing,regulation of cellular process,negative regulation of multicellular organismal process,regulation of body fluid levels,homotypic cell-cell adhesion,platelet aggregation,biological regulation,negative regulation of wound healing,regulation of biological quality,biological_process,regulation of wound healing,negative regulation of cellular process,negative regulation of platelet activation,regulation of platelet activation,regulation of coagulation,negative regulation of coagulation,coagulation,response to wounding,cell adhesion,blood coagulation,hemostasis,regulation of response to stimulus,response to external stimulus,negative regulation of response to stimulus,negative regulation of response to external stimulus,regulation of response to external stimulus,platelet activation,response to stimulus,multicellular organismal process,negative regulation of cell adhesion,regulation of response to wounding,negative regulation of response to wounding,negative regulation of hemostasis,regulation of hemostasis,response to stress,cellular process,cell activation,regulation of cell adhesion,regulation of cell activation,regulation of multicellular organismal process,cell-cell adhesion,regulation of biological process,negative regulation of cell activation	negative regulation of platelet aggregation			regulation_of_coagulation
UniProtKB:P00750	Tissue-type plasminogen activator		GO:0042730		Reactome	NCBITaxon:9606	TAS		PANTHER:PTHR24264	protein	UniProtKB:P00750	Reactome:R-HSA-75205	20241117	PLAT	Homo sapiens	biological regulation,negative regulation of wound healing,regulation of biological quality,biological_process,regulation of wound healing,regulation of coagulation,negative regulation of coagulation,regulation of blood coagulation,regulation of response to wounding,negative regulation of response to wounding,negative regulation of blood coagulation,negative regulation of hemostasis,regulation of response to stress,regulation of hemostasis,fibrinolysis,negative regulation of biological process,regulation of response to stimulus,negative regulation of response to stimulus,negative regulation of multicellular organismal process,negative regulation of response to external stimulus,regulation of body fluid levels,regulation of response to external stimulus,regulation of multicellular organismal process,regulation of biological process	regulation of coagulation,negative regulation of coagulation,regulation of blood coagulation,coagulation,negative regulation of blood coagulation,response to wounding,regulation of response to stress,blood coagulation,fibrinolysis,negative regulation of biological process,hemostasis,regulation of response to stimulus,wound healing,response to external stimulus,negative regulation of response to stimulus,negative regulation of multicellular organismal process,negative regulation of response to external stimulus,regulation of body fluid levels,regulation of response to external stimulus,response to stimulus,multicellular organismal process,biological regulation,negative regulation of wound healing,regulation of biological quality,biological_process,regulation of wound healing,regulation of response to wounding,negative regulation of response to wounding,negative regulation of hemostasis,regulation of hemostasis,response to stress,regulation of multicellular organismal process,regulation of biological process	fibrinolysis			regulation_of_coagulation
UniProtKB:P00750	Tissue-type plasminogen activator		GO:0051918		ComplexPortal	NCBITaxon:9606	NAS		PANTHER:PTHR24264	protein	UniProtKB:P00750	PMID:8508955	20241021	PLAT	Homo sapiens	regulation of coagulation,positive regulation of blood coagulation,regulation of blood coagulation,regulation of response to stress,negative regulation of biological process,positive regulation of biological process,positive regulation of response to stimulus,regulation of response to stimulus,positive regulation of multicellular organismal process,positive regulation of response to external stimulus,regulation of body fluid levels,regulation of response to external stimulus,biological regulation,regulation of biological quality,biological_process,positive regulation of wound healing,negative regulation of fibrinolysis,regulation of wound healing,positive regulation of response to wounding,regulation of response to wounding,regulation of fibrinolysis,regulation of hemostasis,positive regulation of hemostasis,regulation of multicellular organismal process,regulation of biological process,positive regulation of coagulation	regulation of coagulation,positive regulation of blood coagulation,negative regulation of coagulation,regulation of blood coagulation,coagulation,negative regulation of blood coagulation,response to wounding,regulation of response to stress,blood coagulation,negative regulation of biological process,fibrinolysis,positive regulation of biological process,hemostasis,positive regulation of response to stimulus,regulation of response to stimulus,wound healing,response to external stimulus,positive regulation of multicellular organismal process,negative regulation of response to stimulus,negative regulation of multicellular organismal process,negative regulation of response to external stimulus,positive regulation of response to external stimulus,regulation of body fluid levels,regulation of response to external stimulus,response to stimulus,multicellular organismal process,biological regulation,negative regulation of wound healing,regulation of biological quality,biological_process,positive regulation of wound healing,negative regulation of fibrinolysis,regulation of wound healing,positive regulation of response to wounding,regulation of response to wounding,regulation of fibrinolysis,negative regulation of response to wounding,negative regulation of hemostasis,regulation of hemostasis,positive regulation of hemostasis,response to stress,regulation of multicellular organismal process,regulation of biological process,positive regulation of coagulation	negative regulation of fibrinolysis			regulation_of_coagulation
UniProtKB:P00749	Urokinase-type plasminogen activator		GO:0042730		Ensembl	NCBITaxon:9606	IEA	UniProtKB:P06869,ensembl:ENSMUSP00000022368	PANTHER:PTHR24264	protein	UniProtKB:P00749	GO_REF:0000107	20250313	PLAU	Homo sapiens	biological regulation,negative regulation of wound healing,regulation of biological quality,biological_process,regulation of wound healing,regulation of coagulation,negative regulation of coagulation,regulation of blood coagulation,regulation of response to wounding,negative regulation of response to wounding,negative regulation of blood coagulation,negative regulation of hemostasis,regulation of response to stress,regulation of hemostasis,fibrinolysis,negative regulation of biological process,regulation of response to stimulus,negative regulation of response to stimulus,negative regulation of multicellular organismal process,negative regulation of response to external stimulus,regulation of body fluid levels,regulation of response to external stimulus,regulation of multicellular organismal process,regulation of biological process	regulation of coagulation,negative regulation of coagulation,regulation of blood coagulation,coagulation,negative regulation of blood coagulation,response to wounding,regulation of response to stress,blood coagulation,fibrinolysis,negative regulation of biological process,hemostasis,regulation of response to stimulus,wound healing,response to external stimulus,negative regulation of response to stimulus,negative regulation of multicellular organismal process,negative regulation of response to external stimulus,regulation of body fluid levels,regulation of response to external stimulus,response to stimulus,multicellular organismal process,biological regulation,negative regulation of wound healing,regulation of biological quality,biological_process,regulation of wound healing,regulation of response to wounding,negative regulation of response to wounding,negative regulation of hemostasis,regulation of hemostasis,response to stress,regulation of multicellular organismal process,regulation of biological process	fibrinolysis			regulation_of_coagulation
UniProtKB:P00749	Urokinase-type plasminogen activator		GO:0042730		UniProt	NCBITaxon:9606	IEA	UniProtKB-KW:KW-0280	PANTHER:PTHR24264	protein	UniProtKB:P00749	GO_REF:0000043	20250428	PLAU	Homo sapiens	biological regulation,negative regulation of wound healing,regulation of biological quality,biological_process,regulation of wound healing,regulation of coagulation,negative regulation of coagulation,regulation of blood coagulation,regulation of response to wounding,negative regulation of response to wounding,negative regulation of blood coagulation,negative regulation of hemostasis,regulation of response to stress,regulation of hemostasis,fibrinolysis,negative regulation of biological process,regulation of response to stimulus,negative regulation of response to stimulus,negative regulation of multicellular organismal process,negative regulation of response to external stimulus,regulation of body fluid levels,regulation of response to external stimulus,regulation of multicellular organismal process,regulation of biological process	regulation of coagulation,negative regulation of coagulation,regulation of blood coagulation,coagulation,negative regulation of blood coagulation,response to wounding,regulation of response to stress,blood coagulation,fibrinolysis,negative regulation of biological process,hemostasis,regulation of response to stimulus,wound healing,response to external stimulus,negative regulation of response to stimulus,negative regulation of multicellular organismal process,negative regulation of response to external stimulus,regulation of body fluid levels,regulation of response to external stimulus,response to stimulus,multicellular organismal process,biological regulation,negative regulation of wound healing,regulation of biological quality,biological_process,regulation of wound healing,regulation of response to wounding,negative regulation of response to wounding,negative regulation of hemostasis,regulation of hemostasis,response to stress,regulation of multicellular organismal process,regulation of biological process	fibrinolysis			regulation_of_coagulation
UniProtKB:P00749	Urokinase-type plasminogen activator		GO:0042730		Reactome	NCBITaxon:9606	TAS		PANTHER:PTHR24264	protein	UniProtKB:P00749	Reactome:R-HSA-75205	20241117	PLAU	Homo sapiens	biological regulation,negative regulation of wound healing,regulation of biological quality,biological_process,regulation of wound healing,regulation of coagulation,negative regulation of coagulation,regulation of blood coagulation,regulation of response to wounding,negative regulation of response to wounding,negative regulation of blood coagulation,negative regulation of hemostasis,regulation of response to stress,regulation of hemostasis,fibrinolysis,negative regulation of biological process,regulation of response to stimulus,negative regulation of response to stimulus,negative regulation of multicellular organismal process,negative regulation of response to external stimulus,regulation of body fluid levels,regulation of response to external stimulus,regulation of multicellular organismal process,regulation of biological process	regulation of coagulation,negative regulation of coagulation,regulation of blood coagulation,coagulation,negative regulation of blood coagulation,response to wounding,regulation of response to stress,blood coagulation,fibrinolysis,negative regulation of biological process,hemostasis,regulation of response to stimulus,wound healing,response to external stimulus,negative regulation of response to stimulus,negative regulation of multicellular organismal process,negative regulation of response to external stimulus,regulation of body fluid levels,regulation of response to external stimulus,response to stimulus,multicellular organismal process,biological regulation,negative regulation of wound healing,regulation of biological quality,biological_process,regulation of wound healing,regulation of response to wounding,negative regulation of response to wounding,negative regulation of hemostasis,regulation of hemostasis,response to stress,regulation of multicellular organismal process,regulation of biological process	fibrinolysis			regulation_of_coagulation
UniProtKB:P00749	Urokinase-type plasminogen activator		GO:0051917		ComplexPortal	NCBITaxon:9606	NAS		PANTHER:PTHR24264	protein	UniProtKB:P00749	PMID:3920216	20250127	PLAU	Homo sapiens	biological regulation,biological_process,regulation of biological quality,regulation of wound healing,regulation of coagulation,regulation of blood coagulation,regulation of response to wounding,regulation of fibrinolysis,regulation of response to stress,regulation of hemostasis,regulation of response to stimulus,regulation of body fluid levels,regulation of response to external stimulus,regulation of multicellular organismal process,regulation of biological process	regulation of coagulation,negative regulation of coagulation,regulation of blood coagulation,negative regulation of blood coagulation,coagulation,response to wounding,regulation of response to stress,blood coagulation,negative regulation of biological process,fibrinolysis,hemostasis,regulation of response to stimulus,wound healing,response to external stimulus,negative regulation of response to stimulus,negative regulation of multicellular organismal process,negative regulation of response to external stimulus,regulation of body fluid levels,regulation of response to external stimulus,response to stimulus,multicellular organismal process,biological regulation,negative regulation of wound healing,biological_process,regulation of biological quality,regulation of wound healing,regulation of response to wounding,regulation of fibrinolysis,negative regulation of response to wounding,negative regulation of hemostasis,regulation of hemostasis,response to stress,regulation of multicellular organismal process,regulation of biological process	regulation of fibrinolysis			regulation_of_coagulation
UniProtKB:P00749	Urokinase-type plasminogen activator		GO:0051918		ComplexPortal	NCBITaxon:9606	NAS		PANTHER:PTHR24264	protein	UniProtKB:P00749	PMID:8508955	20250127	PLAU	Homo sapiens	regulation of coagulation,positive regulation of blood coagulation,regulation of blood coagulation,regulation of response to stress,negative regulation of biological process,positive regulation of biological process,positive regulation of response to stimulus,regulation of response to stimulus,positive regulation of multicellular organismal process,positive regulation of response to external stimulus,regulation of body fluid levels,regulation of response to external stimulus,biological regulation,regulation of biological quality,biological_process,positive regulation of wound healing,negative regulation of fibrinolysis,regulation of wound healing,positive regulation of response to wounding,regulation of response to wounding,regulation of fibrinolysis,regulation of hemostasis,positive regulation of hemostasis,regulation of multicellular organismal process,regulation of biological process,positive regulation of coagulation	regulation of coagulation,positive regulation of blood coagulation,negative regulation of coagulation,regulation of blood coagulation,coagulation,negative regulation of blood coagulation,response to wounding,regulation of response to stress,blood coagulation,negative regulation of biological process,fibrinolysis,positive regulation of biological process,hemostasis,positive regulation of response to stimulus,regulation of response to stimulus,wound healing,response to external stimulus,positive regulation of multicellular organismal process,negative regulation of response to stimulus,negative regulation of multicellular organismal process,negative regulation of response to external stimulus,positive regulation of response to external stimulus,regulation of body fluid levels,regulation of response to external stimulus,response to stimulus,multicellular organismal process,biological regulation,negative regulation of wound healing,regulation of biological quality,biological_process,positive regulation of wound healing,negative regulation of fibrinolysis,regulation of wound healing,positive regulation of response to wounding,regulation of response to wounding,regulation of fibrinolysis,negative regulation of response to wounding,negative regulation of hemostasis,regulation of hemostasis,positive regulation of hemostasis,response to stress,regulation of multicellular organismal process,regulation of biological process,positive regulation of coagulation	negative regulation of fibrinolysis			regulation_of_coagulation
UniProtKB:P00749	Urokinase-type plasminogen activator		GO:0042730		GO_Central	NCBITaxon:9606	IBA	PANTHER:PTN000667323,MGI:MGI:97611	PANTHER:PTHR24264	protein		GO_REF:0000033	20170228	PLAU	Homo sapiens	biological regulation,negative regulation of wound healing,regulation of biological quality,biological_process,regulation of wound healing,regulation of coagulation,negative regulation of coagulation,regulation of blood coagulation,regulation of response to wounding,negative regulation of response to wounding,negative regulation of blood coagulation,negative regulation of hemostasis,regulation of response to stress,regulation of hemostasis,fibrinolysis,negative regulation of biological process,regulation of response to stimulus,negative regulation of response to stimulus,negative regulation of multicellular organismal process,negative regulation of response to external stimulus,regulation of body fluid levels,regulation of response to external stimulus,regulation of multicellular organismal process,regulation of biological process	regulation of coagulation,negative regulation of coagulation,regulation of blood coagulation,coagulation,negative regulation of blood coagulation,response to wounding,regulation of response to stress,blood coagulation,fibrinolysis,negative regulation of biological process,hemostasis,regulation of response to stimulus,wound healing,response to external stimulus,negative regulation of response to stimulus,negative regulation of multicellular organismal process,negative regulation of response to external stimulus,regulation of body fluid levels,regulation of response to external stimulus,response to stimulus,multicellular organismal process,biological regulation,negative regulation of wound healing,regulation of biological quality,biological_process,regulation of wound healing,regulation of response to wounding,negative regulation of response to wounding,negative regulation of hemostasis,regulation of hemostasis,response to stress,regulation of multicellular organismal process,regulation of biological process	fibrinolysis			regulation_of_coagulation
UniProtKB:P00748	Coagulation factor XII		GO:0030194		BHF-UCL	NCBITaxon:9606	IDA		PANTHER:PTHR24264	protein	UniProtKB:P00748	PMID:6793628	20081015	F12	Homo sapiens	biological regulation,biological_process,regulation of biological quality,positive regulation of wound healing,positive regulation of blood coagulation,regulation of wound healing,positive regulation of response to wounding,regulation of coagulation,regulation of blood coagulation,regulation of response to wounding,regulation of response to stress,regulation of hemostasis,positive regulation of hemostasis,positive regulation of biological process,positive regulation of response to stimulus,regulation of response to stimulus,positive regulation of multicellular organismal process,regulation of body fluid levels,regulation of response to external stimulus,regulation of multicellular organismal process,regulation of biological process,positive regulation of coagulation	positive regulation of blood coagulation,regulation of coagulation,regulation of blood coagulation,coagulation,response to wounding,regulation of response to stress,blood coagulation,positive regulation of biological process,hemostasis,positive regulation of response to stimulus,regulation of response to stimulus,wound healing,response to external stimulus,positive regulation of multicellular organismal process,regulation of body fluid levels,regulation of response to external stimulus,response to stimulus,multicellular organismal process,biological regulation,biological_process,regulation of biological quality,positive regulation of wound healing,regulation of wound healing,positive regulation of response to wounding,regulation of response to wounding,regulation of hemostasis,positive regulation of hemostasis,response to stress,regulation of multicellular organismal process,regulation of biological process,positive regulation of coagulation	positive regulation of blood coagulation			regulation_of_coagulation
UniProtKB:P00748	Coagulation factor XII		GO:0042730		UniProt	NCBITaxon:9606	IEA	UniProtKB-KW:KW-0280	PANTHER:PTHR24264	protein	UniProtKB:P00748	GO_REF:0000043	20250428	F12	Homo sapiens	biological regulation,negative regulation of wound healing,regulation of biological quality,biological_process,regulation of wound healing,regulation of coagulation,negative regulation of coagulation,regulation of blood coagulation,regulation of response to wounding,negative regulation of response to wounding,negative regulation of blood coagulation,negative regulation of hemostasis,regulation of response to stress,regulation of hemostasis,fibrinolysis,negative regulation of biological process,regulation of response to stimulus,negative regulation of response to stimulus,negative regulation of multicellular organismal process,negative regulation of response to external stimulus,regulation of body fluid levels,regulation of response to external stimulus,regulation of multicellular organismal process,regulation of biological process	regulation of coagulation,negative regulation of coagulation,regulation of blood coagulation,coagulation,negative regulation of blood coagulation,response to wounding,regulation of response to stress,blood coagulation,fibrinolysis,negative regulation of biological process,hemostasis,regulation of response to stimulus,wound healing,response to external stimulus,negative regulation of response to stimulus,negative regulation of multicellular organismal process,negative regulation of response to external stimulus,regulation of body fluid levels,regulation of response to external stimulus,response to stimulus,multicellular organismal process,biological regulation,negative regulation of wound healing,regulation of biological quality,biological_process,regulation of wound healing,regulation of response to wounding,negative regulation of response to wounding,negative regulation of hemostasis,regulation of hemostasis,response to stress,regulation of multicellular organismal process,regulation of biological process	fibrinolysis			regulation_of_coagulation
UniProtKB:P00748	Coagulation factor XII		GO:0051919		BHF-UCL	NCBITaxon:9606	IDA		PANTHER:PTHR24264	protein	UniProtKB:P00748	PMID:89876	20081015	F12	Homo sapiens	regulation of coagulation,negative regulation of coagulation,regulation of blood coagulation,negative regulation of blood coagulation,regulation of response to stress,negative regulation of biological process,positive regulation of biological process,regulation of response to stimulus,negative regulation of response to stimulus,negative regulation of multicellular organismal process,negative regulation of response to external stimulus,regulation of body fluid levels,regulation of response to external stimulus,biological regulation,negative regulation of wound healing,regulation of biological quality,biological_process,regulation of wound healing,positive regulation of fibrinolysis,regulation of response to wounding,regulation of fibrinolysis,negative regulation of response to wounding,negative regulation of hemostasis,regulation of hemostasis,regulation of multicellular organismal process,regulation of biological process	regulation of coagulation,negative regulation of coagulation,regulation of blood coagulation,coagulation,negative regulation of blood coagulation,response to wounding,regulation of response to stress,blood coagulation,fibrinolysis,negative regulation of biological process,positive regulation of biological process,hemostasis,regulation of response to stimulus,wound healing,response to external stimulus,negative regulation of response to stimulus,negative regulation of multicellular organismal process,negative regulation of response to external stimulus,regulation of body fluid levels,regulation of response to external stimulus,response to stimulus,multicellular organismal process,biological regulation,negative regulation of wound healing,regulation of biological quality,biological_process,regulation of wound healing,positive regulation of fibrinolysis,regulation of response to wounding,regulation of fibrinolysis,negative regulation of response to wounding,negative regulation of hemostasis,regulation of hemostasis,response to stress,regulation of multicellular organismal process,regulation of biological process	positive regulation of fibrinolysis			regulation_of_coagulation
UniProtKB:P00747	Plasminogen		GO:0042730		UniProt	NCBITaxon:9606	IEA	UniProtKB-KW:KW-0280	PANTHER:PTHR24261	protein	UniProtKB:P00747	GO_REF:0000043	20250428	PLG	Homo sapiens	biological regulation,negative regulation of wound healing,regulation of biological quality,biological_process,regulation of wound healing,regulation of coagulation,negative regulation of coagulation,regulation of blood coagulation,regulation of response to wounding,negative regulation of response to wounding,negative regulation of blood coagulation,negative regulation of hemostasis,regulation of response to stress,regulation of hemostasis,fibrinolysis,negative regulation of biological process,regulation of response to stimulus,negative regulation of response to stimulus,negative regulation of multicellular organismal process,negative regulation of response to external stimulus,regulation of body fluid levels,regulation of response to external stimulus,regulation of multicellular organismal process,regulation of biological process	regulation of coagulation,negative regulation of coagulation,regulation of blood coagulation,coagulation,negative regulation of blood coagulation,response to wounding,regulation of response to stress,blood coagulation,fibrinolysis,negative regulation of biological process,hemostasis,regulation of response to stimulus,wound healing,response to external stimulus,negative regulation of response to stimulus,negative regulation of multicellular organismal process,negative regulation of response to external stimulus,regulation of body fluid levels,regulation of response to external stimulus,response to stimulus,multicellular organismal process,biological regulation,negative regulation of wound healing,regulation of biological quality,biological_process,regulation of wound healing,regulation of response to wounding,negative regulation of response to wounding,negative regulation of hemostasis,regulation of hemostasis,response to stress,regulation of multicellular organismal process,regulation of biological process	fibrinolysis			regulation_of_coagulation
UniProtKB:P00747	Plasminogen		GO:0042730	"{""relationship"": {""relation"": [{""id"": ""BFO:0000066""\, ""label"": ""occurs in""}]\, ""id"": ""GO:0009986""\, ""label"": ""cell surface""}}"	CAFA	NCBITaxon:9606	IDA		PANTHER:PTHR24261	protein	UniProtKB:P00747	PMID:14688145	20211015	PLG	Homo sapiens	biological regulation,negative regulation of wound healing,regulation of biological quality,biological_process,regulation of wound healing,regulation of coagulation,negative regulation of coagulation,regulation of blood coagulation,regulation of response to wounding,negative regulation of response to wounding,negative regulation of blood coagulation,negative regulation of hemostasis,regulation of response to stress,regulation of hemostasis,fibrinolysis,negative regulation of biological process,regulation of response to stimulus,negative regulation of response to stimulus,negative regulation of multicellular organismal process,negative regulation of response to external stimulus,regulation of body fluid levels,regulation of response to external stimulus,regulation of multicellular organismal process,regulation of biological process	regulation of coagulation,negative regulation of coagulation,regulation of blood coagulation,coagulation,negative regulation of blood coagulation,response to wounding,regulation of response to stress,blood coagulation,fibrinolysis,negative regulation of biological process,hemostasis,regulation of response to stimulus,wound healing,response to external stimulus,negative regulation of response to stimulus,negative regulation of multicellular organismal process,negative regulation of response to external stimulus,regulation of body fluid levels,regulation of response to external stimulus,response to stimulus,multicellular organismal process,biological regulation,negative regulation of wound healing,regulation of biological quality,biological_process,regulation of wound healing,regulation of response to wounding,negative regulation of response to wounding,negative regulation of hemostasis,regulation of hemostasis,response to stress,regulation of multicellular organismal process,regulation of biological process	fibrinolysis			regulation_of_coagulation
UniProtKB:P00747	Plasminogen		GO:0042730		CAFA	NCBITaxon:9606	IDA		PANTHER:PTHR24261	protein	UniProtKB:P00747	PMID:17307854	20160513	PLG	Homo sapiens	biological regulation,negative regulation of wound healing,regulation of biological quality,biological_process,regulation of wound healing,regulation of coagulation,negative regulation of coagulation,regulation of blood coagulation,regulation of response to wounding,negative regulation of response to wounding,negative regulation of blood coagulation,negative regulation of hemostasis,regulation of response to stress,regulation of hemostasis,fibrinolysis,negative regulation of biological process,regulation of response to stimulus,negative regulation of response to stimulus,negative regulation of multicellular organismal process,negative regulation of response to external stimulus,regulation of body fluid levels,regulation of response to external stimulus,regulation of multicellular organismal process,regulation of biological process	regulation of coagulation,negative regulation of coagulation,regulation of blood coagulation,coagulation,negative regulation of blood coagulation,response to wounding,regulation of response to stress,blood coagulation,fibrinolysis,negative regulation of biological process,hemostasis,regulation of response to stimulus,wound healing,response to external stimulus,negative regulation of response to stimulus,negative regulation of multicellular organismal process,negative regulation of response to external stimulus,regulation of body fluid levels,regulation of response to external stimulus,response to stimulus,multicellular organismal process,biological regulation,negative regulation of wound healing,regulation of biological quality,biological_process,regulation of wound healing,regulation of response to wounding,negative regulation of response to wounding,negative regulation of hemostasis,regulation of hemostasis,response to stress,regulation of multicellular organismal process,regulation of biological process	fibrinolysis			regulation_of_coagulation
UniProtKB:P00747	Plasminogen		GO:0042730		CAFA	NCBITaxon:9606	IDA		PANTHER:PTHR24261	protein	UniProtKB:P00747	PMID:22025510	20160621	PLG	Homo sapiens	biological regulation,negative regulation of wound healing,regulation of biological quality,biological_process,regulation of wound healing,regulation of coagulation,negative regulation of coagulation,regulation of blood coagulation,regulation of response to wounding,negative regulation of response to wounding,negative regulation of blood coagulation,negative regulation of hemostasis,regulation of response to stress,regulation of hemostasis,fibrinolysis,negative regulation of biological process,regulation of response to stimulus,negative regulation of response to stimulus,negative regulation of multicellular organismal process,negative regulation of response to external stimulus,regulation of body fluid levels,regulation of response to external stimulus,regulation of multicellular organismal process,regulation of biological process	regulation of coagulation,negative regulation of coagulation,regulation of blood coagulation,coagulation,negative regulation of blood coagulation,response to wounding,regulation of response to stress,blood coagulation,fibrinolysis,negative regulation of biological process,hemostasis,regulation of response to stimulus,wound healing,response to external stimulus,negative regulation of response to stimulus,negative regulation of multicellular organismal process,negative regulation of response to external stimulus,regulation of body fluid levels,regulation of response to external stimulus,response to stimulus,multicellular organismal process,biological regulation,negative regulation of wound healing,regulation of biological quality,biological_process,regulation of wound healing,regulation of response to wounding,negative regulation of response to wounding,negative regulation of hemostasis,regulation of hemostasis,response to stress,regulation of multicellular organismal process,regulation of biological process	fibrinolysis			regulation_of_coagulation
UniProtKB:P00747	Plasminogen		GO:0051918		BHF-UCL	NCBITaxon:9606	IDA		PANTHER:PTHR24261	protein	UniProtKB:P00747	PMID:14726399	20080402	PLG	Homo sapiens	regulation of coagulation,positive regulation of blood coagulation,regulation of blood coagulation,regulation of response to stress,negative regulation of biological process,positive regulation of biological process,positive regulation of response to stimulus,regulation of response to stimulus,positive regulation of multicellular organismal process,positive regulation of response to external stimulus,regulation of body fluid levels,regulation of response to external stimulus,biological regulation,regulation of biological quality,biological_process,positive regulation of wound healing,negative regulation of fibrinolysis,regulation of wound healing,positive regulation of response to wounding,regulation of response to wounding,regulation of fibrinolysis,regulation of hemostasis,positive regulation of hemostasis,regulation of multicellular organismal process,regulation of biological process,positive regulation of coagulation	regulation of coagulation,positive regulation of blood coagulation,negative regulation of coagulation,regulation of blood coagulation,coagulation,negative regulation of blood coagulation,response to wounding,regulation of response to stress,blood coagulation,negative regulation of biological process,fibrinolysis,positive regulation of biological process,hemostasis,positive regulation of response to stimulus,regulation of response to stimulus,wound healing,response to external stimulus,positive regulation of multicellular organismal process,negative regulation of response to stimulus,negative regulation of multicellular organismal process,negative regulation of response to external stimulus,positive regulation of response to external stimulus,regulation of body fluid levels,regulation of response to external stimulus,response to stimulus,multicellular organismal process,biological regulation,negative regulation of wound healing,regulation of biological quality,biological_process,positive regulation of wound healing,negative regulation of fibrinolysis,regulation of wound healing,positive regulation of response to wounding,regulation of response to wounding,regulation of fibrinolysis,negative regulation of response to wounding,negative regulation of hemostasis,regulation of hemostasis,positive regulation of hemostasis,response to stress,regulation of multicellular organismal process,regulation of biological process,positive regulation of coagulation	negative regulation of fibrinolysis			regulation_of_coagulation
UniProtKB:P00747	Plasminogen		GO:0051919	"{""relationship"": {""relation"": [{""id"": ""RO:0002233""\, ""label"": ""has input""}]\, ""id"": ""GO:0005577""\, ""label"": ""fibrinogen complex""}}"	AgBase	NCBITaxon:9606	IDA		PANTHER:PTHR24261	protein	UniProtKB:P00747	PMID:26667841	20161214	PLG	Homo sapiens	regulation of coagulation,negative regulation of coagulation,regulation of blood coagulation,negative regulation of blood coagulation,regulation of response to stress,negative regulation of biological process,positive regulation of biological process,regulation of response to stimulus,negative regulation of response to stimulus,negative regulation of multicellular organismal process,negative regulation of response to external stimulus,regulation of body fluid levels,regulation of response to external stimulus,biological regulation,negative regulation of wound healing,regulation of biological quality,biological_process,regulation of wound healing,positive regulation of fibrinolysis,regulation of response to wounding,regulation of fibrinolysis,negative regulation of response to wounding,negative regulation of hemostasis,regulation of hemostasis,regulation of multicellular organismal process,regulation of biological process	regulation of coagulation,negative regulation of coagulation,regulation of blood coagulation,coagulation,negative regulation of blood coagulation,response to wounding,regulation of response to stress,blood coagulation,fibrinolysis,negative regulation of biological process,positive regulation of biological process,hemostasis,regulation of response to stimulus,wound healing,response to external stimulus,negative regulation of response to stimulus,negative regulation of multicellular organismal process,negative regulation of response to external stimulus,regulation of body fluid levels,regulation of response to external stimulus,response to stimulus,multicellular organismal process,biological regulation,negative regulation of wound healing,regulation of biological quality,biological_process,regulation of wound healing,positive regulation of fibrinolysis,regulation of response to wounding,regulation of fibrinolysis,negative regulation of response to wounding,negative regulation of hemostasis,regulation of hemostasis,response to stress,regulation of multicellular organismal process,regulation of biological process	positive regulation of fibrinolysis			regulation_of_coagulation
UniProtKB:P00747	Plasminogen		GO:0051919		BHF-UCL	NCBITaxon:9606	IDA		PANTHER:PTHR24261	protein	UniProtKB:P00747	PMID:6438154	20080928	PLG	Homo sapiens	regulation of coagulation,negative regulation of coagulation,regulation of blood coagulation,negative regulation of blood coagulation,regulation of response to stress,negative regulation of biological process,positive regulation of biological process,regulation of response to stimulus,negative regulation of response to stimulus,negative regulation of multicellular organismal process,negative regulation of response to external stimulus,regulation of body fluid levels,regulation of response to external stimulus,biological regulation,negative regulation of wound healing,regulation of biological quality,biological_process,regulation of wound healing,positive regulation of fibrinolysis,regulation of response to wounding,regulation of fibrinolysis,negative regulation of response to wounding,negative regulation of hemostasis,regulation of hemostasis,regulation of multicellular organismal process,regulation of biological process	regulation of coagulation,negative regulation of coagulation,regulation of blood coagulation,coagulation,negative regulation of blood coagulation,response to wounding,regulation of response to stress,blood coagulation,fibrinolysis,negative regulation of biological process,positive regulation of biological process,hemostasis,regulation of response to stimulus,wound healing,response to external stimulus,negative regulation of response to stimulus,negative regulation of multicellular organismal process,negative regulation of response to external stimulus,regulation of body fluid levels,regulation of response to external stimulus,response to stimulus,multicellular organismal process,biological regulation,negative regulation of wound healing,regulation of biological quality,biological_process,regulation of wound healing,positive regulation of fibrinolysis,regulation of response to wounding,regulation of fibrinolysis,negative regulation of response to wounding,negative regulation of hemostasis,regulation of hemostasis,response to stress,regulation of multicellular organismal process,regulation of biological process	positive regulation of fibrinolysis			regulation_of_coagulation
UniProtKB:P00734	Prothrombin		GO:0030195		UniProt	NCBITaxon:9606	IDA		PANTHER:PTHR24254	protein	UniProtKB:P00734	PMID:10761923	20240617	F2	Homo sapiens	biological regulation,negative regulation of wound healing,biological_process,regulation of biological quality,regulation of wound healing,regulation of coagulation,negative regulation of coagulation,regulation of blood coagulation,regulation of response to wounding,negative regulation of blood coagulation,negative regulation of response to wounding,negative regulation of hemostasis,regulation of response to stress,regulation of hemostasis,negative regulation of biological process,regulation of response to stimulus,negative regulation of response to stimulus,negative regulation of multicellular organismal process,negative regulation of response to external stimulus,regulation of body fluid levels,regulation of response to external stimulus,regulation of multicellular organismal process,regulation of biological process	regulation of coagulation,negative regulation of coagulation,regulation of blood coagulation,negative regulation of blood coagulation,coagulation,response to wounding,regulation of response to stress,blood coagulation,negative regulation of biological process,hemostasis,regulation of response to stimulus,wound healing,response to external stimulus,negative regulation of response to stimulus,negative regulation of multicellular organismal process,negative regulation of response to external stimulus,regulation of body fluid levels,regulation of response to external stimulus,response to stimulus,multicellular organismal process,biological regulation,negative regulation of wound healing,biological_process,regulation of biological quality,regulation of wound healing,regulation of response to wounding,negative regulation of response to wounding,negative regulation of hemostasis,regulation of hemostasis,response to stress,regulation of multicellular organismal process,regulation of biological process	negative regulation of blood coagulation			regulation_of_coagulation
UniProtKB:P00734	Prothrombin		GO:0030195		UniProt	NCBITaxon:9606	TAS		PANTHER:PTHR24254	protein	UniProtKB:P00734	PMID:15005336	20240613	F2	Homo sapiens	biological regulation,negative regulation of wound healing,biological_process,regulation of biological quality,regulation of wound healing,regulation of coagulation,negative regulation of coagulation,regulation of blood coagulation,regulation of response to wounding,negative regulation of blood coagulation,negative regulation of response to wounding,negative regulation of hemostasis,regulation of response to stress,regulation of hemostasis,negative regulation of biological process,regulation of response to stimulus,negative regulation of response to stimulus,negative regulation of multicellular organismal process,negative regulation of response to external stimulus,regulation of body fluid levels,regulation of response to external stimulus,regulation of multicellular organismal process,regulation of biological process	regulation of coagulation,negative regulation of coagulation,regulation of blood coagulation,negative regulation of blood coagulation,coagulation,response to wounding,regulation of response to stress,blood coagulation,negative regulation of biological process,hemostasis,regulation of response to stimulus,wound healing,response to external stimulus,negative regulation of response to stimulus,negative regulation of multicellular organismal process,negative regulation of response to external stimulus,regulation of body fluid levels,regulation of response to external stimulus,response to stimulus,multicellular organismal process,biological regulation,negative regulation of wound healing,biological_process,regulation of biological quality,regulation of wound healing,regulation of response to wounding,negative regulation of response to wounding,negative regulation of hemostasis,regulation of hemostasis,response to stress,regulation of multicellular organismal process,regulation of biological process	negative regulation of blood coagulation			regulation_of_coagulation
UniProtKB:P00734	Prothrombin		GO:0010544		BHF-UCL	NCBITaxon:9606	TAS		PANTHER:PTHR24254	protein	UniProtKB:P00734	PMID:17379830	20100426	F2	Homo sapiens	regulation of coagulation,negative regulation of coagulation,regulation of blood coagulation,negative regulation of blood coagulation,regulation of response to stress,negative regulation of biological process,regulation of response to stimulus,regulation of cellular process,negative regulation of response to stimulus,negative regulation of multicellular organismal process,negative regulation of response to external stimulus,regulation of body fluid levels,regulation of response to external stimulus,biological regulation,negative regulation of wound healing,regulation of biological quality,biological_process,regulation of wound healing,regulation of response to wounding,negative regulation of response to wounding,negative regulation of hemostasis,regulation of hemostasis,negative regulation of cellular process,negative regulation of platelet activation,regulation of cell activation,regulation of multicellular organismal process,regulation of biological process,negative regulation of cell activation,regulation of platelet activation	regulation of coagulation,negative regulation of coagulation,regulation of blood coagulation,coagulation,negative regulation of blood coagulation,response to wounding,regulation of response to stress,blood coagulation,negative regulation of biological process,hemostasis,regulation of response to stimulus,wound healing,response to external stimulus,regulation of cellular process,negative regulation of response to stimulus,negative regulation of multicellular organismal process,negative regulation of response to external stimulus,regulation of body fluid levels,regulation of response to external stimulus,platelet activation,response to stimulus,multicellular organismal process,biological regulation,negative regulation of wound healing,regulation of biological quality,biological_process,regulation of wound healing,regulation of response to wounding,negative regulation of response to wounding,negative regulation of hemostasis,regulation of hemostasis,negative regulation of cellular process,response to stress,cellular process,cell activation,negative regulation of platelet activation,regulation of cell activation,regulation of multicellular organismal process,regulation of biological process,negative regulation of cell activation,regulation of platelet activation	negative regulation of platelet activation			regulation_of_coagulation
UniProtKB:P00734	Prothrombin		GO:0030193		UniProt	NCBITaxon:9606	TAS		PANTHER:PTHR24254	protein	UniProtKB:P00734	PMID:12855810	20040224	F2	Homo sapiens	biological regulation,biological_process,regulation of biological quality,regulation of wound healing,regulation of coagulation,regulation of blood coagulation,regulation of response to wounding,regulation of response to stress,regulation of hemostasis,regulation of response to stimulus,regulation of body fluid levels,regulation of response to external stimulus,regulation of multicellular organismal process,regulation of biological process	biological regulation,biological_process,regulation of biological quality,regulation of wound healing,regulation of coagulation,regulation of blood coagulation,regulation of response to wounding,coagulation,response to wounding,regulation of response to stress,regulation of hemostasis,blood coagulation,hemostasis,response to stress,regulation of response to stimulus,wound healing,response to external stimulus,regulation of body fluid levels,regulation of response to external stimulus,regulation of multicellular organismal process,regulation of biological process,response to stimulus,multicellular organismal process	regulation of blood coagulation			regulation_of_coagulation
UniProtKB:P00734	Prothrombin		GO:0030194		BHF-UCL	NCBITaxon:9606	IDA		PANTHER:PTHR24254	protein	UniProtKB:P00734	PMID:9038223	20080425	F2	Homo sapiens	biological regulation,biological_process,regulation of biological quality,positive regulation of wound healing,positive regulation of blood coagulation,regulation of wound healing,positive regulation of response to wounding,regulation of coagulation,regulation of blood coagulation,regulation of response to wounding,regulation of response to stress,regulation of hemostasis,positive regulation of hemostasis,positive regulation of biological process,positive regulation of response to stimulus,regulation of response to stimulus,positive regulation of multicellular organismal process,regulation of body fluid levels,regulation of response to external stimulus,regulation of multicellular organismal process,regulation of biological process,positive regulation of coagulation	positive regulation of blood coagulation,regulation of coagulation,regulation of blood coagulation,coagulation,response to wounding,regulation of response to stress,blood coagulation,positive regulation of biological process,hemostasis,positive regulation of response to stimulus,regulation of response to stimulus,wound healing,response to external stimulus,positive regulation of multicellular organismal process,regulation of body fluid levels,regulation of response to external stimulus,response to stimulus,multicellular organismal process,biological regulation,biological_process,regulation of biological quality,positive regulation of wound healing,regulation of wound healing,positive regulation of response to wounding,regulation of response to wounding,regulation of hemostasis,positive regulation of hemostasis,response to stress,regulation of multicellular organismal process,regulation of biological process,positive regulation of coagulation	positive regulation of blood coagulation			regulation_of_coagulation
UniProtKB:P00734	Prothrombin		GO:0030195		UniProt	NCBITaxon:9606	IDA		PANTHER:PTHR24254	protein	UniProtKB:P00734	PMID:10761923	20240613	F2	Homo sapiens	biological regulation,negative regulation of wound healing,biological_process,regulation of biological quality,regulation of wound healing,regulation of coagulation,negative regulation of coagulation,regulation of blood coagulation,regulation of response to wounding,negative regulation of blood coagulation,negative regulation of response to wounding,negative regulation of hemostasis,regulation of response to stress,regulation of hemostasis,negative regulation of biological process,regulation of response to stimulus,negative regulation of response to stimulus,negative regulation of multicellular organismal process,negative regulation of response to external stimulus,regulation of body fluid levels,regulation of response to external stimulus,regulation of multicellular organismal process,regulation of biological process	regulation of coagulation,negative regulation of coagulation,regulation of blood coagulation,negative regulation of blood coagulation,coagulation,response to wounding,regulation of response to stress,blood coagulation,negative regulation of biological process,hemostasis,regulation of response to stimulus,wound healing,response to external stimulus,negative regulation of response to stimulus,negative regulation of multicellular organismal process,negative regulation of response to external stimulus,regulation of body fluid levels,regulation of response to external stimulus,response to stimulus,multicellular organismal process,biological regulation,negative regulation of wound healing,biological_process,regulation of biological quality,regulation of wound healing,regulation of response to wounding,negative regulation of response to wounding,negative regulation of hemostasis,regulation of hemostasis,response to stress,regulation of multicellular organismal process,regulation of biological process	negative regulation of blood coagulation			regulation_of_coagulation
UniProtKB:P00734	Prothrombin		GO:0042730		UniProt	NCBITaxon:9606	IDA		PANTHER:PTHR24254	protein	UniProtKB:P00734	PMID:12855810	20040224	F2	Homo sapiens	biological regulation,negative regulation of wound healing,regulation of biological quality,biological_process,regulation of wound healing,regulation of coagulation,negative regulation of coagulation,regulation of blood coagulation,regulation of response to wounding,negative regulation of response to wounding,negative regulation of blood coagulation,negative regulation of hemostasis,regulation of response to stress,regulation of hemostasis,fibrinolysis,negative regulation of biological process,regulation of response to stimulus,negative regulation of response to stimulus,negative regulation of multicellular organismal process,negative regulation of response to external stimulus,regulation of body fluid levels,regulation of response to external stimulus,regulation of multicellular organismal process,regulation of biological process	regulation of coagulation,negative regulation of coagulation,regulation of blood coagulation,coagulation,negative regulation of blood coagulation,response to wounding,regulation of response to stress,blood coagulation,fibrinolysis,negative regulation of biological process,hemostasis,regulation of response to stimulus,wound healing,response to external stimulus,negative regulation of response to stimulus,negative regulation of multicellular organismal process,negative regulation of response to external stimulus,regulation of body fluid levels,regulation of response to external stimulus,response to stimulus,multicellular organismal process,biological regulation,negative regulation of wound healing,regulation of biological quality,biological_process,regulation of wound healing,regulation of response to wounding,negative regulation of response to wounding,negative regulation of hemostasis,regulation of hemostasis,response to stress,regulation of multicellular organismal process,regulation of biological process	fibrinolysis			regulation_of_coagulation
UniProtKB:P00734	Prothrombin		GO:0051918		BHF-UCL	NCBITaxon:9606	TAS		PANTHER:PTHR24254	protein	UniProtKB:P00734	PMID:17379830	20100426	F2	Homo sapiens	regulation of coagulation,positive regulation of blood coagulation,regulation of blood coagulation,regulation of response to stress,negative regulation of biological process,positive regulation of biological process,positive regulation of response to stimulus,regulation of response to stimulus,positive regulation of multicellular organismal process,positive regulation of response to external stimulus,regulation of body fluid levels,regulation of response to external stimulus,biological regulation,regulation of biological quality,biological_process,positive regulation of wound healing,negative regulation of fibrinolysis,regulation of wound healing,positive regulation of response to wounding,regulation of response to wounding,regulation of fibrinolysis,regulation of hemostasis,positive regulation of hemostasis,regulation of multicellular organismal process,regulation of biological process,positive regulation of coagulation	regulation of coagulation,positive regulation of blood coagulation,negative regulation of coagulation,regulation of blood coagulation,coagulation,negative regulation of blood coagulation,response to wounding,regulation of response to stress,blood coagulation,negative regulation of biological process,fibrinolysis,positive regulation of biological process,hemostasis,positive regulation of response to stimulus,regulation of response to stimulus,wound healing,response to external stimulus,positive regulation of multicellular organismal process,negative regulation of response to stimulus,negative regulation of multicellular organismal process,negative regulation of response to external stimulus,positive regulation of response to external stimulus,regulation of body fluid levels,regulation of response to external stimulus,response to stimulus,multicellular organismal process,biological regulation,negative regulation of wound healing,regulation of biological quality,biological_process,positive regulation of wound healing,negative regulation of fibrinolysis,regulation of wound healing,positive regulation of response to wounding,regulation of response to wounding,regulation of fibrinolysis,negative regulation of response to wounding,negative regulation of hemostasis,regulation of hemostasis,positive regulation of hemostasis,response to stress,regulation of multicellular organismal process,regulation of biological process,positive regulation of coagulation	negative regulation of fibrinolysis			regulation_of_coagulation
UniProtKB:P00734	Prothrombin		GO:0030194		GO_Central	NCBITaxon:9606	IBA	PANTHER:PTN002799255,UniProtKB:P00734,UniProtKB:P00735,RGD:61996	PANTHER:PTHR24254	protein		GO_REF:0000033	20200207	F2	Homo sapiens	biological regulation,biological_process,regulation of biological quality,positive regulation of wound healing,positive regulation of blood coagulation,regulation of wound healing,positive regulation of response to wounding,regulation of coagulation,regulation of blood coagulation,regulation of response to wounding,regulation of response to stress,regulation of hemostasis,positive regulation of hemostasis,positive regulation of biological process,positive regulation of response to stimulus,regulation of response to stimulus,positive regulation of multicellular organismal process,regulation of body fluid levels,regulation of response to external stimulus,regulation of multicellular organismal process,regulation of biological process,positive regulation of coagulation	positive regulation of blood coagulation,regulation of coagulation,regulation of blood coagulation,coagulation,response to wounding,regulation of response to stress,blood coagulation,positive regulation of biological process,hemostasis,positive regulation of response to stimulus,regulation of response to stimulus,wound healing,response to external stimulus,positive regulation of multicellular organismal process,regulation of body fluid levels,regulation of response to external stimulus,response to stimulus,multicellular organismal process,biological regulation,biological_process,regulation of biological quality,positive regulation of wound healing,regulation of wound healing,positive regulation of response to wounding,regulation of response to wounding,regulation of hemostasis,positive regulation of hemostasis,response to stress,regulation of multicellular organismal process,regulation of biological process,positive regulation of coagulation	positive regulation of blood coagulation			regulation_of_coagulation
UniProtKB:Q9H3N1	Thioredoxin-related transmembrane protein 1		GO:0090331		Ensembl	NCBITaxon:9606	IEA	UniProtKB:Q8VBT0,ensembl:ENSMUSP00000021471	PANTHER:PTHR46107	protein	UniProtKB:Q9H3N1	GO_REF:0000107	20250313	TMX1	Homo sapiens	regulation of coagulation,regulation of cell-cell adhesion,negative regulation of coagulation,regulation of blood coagulation,negative regulation of homotypic cell-cell adhesion,negative regulation of platelet aggregation,negative regulation of cell-cell adhesion,regulation of homotypic cell-cell adhesion,negative regulation of blood coagulation,regulation of response to stress,regulation of platelet aggregation,negative regulation of biological process,regulation of response to stimulus,regulation of cellular process,negative regulation of response to stimulus,negative regulation of multicellular organismal process,negative regulation of response to external stimulus,regulation of body fluid levels,regulation of response to external stimulus,biological regulation,negative regulation of wound healing,regulation of biological quality,biological_process,regulation of wound healing,negative regulation of cell adhesion,regulation of response to wounding,negative regulation of response to wounding,negative regulation of hemostasis,regulation of hemostasis,negative regulation of cellular process,negative regulation of platelet activation,regulation of cell adhesion,regulation of cell activation,regulation of multicellular organismal process,regulation of biological process,negative regulation of cell activation,regulation of platelet activation	regulation of cell-cell adhesion,regulation of blood coagulation,negative regulation of homotypic cell-cell adhesion,negative regulation of platelet aggregation,negative regulation of cell-cell adhesion,regulation of homotypic cell-cell adhesion,negative regulation of blood coagulation,regulation of response to stress,regulation of platelet aggregation,negative regulation of biological process,wound healing,regulation of cellular process,negative regulation of multicellular organismal process,regulation of body fluid levels,homotypic cell-cell adhesion,platelet aggregation,biological regulation,negative regulation of wound healing,regulation of biological quality,biological_process,regulation of wound healing,negative regulation of cellular process,negative regulation of platelet activation,regulation of platelet activation,regulation of coagulation,negative regulation of coagulation,coagulation,response to wounding,cell adhesion,blood coagulation,hemostasis,regulation of response to stimulus,response to external stimulus,negative regulation of response to stimulus,negative regulation of response to external stimulus,regulation of response to external stimulus,platelet activation,response to stimulus,multicellular organismal process,negative regulation of cell adhesion,regulation of response to wounding,negative regulation of response to wounding,negative regulation of hemostasis,regulation of hemostasis,response to stress,cellular process,cell activation,regulation of cell adhesion,regulation of cell activation,regulation of multicellular organismal process,cell-cell adhesion,regulation of biological process,negative regulation of cell activation	negative regulation of platelet aggregation			regulation_of_coagulation
UniProtKB:Q9H3N1	Thioredoxin-related transmembrane protein 1		GO:0090331		UniProt	NCBITaxon:9606	IEA	ARBA:ARBA00086824	PANTHER:PTHR46107	protein	UniProtKB:Q9H3N1	GO_REF:0000117	20250428	TMX1	Homo sapiens	regulation of coagulation,regulation of cell-cell adhesion,negative regulation of coagulation,regulation of blood coagulation,negative regulation of homotypic cell-cell adhesion,negative regulation of platelet aggregation,negative regulation of cell-cell adhesion,regulation of homotypic cell-cell adhesion,negative regulation of blood coagulation,regulation of response to stress,regulation of platelet aggregation,negative regulation of biological process,regulation of response to stimulus,regulation of cellular process,negative regulation of response to stimulus,negative regulation of multicellular organismal process,negative regulation of response to external stimulus,regulation of body fluid levels,regulation of response to external stimulus,biological regulation,negative regulation of wound healing,regulation of biological quality,biological_process,regulation of wound healing,negative regulation of cell adhesion,regulation of response to wounding,negative regulation of response to wounding,negative regulation of hemostasis,regulation of hemostasis,negative regulation of cellular process,negative regulation of platelet activation,regulation of cell adhesion,regulation of cell activation,regulation of multicellular organismal process,regulation of biological process,negative regulation of cell activation,regulation of platelet activation	regulation of cell-cell adhesion,regulation of blood coagulation,negative regulation of homotypic cell-cell adhesion,negative regulation of platelet aggregation,negative regulation of cell-cell adhesion,regulation of homotypic cell-cell adhesion,negative regulation of blood coagulation,regulation of response to stress,regulation of platelet aggregation,negative regulation of biological process,wound healing,regulation of cellular process,negative regulation of multicellular organismal process,regulation of body fluid levels,homotypic cell-cell adhesion,platelet aggregation,biological regulation,negative regulation of wound healing,regulation of biological quality,biological_process,regulation of wound healing,negative regulation of cellular process,negative regulation of platelet activation,regulation of platelet activation,regulation of coagulation,negative regulation of coagulation,coagulation,response to wounding,cell adhesion,blood coagulation,hemostasis,regulation of response to stimulus,response to external stimulus,negative regulation of response to stimulus,negative regulation of response to external stimulus,regulation of response to external stimulus,platelet activation,response to stimulus,multicellular organismal process,negative regulation of cell adhesion,regulation of response to wounding,negative regulation of response to wounding,negative regulation of hemostasis,regulation of hemostasis,response to stress,cellular process,cell activation,regulation of cell adhesion,regulation of cell activation,regulation of multicellular organismal process,cell-cell adhesion,regulation of biological process,negative regulation of cell activation	negative regulation of platelet aggregation			regulation_of_coagulation
UniProtKB:Q9H3N1	Thioredoxin-related transmembrane protein 1		GO:0090331		UniProt	NCBITaxon:9606	IDA		PANTHER:PTHR46107	protein	UniProtKB:Q9H3N1	PMID:30425049	20230904	TMX1	Homo sapiens	regulation of coagulation,regulation of cell-cell adhesion,negative regulation of coagulation,regulation of blood coagulation,negative regulation of homotypic cell-cell adhesion,negative regulation of platelet aggregation,negative regulation of cell-cell adhesion,regulation of homotypic cell-cell adhesion,negative regulation of blood coagulation,regulation of response to stress,regulation of platelet aggregation,negative regulation of biological process,regulation of response to stimulus,regulation of cellular process,negative regulation of response to stimulus,negative regulation of multicellular organismal process,negative regulation of response to external stimulus,regulation of body fluid levels,regulation of response to external stimulus,biological regulation,negative regulation of wound healing,regulation of biological quality,biological_process,regulation of wound healing,negative regulation of cell adhesion,regulation of response to wounding,negative regulation of response to wounding,negative regulation of hemostasis,regulation of hemostasis,negative regulation of cellular process,negative regulation of platelet activation,regulation of cell adhesion,regulation of cell activation,regulation of multicellular organismal process,regulation of biological process,negative regulation of cell activation,regulation of platelet activation	regulation of cell-cell adhesion,regulation of blood coagulation,negative regulation of homotypic cell-cell adhesion,negative regulation of platelet aggregation,negative regulation of cell-cell adhesion,regulation of homotypic cell-cell adhesion,negative regulation of blood coagulation,regulation of response to stress,regulation of platelet aggregation,negative regulation of biological process,wound healing,regulation of cellular process,negative regulation of multicellular organismal process,regulation of body fluid levels,homotypic cell-cell adhesion,platelet aggregation,biological regulation,negative regulation of wound healing,regulation of biological quality,biological_process,regulation of wound healing,negative regulation of cellular process,negative regulation of platelet activation,regulation of platelet activation,regulation of coagulation,negative regulation of coagulation,coagulation,response to wounding,cell adhesion,blood coagulation,hemostasis,regulation of response to stimulus,response to external stimulus,negative regulation of response to stimulus,negative regulation of response to external stimulus,regulation of response to external stimulus,platelet activation,response to stimulus,multicellular organismal process,negative regulation of cell adhesion,regulation of response to wounding,negative regulation of response to wounding,negative regulation of hemostasis,regulation of hemostasis,response to stress,cellular process,cell activation,regulation of cell adhesion,regulation of cell activation,regulation of multicellular organismal process,cell-cell adhesion,regulation of biological process,negative regulation of cell activation	negative regulation of platelet aggregation			regulation_of_coagulation
UniProtKB:Q96IZ2	Androgen-dependent TFPI-regulating protein		GO:0030195	"{""relationship"": {""relation"": [{""id"": ""BFO:0000066""\, ""label"": ""occurs in""}]\, ""id"": ""CL:0000066""\, ""label"": ""epithelial cell""}}"	UniProt	NCBITaxon:9606	IMP		PANTHER:PTHR10989	protein	UniProtKB:Q96IZ2	PMID:21868574	20171107	ADTRP	Homo sapiens	biological regulation,negative regulation of wound healing,biological_process,regulation of biological quality,regulation of wound healing,regulation of coagulation,negative regulation of coagulation,regulation of blood coagulation,regulation of response to wounding,negative regulation of blood coagulation,negative regulation of response to wounding,negative regulation of hemostasis,regulation of response to stress,regulation of hemostasis,negative regulation of biological process,regulation of response to stimulus,negative regulation of response to stimulus,negative regulation of multicellular organismal process,negative regulation of response to external stimulus,regulation of body fluid levels,regulation of response to external stimulus,regulation of multicellular organismal process,regulation of biological process	regulation of coagulation,negative regulation of coagulation,regulation of blood coagulation,negative regulation of blood coagulation,coagulation,response to wounding,regulation of response to stress,blood coagulation,negative regulation of biological process,hemostasis,regulation of response to stimulus,wound healing,response to external stimulus,negative regulation of response to stimulus,negative regulation of multicellular organismal process,negative regulation of response to external stimulus,regulation of body fluid levels,regulation of response to external stimulus,response to stimulus,multicellular organismal process,biological regulation,negative regulation of wound healing,biological_process,regulation of biological quality,regulation of wound healing,regulation of response to wounding,negative regulation of response to wounding,negative regulation of hemostasis,regulation of hemostasis,response to stress,regulation of multicellular organismal process,regulation of biological process	negative regulation of blood coagulation			regulation_of_coagulation
UniProtKB:Q96IY4	Carboxypeptidase B2		GO:0042730		InterPro	NCBITaxon:9606	IEA	InterPro:IPR033849	PANTHER:PTHR11705	protein	UniProtKB:Q96IY4	GO_REF:0000002	20250429	CPB2	Homo sapiens	biological regulation,negative regulation of wound healing,regulation of biological quality,biological_process,regulation of wound healing,regulation of coagulation,negative regulation of coagulation,regulation of blood coagulation,regulation of response to wounding,negative regulation of response to wounding,negative regulation of blood coagulation,negative regulation of hemostasis,regulation of response to stress,regulation of hemostasis,fibrinolysis,negative regulation of biological process,regulation of response to stimulus,negative regulation of response to stimulus,negative regulation of multicellular organismal process,negative regulation of response to external stimulus,regulation of body fluid levels,regulation of response to external stimulus,regulation of multicellular organismal process,regulation of biological process	regulation of coagulation,negative regulation of coagulation,regulation of blood coagulation,coagulation,negative regulation of blood coagulation,response to wounding,regulation of response to stress,blood coagulation,fibrinolysis,negative regulation of biological process,hemostasis,regulation of response to stimulus,wound healing,response to external stimulus,negative regulation of response to stimulus,negative regulation of multicellular organismal process,negative regulation of response to external stimulus,regulation of body fluid levels,regulation of response to external stimulus,response to stimulus,multicellular organismal process,biological regulation,negative regulation of wound healing,regulation of biological quality,biological_process,regulation of wound healing,regulation of response to wounding,negative regulation of response to wounding,negative regulation of hemostasis,regulation of hemostasis,response to stress,regulation of multicellular organismal process,regulation of biological process	fibrinolysis			regulation_of_coagulation
UniProtKB:Q96IY4	Carboxypeptidase B2		GO:0042730		UniProt	NCBITaxon:9606	IEA	UniProtKB-KW:KW-0280	PANTHER:PTHR11705	protein	UniProtKB:Q96IY4	GO_REF:0000043	20250428	CPB2	Homo sapiens	biological regulation,negative regulation of wound healing,regulation of biological quality,biological_process,regulation of wound healing,regulation of coagulation,negative regulation of coagulation,regulation of blood coagulation,regulation of response to wounding,negative regulation of response to wounding,negative regulation of blood coagulation,negative regulation of hemostasis,regulation of response to stress,regulation of hemostasis,fibrinolysis,negative regulation of biological process,regulation of response to stimulus,negative regulation of response to stimulus,negative regulation of multicellular organismal process,negative regulation of response to external stimulus,regulation of body fluid levels,regulation of response to external stimulus,regulation of multicellular organismal process,regulation of biological process	regulation of coagulation,negative regulation of coagulation,regulation of blood coagulation,coagulation,negative regulation of blood coagulation,response to wounding,regulation of response to stress,blood coagulation,fibrinolysis,negative regulation of biological process,hemostasis,regulation of response to stimulus,wound healing,response to external stimulus,negative regulation of response to stimulus,negative regulation of multicellular organismal process,negative regulation of response to external stimulus,regulation of body fluid levels,regulation of response to external stimulus,response to stimulus,multicellular organismal process,biological regulation,negative regulation of wound healing,regulation of biological quality,biological_process,regulation of wound healing,regulation of response to wounding,negative regulation of response to wounding,negative regulation of hemostasis,regulation of hemostasis,response to stress,regulation of multicellular organismal process,regulation of biological process	fibrinolysis			regulation_of_coagulation
UniProtKB:Q96IY4	Carboxypeptidase B2		GO:0042730		GO_Central	NCBITaxon:9606	IBA	PANTHER:PTN002619304,RGD:71035	PANTHER:PTHR11705	protein		GO_REF:0000033	20200316	CPB2	Homo sapiens	biological regulation,negative regulation of wound healing,regulation of biological quality,biological_process,regulation of wound healing,regulation of coagulation,negative regulation of coagulation,regulation of blood coagulation,regulation of response to wounding,negative regulation of response to wounding,negative regulation of blood coagulation,negative regulation of hemostasis,regulation of response to stress,regulation of hemostasis,fibrinolysis,negative regulation of biological process,regulation of response to stimulus,negative regulation of response to stimulus,negative regulation of multicellular organismal process,negative regulation of response to external stimulus,regulation of body fluid levels,regulation of response to external stimulus,regulation of multicellular organismal process,regulation of biological process	regulation of coagulation,negative regulation of coagulation,regulation of blood coagulation,coagulation,negative regulation of blood coagulation,response to wounding,regulation of response to stress,blood coagulation,fibrinolysis,negative regulation of biological process,hemostasis,regulation of response to stimulus,wound healing,response to external stimulus,negative regulation of response to stimulus,negative regulation of multicellular organismal process,negative regulation of response to external stimulus,regulation of body fluid levels,regulation of response to external stimulus,response to stimulus,multicellular organismal process,biological regulation,negative regulation of wound healing,regulation of biological quality,biological_process,regulation of wound healing,regulation of response to wounding,negative regulation of response to wounding,negative regulation of hemostasis,regulation of hemostasis,response to stress,regulation of multicellular organismal process,regulation of biological process	fibrinolysis			regulation_of_coagulation
UniProtKB:Q9UNN8	Endothelial protein C receptor		GO:0050819		BHF-UCL	NCBITaxon:9606	IMP		PANTHER:PTHR15349	protein	UniProtKB:Q9UNN8	PMID:19696402	20110803	PROCR	Homo sapiens	biological regulation,biological_process,regulation of coagulation,negative regulation of coagulation,negative regulation of multicellular organismal process,negative regulation of biological process,regulation of multicellular organismal process,regulation of biological process	biological regulation,biological_process,regulation of coagulation,negative regulation of coagulation,coagulation,negative regulation of multicellular organismal process,negative regulation of biological process,regulation of multicellular organismal process,regulation of biological process,multicellular organismal process	negative regulation of coagulation			regulation_of_coagulation
UniProtKB:Q9UNN8	Endothelial protein C receptor		GO:0050819		GO_Central	NCBITaxon:9606	IBA	PANTHER:PTN000394271,UniProtKB:Q9UNN8	PANTHER:PTHR15349	protein		GO_REF:0000033	20200318	PROCR	Homo sapiens	biological regulation,biological_process,regulation of coagulation,negative regulation of coagulation,negative regulation of multicellular organismal process,negative regulation of biological process,regulation of multicellular organismal process,regulation of biological process	biological regulation,biological_process,regulation of coagulation,negative regulation of coagulation,coagulation,negative regulation of multicellular organismal process,negative regulation of biological process,regulation of multicellular organismal process,regulation of biological process,multicellular organismal process	negative regulation of coagulation			regulation_of_coagulation
UniProtKB:P07996	Thrombospondin-1		GO:0051918		BHF-UCL	NCBITaxon:9606	IDA		PANTHER:PTHR10199	protein	UniProtKB:P07996	PMID:6438154	20080928	THBS1	Homo sapiens	regulation of coagulation,positive regulation of blood coagulation,regulation of blood coagulation,regulation of response to stress,negative regulation of biological process,positive regulation of biological process,positive regulation of response to stimulus,regulation of response to stimulus,positive regulation of multicellular organismal process,positive regulation of response to external stimulus,regulation of body fluid levels,regulation of response to external stimulus,biological regulation,regulation of biological quality,biological_process,positive regulation of wound healing,negative regulation of fibrinolysis,regulation of wound healing,positive regulation of response to wounding,regulation of response to wounding,regulation of fibrinolysis,regulation of hemostasis,positive regulation of hemostasis,regulation of multicellular organismal process,regulation of biological process,positive regulation of coagulation	regulation of coagulation,positive regulation of blood coagulation,negative regulation of coagulation,regulation of blood coagulation,coagulation,negative regulation of blood coagulation,response to wounding,regulation of response to stress,blood coagulation,negative regulation of biological process,fibrinolysis,positive regulation of biological process,hemostasis,positive regulation of response to stimulus,regulation of response to stimulus,wound healing,response to external stimulus,positive regulation of multicellular organismal process,negative regulation of response to stimulus,negative regulation of multicellular organismal process,negative regulation of response to external stimulus,positive regulation of response to external stimulus,regulation of body fluid levels,regulation of response to external stimulus,response to stimulus,multicellular organismal process,biological regulation,negative regulation of wound healing,regulation of biological quality,biological_process,positive regulation of wound healing,negative regulation of fibrinolysis,regulation of wound healing,positive regulation of response to wounding,regulation of response to wounding,regulation of fibrinolysis,negative regulation of response to wounding,negative regulation of hemostasis,regulation of hemostasis,positive regulation of hemostasis,response to stress,regulation of multicellular organismal process,regulation of biological process,positive regulation of coagulation	negative regulation of fibrinolysis			regulation_of_coagulation
UniProtKB:Q03135	Caveolin-1		GO:0030193		BHF-UCL	NCBITaxon:9606	IMP		PANTHER:PTHR10844	protein	UniProtKB:Q03135	PMID:17848177	20080215	CAV1	Homo sapiens	biological regulation,biological_process,regulation of biological quality,regulation of wound healing,regulation of coagulation,regulation of blood coagulation,regulation of response to wounding,regulation of response to stress,regulation of hemostasis,regulation of response to stimulus,regulation of body fluid levels,regulation of response to external stimulus,regulation of multicellular organismal process,regulation of biological process	biological regulation,biological_process,regulation of biological quality,regulation of wound healing,regulation of coagulation,regulation of blood coagulation,regulation of response to wounding,coagulation,response to wounding,regulation of response to stress,regulation of hemostasis,blood coagulation,hemostasis,response to stress,regulation of response to stimulus,wound healing,response to external stimulus,regulation of body fluid levels,regulation of response to external stimulus,regulation of multicellular organismal process,regulation of biological process,response to stimulus,multicellular organismal process	regulation of blood coagulation			regulation_of_coagulation
UniProtKB:Q9Y6C2	EMILIN-1		GO:0030194		ComplexPortal	NCBITaxon:9606	ISS	ComplexPortal:CPX-438	PANTHER:PTHR15427	protein	UniProtKB:Q9Y6C2	GO_REF:0000114	20240823	EMILIN1	Homo sapiens	biological regulation,biological_process,regulation of biological quality,positive regulation of wound healing,positive regulation of blood coagulation,regulation of wound healing,positive regulation of response to wounding,regulation of coagulation,regulation of blood coagulation,regulation of response to wounding,regulation of response to stress,regulation of hemostasis,positive regulation of hemostasis,positive regulation of biological process,positive regulation of response to stimulus,regulation of response to stimulus,positive regulation of multicellular organismal process,regulation of body fluid levels,regulation of response to external stimulus,regulation of multicellular organismal process,regulation of biological process,positive regulation of coagulation	positive regulation of blood coagulation,regulation of coagulation,regulation of blood coagulation,coagulation,response to wounding,regulation of response to stress,blood coagulation,positive regulation of biological process,hemostasis,positive regulation of response to stimulus,regulation of response to stimulus,wound healing,response to external stimulus,positive regulation of multicellular organismal process,regulation of body fluid levels,regulation of response to external stimulus,response to stimulus,multicellular organismal process,biological regulation,biological_process,regulation of biological quality,positive regulation of wound healing,regulation of wound healing,positive regulation of response to wounding,regulation of response to wounding,regulation of hemostasis,positive regulation of hemostasis,response to stress,regulation of multicellular organismal process,regulation of biological process,positive regulation of coagulation	positive regulation of blood coagulation			regulation_of_coagulation
UniProtKB:Q9Y261	Hepatocyte nuclear factor 3-beta		GO:0030193		UniProt	NCBITaxon:9606	IDA		PANTHER:PTHR11829	protein	UniProtKB:Q9Y261	PMID:12911579	20100729	FOXA2	Homo sapiens	biological regulation,biological_process,regulation of biological quality,regulation of wound healing,regulation of coagulation,regulation of blood coagulation,regulation of response to wounding,regulation of response to stress,regulation of hemostasis,regulation of response to stimulus,regulation of body fluid levels,regulation of response to external stimulus,regulation of multicellular organismal process,regulation of biological process	biological regulation,biological_process,regulation of biological quality,regulation of wound healing,regulation of coagulation,regulation of blood coagulation,regulation of response to wounding,coagulation,response to wounding,regulation of response to stress,regulation of hemostasis,blood coagulation,hemostasis,response to stress,regulation of response to stimulus,wound healing,response to external stimulus,regulation of body fluid levels,regulation of response to external stimulus,regulation of multicellular organismal process,regulation of biological process,response to stimulus,multicellular organismal process	regulation of blood coagulation			regulation_of_coagulation
UniProtKB:Q9Y251	Heparanase		GO:0030194		UniProt	NCBITaxon:9606	IDA		PANTHER:PTHR46145	protein	UniProtKB:Q9Y251	PMID:20634491	20110815	HPSE	Homo sapiens	biological regulation,biological_process,regulation of biological quality,positive regulation of wound healing,positive regulation of blood coagulation,regulation of wound healing,positive regulation of response to wounding,regulation of coagulation,regulation of blood coagulation,regulation of response to wounding,regulation of response to stress,regulation of hemostasis,positive regulation of hemostasis,positive regulation of biological process,positive regulation of response to stimulus,regulation of response to stimulus,positive regulation of multicellular organismal process,regulation of body fluid levels,regulation of response to external stimulus,regulation of multicellular organismal process,regulation of biological process,positive regulation of coagulation	positive regulation of blood coagulation,regulation of coagulation,regulation of blood coagulation,coagulation,response to wounding,regulation of response to stress,blood coagulation,positive regulation of biological process,hemostasis,positive regulation of response to stimulus,regulation of response to stimulus,wound healing,response to external stimulus,positive regulation of multicellular organismal process,regulation of body fluid levels,regulation of response to external stimulus,response to stimulus,multicellular organismal process,biological regulation,biological_process,regulation of biological quality,positive regulation of wound healing,regulation of wound healing,positive regulation of response to wounding,regulation of response to wounding,regulation of hemostasis,positive regulation of hemostasis,response to stress,regulation of multicellular organismal process,regulation of biological process,positive regulation of coagulation	positive regulation of blood coagulation			regulation_of_coagulation
UniProtKB:P07225	Vitamin K-dependent protein S		GO:0042730		UniProt	NCBITaxon:9606	IEA	UniProtKB-KW:KW-0280	PANTHER:PTHR24040	protein	UniProtKB:P07225	GO_REF:0000043	20250428	PROS1	Homo sapiens	biological regulation,negative regulation of wound healing,regulation of biological quality,biological_process,regulation of wound healing,regulation of coagulation,negative regulation of coagulation,regulation of blood coagulation,regulation of response to wounding,negative regulation of response to wounding,negative regulation of blood coagulation,negative regulation of hemostasis,regulation of response to stress,regulation of hemostasis,fibrinolysis,negative regulation of biological process,regulation of response to stimulus,negative regulation of response to stimulus,negative regulation of multicellular organismal process,negative regulation of response to external stimulus,regulation of body fluid levels,regulation of response to external stimulus,regulation of multicellular organismal process,regulation of biological process	regulation of coagulation,negative regulation of coagulation,regulation of blood coagulation,coagulation,negative regulation of blood coagulation,response to wounding,regulation of response to stress,blood coagulation,fibrinolysis,negative regulation of biological process,hemostasis,regulation of response to stimulus,wound healing,response to external stimulus,negative regulation of response to stimulus,negative regulation of multicellular organismal process,negative regulation of response to external stimulus,regulation of body fluid levels,regulation of response to external stimulus,response to stimulus,multicellular organismal process,biological regulation,negative regulation of wound healing,regulation of biological quality,biological_process,regulation of wound healing,regulation of response to wounding,negative regulation of response to wounding,negative regulation of hemostasis,regulation of hemostasis,response to stress,regulation of multicellular organismal process,regulation of biological process	fibrinolysis			regulation_of_coagulation
UniProtKB:P29323	Ephrin type-B receptor 2		GO:0030193		UniProt	NCBITaxon:9606	IMP		PANTHER:PTHR46877	protein	UniProtKB:P29323	PMID:30213874	20191029	EPHB2	Homo sapiens	biological regulation,biological_process,regulation of biological quality,regulation of wound healing,regulation of coagulation,regulation of blood coagulation,regulation of response to wounding,regulation of response to stress,regulation of hemostasis,regulation of response to stimulus,regulation of body fluid levels,regulation of response to external stimulus,regulation of multicellular organismal process,regulation of biological process	biological regulation,biological_process,regulation of biological quality,regulation of wound healing,regulation of coagulation,regulation of blood coagulation,regulation of response to wounding,coagulation,response to wounding,regulation of response to stress,regulation of hemostasis,blood coagulation,hemostasis,response to stress,regulation of response to stimulus,wound healing,response to external stimulus,regulation of body fluid levels,regulation of response to external stimulus,regulation of multicellular organismal process,regulation of biological process,response to stimulus,multicellular organismal process	regulation of blood coagulation			regulation_of_coagulation
UniProtKB:P19075	Tetraspanin-8		GO:0030195		Ensembl	NCBITaxon:9606	IEA	UniProtKB:A6IGL8,ensembl:ENSRNOP00000005909	PANTHER:PTHR19282	protein	UniProtKB:P19075	GO_REF:0000107	20250313	TSPAN8	Homo sapiens	biological regulation,negative regulation of wound healing,biological_process,regulation of biological quality,regulation of wound healing,regulation of coagulation,negative regulation of coagulation,regulation of blood coagulation,regulation of response to wounding,negative regulation of blood coagulation,negative regulation of response to wounding,negative regulation of hemostasis,regulation of response to stress,regulation of hemostasis,negative regulation of biological process,regulation of response to stimulus,negative regulation of response to stimulus,negative regulation of multicellular organismal process,negative regulation of response to external stimulus,regulation of body fluid levels,regulation of response to external stimulus,regulation of multicellular organismal process,regulation of biological process	regulation of coagulation,negative regulation of coagulation,regulation of blood coagulation,negative regulation of blood coagulation,coagulation,response to wounding,regulation of response to stress,blood coagulation,negative regulation of biological process,hemostasis,regulation of response to stimulus,wound healing,response to external stimulus,negative regulation of response to stimulus,negative regulation of multicellular organismal process,negative regulation of response to external stimulus,regulation of body fluid levels,regulation of response to external stimulus,response to stimulus,multicellular organismal process,biological regulation,negative regulation of wound healing,biological_process,regulation of biological quality,regulation of wound healing,regulation of response to wounding,negative regulation of response to wounding,negative regulation of hemostasis,regulation of hemostasis,response to stress,regulation of multicellular organismal process,regulation of biological process	negative regulation of blood coagulation			regulation_of_coagulation
UniProtKB:P19075	Tetraspanin-8		GO:0030195		Ensembl	NCBITaxon:9606	IEA	UniProtKB:O55158,ensembl:ENSRNOP00000005909	PANTHER:PTHR19282	protein	UniProtKB:P19075	GO_REF:0000107	20250313	TSPAN8	Homo sapiens	biological regulation,negative regulation of wound healing,biological_process,regulation of biological quality,regulation of wound healing,regulation of coagulation,negative regulation of coagulation,regulation of blood coagulation,regulation of response to wounding,negative regulation of blood coagulation,negative regulation of response to wounding,negative regulation of hemostasis,regulation of response to stress,regulation of hemostasis,negative regulation of biological process,regulation of response to stimulus,negative regulation of response to stimulus,negative regulation of multicellular organismal process,negative regulation of response to external stimulus,regulation of body fluid levels,regulation of response to external stimulus,regulation of multicellular organismal process,regulation of biological process	regulation of coagulation,negative regulation of coagulation,regulation of blood coagulation,negative regulation of blood coagulation,coagulation,response to wounding,regulation of response to stress,blood coagulation,negative regulation of biological process,hemostasis,regulation of response to stimulus,wound healing,response to external stimulus,negative regulation of response to stimulus,negative regulation of multicellular organismal process,negative regulation of response to external stimulus,regulation of body fluid levels,regulation of response to external stimulus,response to stimulus,multicellular organismal process,biological regulation,negative regulation of wound healing,biological_process,regulation of biological quality,regulation of wound healing,regulation of response to wounding,negative regulation of response to wounding,negative regulation of hemostasis,regulation of hemostasis,response to stress,regulation of multicellular organismal process,regulation of biological process	negative regulation of blood coagulation			regulation_of_coagulation
UniProtKB:P49768	Presenilin-1		GO:0050820		Ensembl	NCBITaxon:9606	IEA	UniProtKB:P49769,ensembl:ENSMUSP00000098786	PANTHER:PTHR10202	protein	UniProtKB:P49768	GO_REF:0000107	20250313	PSEN1	Homo sapiens	biological regulation,biological_process,regulation of coagulation,positive regulation of multicellular organismal process,regulation of multicellular organismal process,regulation of biological process,positive regulation of biological process,positive regulation of coagulation	biological regulation,biological_process,regulation of coagulation,positive regulation of multicellular organismal process,coagulation,regulation of multicellular organismal process,regulation of biological process,positive regulation of biological process,positive regulation of coagulation,multicellular organismal process	positive regulation of coagulation			regulation_of_coagulation
UniProtKB:Q11206	CMP-N-acetylneuraminate-beta-galactosamide-alpha-2,3-sialyltransferase 4		GO:0030194		UniProt	NCBITaxon:9606	ISS	UniProtKB:Q91Y74	PANTHER:PTHR13713	protein	UniProtKB:Q11206	GO_REF:0000024	20200915	ST3GAL4	Homo sapiens	biological regulation,biological_process,regulation of biological quality,positive regulation of wound healing,positive regulation of blood coagulation,regulation of wound healing,positive regulation of response to wounding,regulation of coagulation,regulation of blood coagulation,regulation of response to wounding,regulation of response to stress,regulation of hemostasis,positive regulation of hemostasis,positive regulation of biological process,positive regulation of response to stimulus,regulation of response to stimulus,positive regulation of multicellular organismal process,regulation of body fluid levels,regulation of response to external stimulus,regulation of multicellular organismal process,regulation of biological process,positive regulation of coagulation	positive regulation of blood coagulation,regulation of coagulation,regulation of blood coagulation,coagulation,response to wounding,regulation of response to stress,blood coagulation,positive regulation of biological process,hemostasis,positive regulation of response to stimulus,regulation of response to stimulus,wound healing,response to external stimulus,positive regulation of multicellular organismal process,regulation of body fluid levels,regulation of response to external stimulus,response to stimulus,multicellular organismal process,biological regulation,biological_process,regulation of biological quality,positive regulation of wound healing,regulation of wound healing,positive regulation of response to wounding,regulation of response to wounding,regulation of hemostasis,positive regulation of hemostasis,response to stress,regulation of multicellular organismal process,regulation of biological process,positive regulation of coagulation	positive regulation of blood coagulation			regulation_of_coagulation
UniProtKB:Q11206	CMP-N-acetylneuraminate-beta-galactosamide-alpha-2,3-sialyltransferase 4		GO:0030194		Ensembl	NCBITaxon:9606	IEA	UniProtKB:Q91Y74,ensembl:ENSMUSP00000034537	PANTHER:PTHR13713	protein	UniProtKB:Q11206	GO_REF:0000107	20250313	ST3GAL4	Homo sapiens	biological regulation,biological_process,regulation of biological quality,positive regulation of wound healing,positive regulation of blood coagulation,regulation of wound healing,positive regulation of response to wounding,regulation of coagulation,regulation of blood coagulation,regulation of response to wounding,regulation of response to stress,regulation of hemostasis,positive regulation of hemostasis,positive regulation of biological process,positive regulation of response to stimulus,regulation of response to stimulus,positive regulation of multicellular organismal process,regulation of body fluid levels,regulation of response to external stimulus,regulation of multicellular organismal process,regulation of biological process,positive regulation of coagulation	positive regulation of blood coagulation,regulation of coagulation,regulation of blood coagulation,coagulation,response to wounding,regulation of response to stress,blood coagulation,positive regulation of biological process,hemostasis,positive regulation of response to stimulus,regulation of response to stimulus,wound healing,response to external stimulus,positive regulation of multicellular organismal process,regulation of body fluid levels,regulation of response to external stimulus,response to stimulus,multicellular organismal process,biological regulation,biological_process,regulation of biological quality,positive regulation of wound healing,regulation of wound healing,positive regulation of response to wounding,regulation of response to wounding,regulation of hemostasis,positive regulation of hemostasis,response to stress,regulation of multicellular organismal process,regulation of biological process,positive regulation of coagulation	positive regulation of blood coagulation			regulation_of_coagulation
UniProtKB:P07093	Glia-derived nexin		GO:0010544		Ensembl	NCBITaxon:9606	IEA	UniProtKB:Q07235,ensembl:ENSMUSP00000027467	PANTHER:PTHR11461	protein	UniProtKB:P07093	GO_REF:0000107	20250313	SERPINE2	Homo sapiens	regulation of coagulation,negative regulation of coagulation,regulation of blood coagulation,negative regulation of blood coagulation,regulation of response to stress,negative regulation of biological process,regulation of response to stimulus,regulation of cellular process,negative regulation of response to stimulus,negative regulation of multicellular organismal process,negative regulation of response to external stimulus,regulation of body fluid levels,regulation of response to external stimulus,biological regulation,negative regulation of wound healing,regulation of biological quality,biological_process,regulation of wound healing,regulation of response to wounding,negative regulation of response to wounding,negative regulation of hemostasis,regulation of hemostasis,negative regulation of cellular process,negative regulation of platelet activation,regulation of cell activation,regulation of multicellular organismal process,regulation of biological process,negative regulation of cell activation,regulation of platelet activation	regulation of coagulation,negative regulation of coagulation,regulation of blood coagulation,coagulation,negative regulation of blood coagulation,response to wounding,regulation of response to stress,blood coagulation,negative regulation of biological process,hemostasis,regulation of response to stimulus,wound healing,response to external stimulus,regulation of cellular process,negative regulation of response to stimulus,negative regulation of multicellular organismal process,negative regulation of response to external stimulus,regulation of body fluid levels,regulation of response to external stimulus,platelet activation,response to stimulus,multicellular organismal process,biological regulation,negative regulation of wound healing,regulation of biological quality,biological_process,regulation of wound healing,regulation of response to wounding,negative regulation of response to wounding,negative regulation of hemostasis,regulation of hemostasis,negative regulation of cellular process,response to stress,cellular process,cell activation,negative regulation of platelet activation,regulation of cell activation,regulation of multicellular organismal process,regulation of biological process,negative regulation of cell activation,regulation of platelet activation	negative regulation of platelet activation			regulation_of_coagulation
UniProtKB:P07093	Glia-derived nexin		GO:0030195		UniProt	NCBITaxon:9606	IEA	ARBA:ARBA00085943	PANTHER:PTHR11461	protein	UniProtKB:P07093	GO_REF:0000117	20250428	SERPINE2	Homo sapiens	biological regulation,negative regulation of wound healing,biological_process,regulation of biological quality,regulation of wound healing,regulation of coagulation,negative regulation of coagulation,regulation of blood coagulation,regulation of response to wounding,negative regulation of blood coagulation,negative regulation of response to wounding,negative regulation of hemostasis,regulation of response to stress,regulation of hemostasis,negative regulation of biological process,regulation of response to stimulus,negative regulation of response to stimulus,negative regulation of multicellular organismal process,negative regulation of response to external stimulus,regulation of body fluid levels,regulation of response to external stimulus,regulation of multicellular organismal process,regulation of biological process	regulation of coagulation,negative regulation of coagulation,regulation of blood coagulation,negative regulation of blood coagulation,coagulation,response to wounding,regulation of response to stress,blood coagulation,negative regulation of biological process,hemostasis,regulation of response to stimulus,wound healing,response to external stimulus,negative regulation of response to stimulus,negative regulation of multicellular organismal process,negative regulation of response to external stimulus,regulation of body fluid levels,regulation of response to external stimulus,response to stimulus,multicellular organismal process,biological regulation,negative regulation of wound healing,biological_process,regulation of biological quality,regulation of wound healing,regulation of response to wounding,negative regulation of response to wounding,negative regulation of hemostasis,regulation of hemostasis,response to stress,regulation of multicellular organismal process,regulation of biological process	negative regulation of blood coagulation			regulation_of_coagulation
UniProtKB:P07093	Glia-derived nexin		GO:0030195		BHF-UCL	NCBITaxon:9606	IDA		PANTHER:PTHR11461	protein	UniProtKB:P07093	PMID:17379830	20100426	SERPINE2	Homo sapiens	biological regulation,negative regulation of wound healing,biological_process,regulation of biological quality,regulation of wound healing,regulation of coagulation,negative regulation of coagulation,regulation of blood coagulation,regulation of response to wounding,negative regulation of blood coagulation,negative regulation of response to wounding,negative regulation of hemostasis,regulation of response to stress,regulation of hemostasis,negative regulation of biological process,regulation of response to stimulus,negative regulation of response to stimulus,negative regulation of multicellular organismal process,negative regulation of response to external stimulus,regulation of body fluid levels,regulation of response to external stimulus,regulation of multicellular organismal process,regulation of biological process	regulation of coagulation,negative regulation of coagulation,regulation of blood coagulation,negative regulation of blood coagulation,coagulation,response to wounding,regulation of response to stress,blood coagulation,negative regulation of biological process,hemostasis,regulation of response to stimulus,wound healing,response to external stimulus,negative regulation of response to stimulus,negative regulation of multicellular organismal process,negative regulation of response to external stimulus,regulation of body fluid levels,regulation of response to external stimulus,response to stimulus,multicellular organismal process,biological regulation,negative regulation of wound healing,biological_process,regulation of biological quality,regulation of wound healing,regulation of response to wounding,negative regulation of response to wounding,negative regulation of hemostasis,regulation of hemostasis,response to stress,regulation of multicellular organismal process,regulation of biological process	negative regulation of blood coagulation			regulation_of_coagulation
UniProtKB:P07093	Glia-derived nexin		GO:0030195		BHF-UCL	NCBITaxon:9606	IC	GO:0004867	PANTHER:PTHR11461	protein	UniProtKB:P07093	PMID:19855083	20100423	SERPINE2	Homo sapiens	biological regulation,negative regulation of wound healing,biological_process,regulation of biological quality,regulation of wound healing,regulation of coagulation,negative regulation of coagulation,regulation of blood coagulation,regulation of response to wounding,negative regulation of blood coagulation,negative regulation of response to wounding,negative regulation of hemostasis,regulation of response to stress,regulation of hemostasis,negative regulation of biological process,regulation of response to stimulus,negative regulation of response to stimulus,negative regulation of multicellular organismal process,negative regulation of response to external stimulus,regulation of body fluid levels,regulation of response to external stimulus,regulation of multicellular organismal process,regulation of biological process	regulation of coagulation,negative regulation of coagulation,regulation of blood coagulation,negative regulation of blood coagulation,coagulation,response to wounding,regulation of response to stress,blood coagulation,negative regulation of biological process,hemostasis,regulation of response to stimulus,wound healing,response to external stimulus,negative regulation of response to stimulus,negative regulation of multicellular organismal process,negative regulation of response to external stimulus,regulation of body fluid levels,regulation of response to external stimulus,response to stimulus,multicellular organismal process,biological regulation,negative regulation of wound healing,biological_process,regulation of biological quality,regulation of wound healing,regulation of response to wounding,negative regulation of response to wounding,negative regulation of hemostasis,regulation of hemostasis,response to stress,regulation of multicellular organismal process,regulation of biological process	negative regulation of blood coagulation			regulation_of_coagulation
UniProtKB:P07093	Glia-derived nexin		GO:0090331		Ensembl	NCBITaxon:9606	IEA	UniProtKB:Q07235,ensembl:ENSMUSP00000027467	PANTHER:PTHR11461	protein	UniProtKB:P07093	GO_REF:0000107	20250313	SERPINE2	Homo sapiens	regulation of coagulation,regulation of cell-cell adhesion,negative regulation of coagulation,regulation of blood coagulation,negative regulation of homotypic cell-cell adhesion,negative regulation of platelet aggregation,negative regulation of cell-cell adhesion,regulation of homotypic cell-cell adhesion,negative regulation of blood coagulation,regulation of response to stress,regulation of platelet aggregation,negative regulation of biological process,regulation of response to stimulus,regulation of cellular process,negative regulation of response to stimulus,negative regulation of multicellular organismal process,negative regulation of response to external stimulus,regulation of body fluid levels,regulation of response to external stimulus,biological regulation,negative regulation of wound healing,regulation of biological quality,biological_process,regulation of wound healing,negative regulation of cell adhesion,regulation of response to wounding,negative regulation of response to wounding,negative regulation of hemostasis,regulation of hemostasis,negative regulation of cellular process,negative regulation of platelet activation,regulation of cell adhesion,regulation of cell activation,regulation of multicellular organismal process,regulation of biological process,negative regulation of cell activation,regulation of platelet activation	regulation of cell-cell adhesion,regulation of blood coagulation,negative regulation of homotypic cell-cell adhesion,negative regulation of platelet aggregation,negative regulation of cell-cell adhesion,regulation of homotypic cell-cell adhesion,negative regulation of blood coagulation,regulation of response to stress,regulation of platelet aggregation,negative regulation of biological process,wound healing,regulation of cellular process,negative regulation of multicellular organismal process,regulation of body fluid levels,homotypic cell-cell adhesion,platelet aggregation,biological regulation,negative regulation of wound healing,regulation of biological quality,biological_process,regulation of wound healing,negative regulation of cellular process,negative regulation of platelet activation,regulation of platelet activation,regulation of coagulation,negative regulation of coagulation,coagulation,response to wounding,cell adhesion,blood coagulation,hemostasis,regulation of response to stimulus,response to external stimulus,negative regulation of response to stimulus,negative regulation of response to external stimulus,regulation of response to external stimulus,platelet activation,response to stimulus,multicellular organismal process,negative regulation of cell adhesion,regulation of response to wounding,negative regulation of response to wounding,negative regulation of hemostasis,regulation of hemostasis,response to stress,cellular process,cell activation,regulation of cell adhesion,regulation of cell activation,regulation of multicellular organismal process,cell-cell adhesion,regulation of biological process,negative regulation of cell activation	negative regulation of platelet aggregation			regulation_of_coagulation
UniProtKB:P07093	Glia-derived nexin		GO:0090331		BHF-UCL	NCBITaxon:9606	ISS	UniProtKB:Q07235	PANTHER:PTHR11461	protein	UniProtKB:P07093	PMID:19855083	20100517	SERPINE2	Homo sapiens	regulation of coagulation,regulation of cell-cell adhesion,negative regulation of coagulation,regulation of blood coagulation,negative regulation of homotypic cell-cell adhesion,negative regulation of platelet aggregation,negative regulation of cell-cell adhesion,regulation of homotypic cell-cell adhesion,negative regulation of blood coagulation,regulation of response to stress,regulation of platelet aggregation,negative regulation of biological process,regulation of response to stimulus,regulation of cellular process,negative regulation of response to stimulus,negative regulation of multicellular organismal process,negative regulation of response to external stimulus,regulation of body fluid levels,regulation of response to external stimulus,biological regulation,negative regulation of wound healing,regulation of biological quality,biological_process,regulation of wound healing,negative regulation of cell adhesion,regulation of response to wounding,negative regulation of response to wounding,negative regulation of hemostasis,regulation of hemostasis,negative regulation of cellular process,negative regulation of platelet activation,regulation of cell adhesion,regulation of cell activation,regulation of multicellular organismal process,regulation of biological process,negative regulation of cell activation,regulation of platelet activation	regulation of cell-cell adhesion,regulation of blood coagulation,negative regulation of homotypic cell-cell adhesion,negative regulation of platelet aggregation,negative regulation of cell-cell adhesion,regulation of homotypic cell-cell adhesion,negative regulation of blood coagulation,regulation of response to stress,regulation of platelet aggregation,negative regulation of biological process,wound healing,regulation of cellular process,negative regulation of multicellular organismal process,regulation of body fluid levels,homotypic cell-cell adhesion,platelet aggregation,biological regulation,negative regulation of wound healing,regulation of biological quality,biological_process,regulation of wound healing,negative regulation of cellular process,negative regulation of platelet activation,regulation of platelet activation,regulation of coagulation,negative regulation of coagulation,coagulation,response to wounding,cell adhesion,blood coagulation,hemostasis,regulation of response to stimulus,response to external stimulus,negative regulation of response to stimulus,negative regulation of response to external stimulus,regulation of response to external stimulus,platelet activation,response to stimulus,multicellular organismal process,negative regulation of cell adhesion,regulation of response to wounding,negative regulation of response to wounding,negative regulation of hemostasis,regulation of hemostasis,response to stress,cellular process,cell activation,regulation of cell adhesion,regulation of cell activation,regulation of multicellular organismal process,cell-cell adhesion,regulation of biological process,negative regulation of cell activation	negative regulation of platelet aggregation			regulation_of_coagulation
UniProtKB:P07204	Thrombomodulin		GO:0030195		UniProt	NCBITaxon:9606	TAS		PANTHER:PTHR24036	protein	UniProtKB:P07204	PMID:15005336	20240613	THBD	Homo sapiens	biological regulation,negative regulation of wound healing,biological_process,regulation of biological quality,regulation of wound healing,regulation of coagulation,negative regulation of coagulation,regulation of blood coagulation,regulation of response to wounding,negative regulation of blood coagulation,negative regulation of response to wounding,negative regulation of hemostasis,regulation of response to stress,regulation of hemostasis,negative regulation of biological process,regulation of response to stimulus,negative regulation of response to stimulus,negative regulation of multicellular organismal process,negative regulation of response to external stimulus,regulation of body fluid levels,regulation of response to external stimulus,regulation of multicellular organismal process,regulation of biological process	regulation of coagulation,negative regulation of coagulation,regulation of blood coagulation,negative regulation of blood coagulation,coagulation,response to wounding,regulation of response to stress,blood coagulation,negative regulation of biological process,hemostasis,regulation of response to stimulus,wound healing,response to external stimulus,negative regulation of response to stimulus,negative regulation of multicellular organismal process,negative regulation of response to external stimulus,regulation of body fluid levels,regulation of response to external stimulus,response to stimulus,multicellular organismal process,biological regulation,negative regulation of wound healing,biological_process,regulation of biological quality,regulation of wound healing,regulation of response to wounding,negative regulation of response to wounding,negative regulation of hemostasis,regulation of hemostasis,response to stress,regulation of multicellular organismal process,regulation of biological process	negative regulation of blood coagulation			regulation_of_coagulation
UniProtKB:P07204	Thrombomodulin		GO:0010544		BHF-UCL	NCBITaxon:9606	TAS		PANTHER:PTHR24036	protein	UniProtKB:P07204	PMID:17379830	20100426	THBD	Homo sapiens	regulation of coagulation,negative regulation of coagulation,regulation of blood coagulation,negative regulation of blood coagulation,regulation of response to stress,negative regulation of biological process,regulation of response to stimulus,regulation of cellular process,negative regulation of response to stimulus,negative regulation of multicellular organismal process,negative regulation of response to external stimulus,regulation of body fluid levels,regulation of response to external stimulus,biological regulation,negative regulation of wound healing,regulation of biological quality,biological_process,regulation of wound healing,regulation of response to wounding,negative regulation of response to wounding,negative regulation of hemostasis,regulation of hemostasis,negative regulation of cellular process,negative regulation of platelet activation,regulation of cell activation,regulation of multicellular organismal process,regulation of biological process,negative regulation of cell activation,regulation of platelet activation	regulation of coagulation,negative regulation of coagulation,regulation of blood coagulation,coagulation,negative regulation of blood coagulation,response to wounding,regulation of response to stress,blood coagulation,negative regulation of biological process,hemostasis,regulation of response to stimulus,wound healing,response to external stimulus,regulation of cellular process,negative regulation of response to stimulus,negative regulation of multicellular organismal process,negative regulation of response to external stimulus,regulation of body fluid levels,regulation of response to external stimulus,platelet activation,response to stimulus,multicellular organismal process,biological regulation,negative regulation of wound healing,regulation of biological quality,biological_process,regulation of wound healing,regulation of response to wounding,negative regulation of response to wounding,negative regulation of hemostasis,regulation of hemostasis,negative regulation of cellular process,response to stress,cellular process,cell activation,negative regulation of platelet activation,regulation of cell activation,regulation of multicellular organismal process,regulation of biological process,negative regulation of cell activation,regulation of platelet activation	negative regulation of platelet activation			regulation_of_coagulation
UniProtKB:P07204	Thrombomodulin		GO:0030195		UniProt	NCBITaxon:9606	IDA		PANTHER:PTHR24036	protein	UniProtKB:P07204	PMID:10761923	20240613	THBD	Homo sapiens	biological regulation,negative regulation of wound healing,biological_process,regulation of biological quality,regulation of wound healing,regulation of coagulation,negative regulation of coagulation,regulation of blood coagulation,regulation of response to wounding,negative regulation of blood coagulation,negative regulation of response to wounding,negative regulation of hemostasis,regulation of response to stress,regulation of hemostasis,negative regulation of biological process,regulation of response to stimulus,negative regulation of response to stimulus,negative regulation of multicellular organismal process,negative regulation of response to external stimulus,regulation of body fluid levels,regulation of response to external stimulus,regulation of multicellular organismal process,regulation of biological process	regulation of coagulation,negative regulation of coagulation,regulation of blood coagulation,negative regulation of blood coagulation,coagulation,response to wounding,regulation of response to stress,blood coagulation,negative regulation of biological process,hemostasis,regulation of response to stimulus,wound healing,response to external stimulus,negative regulation of response to stimulus,negative regulation of multicellular organismal process,negative regulation of response to external stimulus,regulation of body fluid levels,regulation of response to external stimulus,response to stimulus,multicellular organismal process,biological regulation,negative regulation of wound healing,biological_process,regulation of biological quality,regulation of wound healing,regulation of response to wounding,negative regulation of response to wounding,negative regulation of hemostasis,regulation of hemostasis,response to stress,regulation of multicellular organismal process,regulation of biological process	negative regulation of blood coagulation			regulation_of_coagulation
UniProtKB:P07204	Thrombomodulin		GO:0030195		ComplexPortal	NCBITaxon:9606	NAS		PANTHER:PTHR24036	protein	UniProtKB:P07204	PMID:12524220	20240823	THBD	Homo sapiens	biological regulation,negative regulation of wound healing,biological_process,regulation of biological quality,regulation of wound healing,regulation of coagulation,negative regulation of coagulation,regulation of blood coagulation,regulation of response to wounding,negative regulation of blood coagulation,negative regulation of response to wounding,negative regulation of hemostasis,regulation of response to stress,regulation of hemostasis,negative regulation of biological process,regulation of response to stimulus,negative regulation of response to stimulus,negative regulation of multicellular organismal process,negative regulation of response to external stimulus,regulation of body fluid levels,regulation of response to external stimulus,regulation of multicellular organismal process,regulation of biological process	regulation of coagulation,negative regulation of coagulation,regulation of blood coagulation,negative regulation of blood coagulation,coagulation,response to wounding,regulation of response to stress,blood coagulation,negative regulation of biological process,hemostasis,regulation of response to stimulus,wound healing,response to external stimulus,negative regulation of response to stimulus,negative regulation of multicellular organismal process,negative regulation of response to external stimulus,regulation of body fluid levels,regulation of response to external stimulus,response to stimulus,multicellular organismal process,biological regulation,negative regulation of wound healing,biological_process,regulation of biological quality,regulation of wound healing,regulation of response to wounding,negative regulation of response to wounding,negative regulation of hemostasis,regulation of hemostasis,response to stress,regulation of multicellular organismal process,regulation of biological process	negative regulation of blood coagulation			regulation_of_coagulation
UniProtKB:P07204	Thrombomodulin		GO:0030195		BHF-UCL	NCBITaxon:9606	TAS		PANTHER:PTHR24036	protein	UniProtKB:P07204	PMID:17379830	20100426	THBD	Homo sapiens	biological regulation,negative regulation of wound healing,biological_process,regulation of biological quality,regulation of wound healing,regulation of coagulation,negative regulation of coagulation,regulation of blood coagulation,regulation of response to wounding,negative regulation of blood coagulation,negative regulation of response to wounding,negative regulation of hemostasis,regulation of response to stress,regulation of hemostasis,negative regulation of biological process,regulation of response to stimulus,negative regulation of response to stimulus,negative regulation of multicellular organismal process,negative regulation of response to external stimulus,regulation of body fluid levels,regulation of response to external stimulus,regulation of multicellular organismal process,regulation of biological process	regulation of coagulation,negative regulation of coagulation,regulation of blood coagulation,negative regulation of blood coagulation,coagulation,response to wounding,regulation of response to stress,blood coagulation,negative regulation of biological process,hemostasis,regulation of response to stimulus,wound healing,response to external stimulus,negative regulation of response to stimulus,negative regulation of multicellular organismal process,negative regulation of response to external stimulus,regulation of body fluid levels,regulation of response to external stimulus,response to stimulus,multicellular organismal process,biological regulation,negative regulation of wound healing,biological_process,regulation of biological quality,regulation of wound healing,regulation of response to wounding,negative regulation of response to wounding,negative regulation of hemostasis,regulation of hemostasis,response to stress,regulation of multicellular organismal process,regulation of biological process	negative regulation of blood coagulation			regulation_of_coagulation
UniProtKB:P07204	Thrombomodulin		GO:0050819		UniProt	NCBITaxon:9606	IEA	ARBA:ARBA00091769	PANTHER:PTHR24036	protein	UniProtKB:P07204	GO_REF:0000117	20250428	THBD	Homo sapiens	biological regulation,biological_process,regulation of coagulation,negative regulation of coagulation,negative regulation of multicellular organismal process,negative regulation of biological process,regulation of multicellular organismal process,regulation of biological process	biological regulation,biological_process,regulation of coagulation,negative regulation of coagulation,coagulation,negative regulation of multicellular organismal process,negative regulation of biological process,regulation of multicellular organismal process,regulation of biological process,multicellular organismal process	negative regulation of coagulation			regulation_of_coagulation
UniProtKB:P07204	Thrombomodulin		GO:0051918		BHF-UCL	NCBITaxon:9606	TAS		PANTHER:PTHR24036	protein	UniProtKB:P07204	PMID:17379830	20100426	THBD	Homo sapiens	regulation of coagulation,positive regulation of blood coagulation,regulation of blood coagulation,regulation of response to stress,negative regulation of biological process,positive regulation of biological process,positive regulation of response to stimulus,regulation of response to stimulus,positive regulation of multicellular organismal process,positive regulation of response to external stimulus,regulation of body fluid levels,regulation of response to external stimulus,biological regulation,regulation of biological quality,biological_process,positive regulation of wound healing,negative regulation of fibrinolysis,regulation of wound healing,positive regulation of response to wounding,regulation of response to wounding,regulation of fibrinolysis,regulation of hemostasis,positive regulation of hemostasis,regulation of multicellular organismal process,regulation of biological process,positive regulation of coagulation	regulation of coagulation,positive regulation of blood coagulation,negative regulation of coagulation,regulation of blood coagulation,coagulation,negative regulation of blood coagulation,response to wounding,regulation of response to stress,blood coagulation,negative regulation of biological process,fibrinolysis,positive regulation of biological process,hemostasis,positive regulation of response to stimulus,regulation of response to stimulus,wound healing,response to external stimulus,positive regulation of multicellular organismal process,negative regulation of response to stimulus,negative regulation of multicellular organismal process,negative regulation of response to external stimulus,positive regulation of response to external stimulus,regulation of body fluid levels,regulation of response to external stimulus,response to stimulus,multicellular organismal process,biological regulation,negative regulation of wound healing,regulation of biological quality,biological_process,positive regulation of wound healing,negative regulation of fibrinolysis,regulation of wound healing,positive regulation of response to wounding,regulation of response to wounding,regulation of fibrinolysis,negative regulation of response to wounding,negative regulation of hemostasis,regulation of hemostasis,positive regulation of hemostasis,response to stress,regulation of multicellular organismal process,regulation of biological process,positive regulation of coagulation	negative regulation of fibrinolysis			regulation_of_coagulation
UniProtKB:Q16236	Nuclear factor erythroid 2-related factor 2		GO:0030194		Ensembl	NCBITaxon:9606	IEA	UniProtKB:Q60795,ensembl:ENSMUSP00000099733	PANTHER:PTHR24411	protein	UniProtKB:Q16236	GO_REF:0000107	20250313	NFE2L2	Homo sapiens	biological regulation,biological_process,regulation of biological quality,positive regulation of wound healing,positive regulation of blood coagulation,regulation of wound healing,positive regulation of response to wounding,regulation of coagulation,regulation of blood coagulation,regulation of response to wounding,regulation of response to stress,regulation of hemostasis,positive regulation of hemostasis,positive regulation of biological process,positive regulation of response to stimulus,regulation of response to stimulus,positive regulation of multicellular organismal process,regulation of body fluid levels,regulation of response to external stimulus,regulation of multicellular organismal process,regulation of biological process,positive regulation of coagulation	positive regulation of blood coagulation,regulation of coagulation,regulation of blood coagulation,coagulation,response to wounding,regulation of response to stress,blood coagulation,positive regulation of biological process,hemostasis,positive regulation of response to stimulus,regulation of response to stimulus,wound healing,response to external stimulus,positive regulation of multicellular organismal process,regulation of body fluid levels,regulation of response to external stimulus,response to stimulus,multicellular organismal process,biological regulation,biological_process,regulation of biological quality,positive regulation of wound healing,regulation of wound healing,positive regulation of response to wounding,regulation of response to wounding,regulation of hemostasis,positive regulation of hemostasis,response to stress,regulation of multicellular organismal process,regulation of biological process,positive regulation of coagulation	positive regulation of blood coagulation			regulation_of_coagulation
UniProtKB:Q9Y6X5	Bis(5'-adenosyl)-triphosphatase ENPP4		GO:0030194		UniProt	NCBITaxon:9606	IDA		PANTHER:PTHR10151	protein	UniProtKB:Q9Y6X5	PMID:22995898	20130903	ENPP4	Homo sapiens	biological regulation,biological_process,regulation of biological quality,positive regulation of wound healing,positive regulation of blood coagulation,regulation of wound healing,positive regulation of response to wounding,regulation of coagulation,regulation of blood coagulation,regulation of response to wounding,regulation of response to stress,regulation of hemostasis,positive regulation of hemostasis,positive regulation of biological process,positive regulation of response to stimulus,regulation of response to stimulus,positive regulation of multicellular organismal process,regulation of body fluid levels,regulation of response to external stimulus,regulation of multicellular organismal process,regulation of biological process,positive regulation of coagulation	positive regulation of blood coagulation,regulation of coagulation,regulation of blood coagulation,coagulation,response to wounding,regulation of response to stress,blood coagulation,positive regulation of biological process,hemostasis,positive regulation of response to stimulus,regulation of response to stimulus,wound healing,response to external stimulus,positive regulation of multicellular organismal process,regulation of body fluid levels,regulation of response to external stimulus,response to stimulus,multicellular organismal process,biological regulation,biological_process,regulation of biological quality,positive regulation of wound healing,regulation of wound healing,positive regulation of response to wounding,regulation of response to wounding,regulation of hemostasis,positive regulation of hemostasis,response to stress,regulation of multicellular organismal process,regulation of biological process,positive regulation of coagulation	positive regulation of blood coagulation			regulation_of_coagulation
UniProtKB:P07359	Platelet glycoprotein Ib alpha chain		GO:0030193		UniProt	NCBITaxon:9606	TAS		PANTHER:PTHR24373	protein	UniProtKB:P07359	PMID:12855810	20040224	GP1BA	Homo sapiens	biological regulation,biological_process,regulation of biological quality,regulation of wound healing,regulation of coagulation,regulation of blood coagulation,regulation of response to wounding,regulation of response to stress,regulation of hemostasis,regulation of response to stimulus,regulation of body fluid levels,regulation of response to external stimulus,regulation of multicellular organismal process,regulation of biological process	biological regulation,biological_process,regulation of biological quality,regulation of wound healing,regulation of coagulation,regulation of blood coagulation,regulation of response to wounding,coagulation,response to wounding,regulation of response to stress,regulation of hemostasis,blood coagulation,hemostasis,response to stress,regulation of response to stimulus,wound healing,response to external stimulus,regulation of body fluid levels,regulation of response to external stimulus,regulation of multicellular organismal process,regulation of biological process,response to stimulus,multicellular organismal process	regulation of blood coagulation			regulation_of_coagulation
UniProtKB:P07359	Platelet glycoprotein Ib alpha chain		GO:0042730		UniProt	NCBITaxon:9606	IDA		PANTHER:PTHR24373	protein	UniProtKB:P07359	PMID:12855810	20040224	GP1BA	Homo sapiens	biological regulation,negative regulation of wound healing,regulation of biological quality,biological_process,regulation of wound healing,regulation of coagulation,negative regulation of coagulation,regulation of blood coagulation,regulation of response to wounding,negative regulation of response to wounding,negative regulation of blood coagulation,negative regulation of hemostasis,regulation of response to stress,regulation of hemostasis,fibrinolysis,negative regulation of biological process,regulation of response to stimulus,negative regulation of response to stimulus,negative regulation of multicellular organismal process,negative regulation of response to external stimulus,regulation of body fluid levels,regulation of response to external stimulus,regulation of multicellular organismal process,regulation of biological process	regulation of coagulation,negative regulation of coagulation,regulation of blood coagulation,coagulation,negative regulation of blood coagulation,response to wounding,regulation of response to stress,blood coagulation,fibrinolysis,negative regulation of biological process,hemostasis,regulation of response to stimulus,wound healing,response to external stimulus,negative regulation of response to stimulus,negative regulation of multicellular organismal process,negative regulation of response to external stimulus,regulation of body fluid levels,regulation of response to external stimulus,response to stimulus,multicellular organismal process,biological regulation,negative regulation of wound healing,regulation of biological quality,biological_process,regulation of wound healing,regulation of response to wounding,negative regulation of response to wounding,negative regulation of hemostasis,regulation of hemostasis,response to stress,regulation of multicellular organismal process,regulation of biological process	fibrinolysis			regulation_of_coagulation
UniProtKB:P10646	Tissue factor pathway inhibitor		GO:0030195	"{""relationship"": {""relation"": [{""id"": ""BFO:0000066""\, ""label"": ""occurs in""}]\, ""id"": ""CL:0000066""\, ""label"": ""epithelial cell""}}"	UniProt	NCBITaxon:9606	IDA		PANTHER:PTHR10083	protein	UniProtKB:P10646	PMID:21868574	20171107	TFPI	Homo sapiens	biological regulation,negative regulation of wound healing,biological_process,regulation of biological quality,regulation of wound healing,regulation of coagulation,negative regulation of coagulation,regulation of blood coagulation,regulation of response to wounding,negative regulation of blood coagulation,negative regulation of response to wounding,negative regulation of hemostasis,regulation of response to stress,regulation of hemostasis,negative regulation of biological process,regulation of response to stimulus,negative regulation of response to stimulus,negative regulation of multicellular organismal process,negative regulation of response to external stimulus,regulation of body fluid levels,regulation of response to external stimulus,regulation of multicellular organismal process,regulation of biological process	regulation of coagulation,negative regulation of coagulation,regulation of blood coagulation,negative regulation of blood coagulation,coagulation,response to wounding,regulation of response to stress,blood coagulation,negative regulation of biological process,hemostasis,regulation of response to stimulus,wound healing,response to external stimulus,negative regulation of response to stimulus,negative regulation of multicellular organismal process,negative regulation of response to external stimulus,regulation of body fluid levels,regulation of response to external stimulus,response to stimulus,multicellular organismal process,biological regulation,negative regulation of wound healing,biological_process,regulation of biological quality,regulation of wound healing,regulation of response to wounding,negative regulation of response to wounding,negative regulation of hemostasis,regulation of hemostasis,response to stress,regulation of multicellular organismal process,regulation of biological process	negative regulation of blood coagulation			regulation_of_coagulation
UniProtKB:P13688	Cell adhesion molecule CEACAM1		GO:0090331		UniProt	NCBITaxon:9606	ISS	UniProtKB:P31809	PANTHER:PTHR44427	protein	UniProtKB:P13688	GO_REF:0000024	20160428	CEACAM1	Homo sapiens	regulation of coagulation,regulation of cell-cell adhesion,negative regulation of coagulation,regulation of blood coagulation,negative regulation of homotypic cell-cell adhesion,negative regulation of platelet aggregation,negative regulation of cell-cell adhesion,regulation of homotypic cell-cell adhesion,negative regulation of blood coagulation,regulation of response to stress,regulation of platelet aggregation,negative regulation of biological process,regulation of response to stimulus,regulation of cellular process,negative regulation of response to stimulus,negative regulation of multicellular organismal process,negative regulation of response to external stimulus,regulation of body fluid levels,regulation of response to external stimulus,biological regulation,negative regulation of wound healing,regulation of biological quality,biological_process,regulation of wound healing,negative regulation of cell adhesion,regulation of response to wounding,negative regulation of response to wounding,negative regulation of hemostasis,regulation of hemostasis,negative regulation of cellular process,negative regulation of platelet activation,regulation of cell adhesion,regulation of cell activation,regulation of multicellular organismal process,regulation of biological process,negative regulation of cell activation,regulation of platelet activation	regulation of cell-cell adhesion,regulation of blood coagulation,negative regulation of homotypic cell-cell adhesion,negative regulation of platelet aggregation,negative regulation of cell-cell adhesion,regulation of homotypic cell-cell adhesion,negative regulation of blood coagulation,regulation of response to stress,regulation of platelet aggregation,negative regulation of biological process,wound healing,regulation of cellular process,negative regulation of multicellular organismal process,regulation of body fluid levels,homotypic cell-cell adhesion,platelet aggregation,biological regulation,negative regulation of wound healing,regulation of biological quality,biological_process,regulation of wound healing,negative regulation of cellular process,negative regulation of platelet activation,regulation of platelet activation,regulation of coagulation,negative regulation of coagulation,coagulation,response to wounding,cell adhesion,blood coagulation,hemostasis,regulation of response to stimulus,response to external stimulus,negative regulation of response to stimulus,negative regulation of response to external stimulus,regulation of response to external stimulus,platelet activation,response to stimulus,multicellular organismal process,negative regulation of cell adhesion,regulation of response to wounding,negative regulation of response to wounding,negative regulation of hemostasis,regulation of hemostasis,response to stress,cellular process,cell activation,regulation of cell adhesion,regulation of cell activation,regulation of multicellular organismal process,cell-cell adhesion,regulation of biological process,negative regulation of cell activation	negative regulation of platelet aggregation			regulation_of_coagulation
UniProtKB:P03952	Plasma kallikrein		GO:0042730		UniProt	NCBITaxon:9606	IEA	UniProtKB-KW:KW-0280	PANTHER:PTHR24253	protein	UniProtKB:P03952	GO_REF:0000043	20250428	KLKB1	Homo sapiens	biological regulation,negative regulation of wound healing,regulation of biological quality,biological_process,regulation of wound healing,regulation of coagulation,negative regulation of coagulation,regulation of blood coagulation,regulation of response to wounding,negative regulation of response to wounding,negative regulation of blood coagulation,negative regulation of hemostasis,regulation of response to stress,regulation of hemostasis,fibrinolysis,negative regulation of biological process,regulation of response to stimulus,negative regulation of response to stimulus,negative regulation of multicellular organismal process,negative regulation of response to external stimulus,regulation of body fluid levels,regulation of response to external stimulus,regulation of multicellular organismal process,regulation of biological process	regulation of coagulation,negative regulation of coagulation,regulation of blood coagulation,coagulation,negative regulation of blood coagulation,response to wounding,regulation of response to stress,blood coagulation,fibrinolysis,negative regulation of biological process,hemostasis,regulation of response to stimulus,wound healing,response to external stimulus,negative regulation of response to stimulus,negative regulation of multicellular organismal process,negative regulation of response to external stimulus,regulation of body fluid levels,regulation of response to external stimulus,response to stimulus,multicellular organismal process,biological regulation,negative regulation of wound healing,regulation of biological quality,biological_process,regulation of wound healing,regulation of response to wounding,negative regulation of response to wounding,negative regulation of hemostasis,regulation of hemostasis,response to stress,regulation of multicellular organismal process,regulation of biological process	fibrinolysis			regulation_of_coagulation
UniProtKB:P03952	Plasma kallikrein		GO:0051919		UniProt	NCBITaxon:9606	IEA	ARBA:ARBA00089948	PANTHER:PTHR24253	protein	UniProtKB:P03952	GO_REF:0000117	20250428	KLKB1	Homo sapiens	regulation of coagulation,negative regulation of coagulation,regulation of blood coagulation,negative regulation of blood coagulation,regulation of response to stress,negative regulation of biological process,positive regulation of biological process,regulation of response to stimulus,negative regulation of response to stimulus,negative regulation of multicellular organismal process,negative regulation of response to external stimulus,regulation of body fluid levels,regulation of response to external stimulus,biological regulation,negative regulation of wound healing,regulation of biological quality,biological_process,regulation of wound healing,positive regulation of fibrinolysis,regulation of response to wounding,regulation of fibrinolysis,negative regulation of response to wounding,negative regulation of hemostasis,regulation of hemostasis,regulation of multicellular organismal process,regulation of biological process	regulation of coagulation,negative regulation of coagulation,regulation of blood coagulation,coagulation,negative regulation of blood coagulation,response to wounding,regulation of response to stress,blood coagulation,fibrinolysis,negative regulation of biological process,positive regulation of biological process,hemostasis,regulation of response to stimulus,wound healing,response to external stimulus,negative regulation of response to stimulus,negative regulation of multicellular organismal process,negative regulation of response to external stimulus,regulation of body fluid levels,regulation of response to external stimulus,response to stimulus,multicellular organismal process,biological regulation,negative regulation of wound healing,regulation of biological quality,biological_process,regulation of wound healing,positive regulation of fibrinolysis,regulation of response to wounding,regulation of fibrinolysis,negative regulation of response to wounding,negative regulation of hemostasis,regulation of hemostasis,response to stress,regulation of multicellular organismal process,regulation of biological process	positive regulation of fibrinolysis			regulation_of_coagulation
UniProtKB:P03952	Plasma kallikrein		GO:0051919		BHF-UCL	NCBITaxon:9606	IDA		PANTHER:PTHR24253	protein	UniProtKB:P03952	PMID:89876	20081015	KLKB1	Homo sapiens	regulation of coagulation,negative regulation of coagulation,regulation of blood coagulation,negative regulation of blood coagulation,regulation of response to stress,negative regulation of biological process,positive regulation of biological process,regulation of response to stimulus,negative regulation of response to stimulus,negative regulation of multicellular organismal process,negative regulation of response to external stimulus,regulation of body fluid levels,regulation of response to external stimulus,biological regulation,negative regulation of wound healing,regulation of biological quality,biological_process,regulation of wound healing,positive regulation of fibrinolysis,regulation of response to wounding,regulation of fibrinolysis,negative regulation of response to wounding,negative regulation of hemostasis,regulation of hemostasis,regulation of multicellular organismal process,regulation of biological process	regulation of coagulation,negative regulation of coagulation,regulation of blood coagulation,coagulation,negative regulation of blood coagulation,response to wounding,regulation of response to stress,blood coagulation,fibrinolysis,negative regulation of biological process,positive regulation of biological process,hemostasis,regulation of response to stimulus,wound healing,response to external stimulus,negative regulation of response to stimulus,negative regulation of multicellular organismal process,negative regulation of response to external stimulus,regulation of body fluid levels,regulation of response to external stimulus,response to stimulus,multicellular organismal process,biological regulation,negative regulation of wound healing,regulation of biological quality,biological_process,regulation of wound healing,positive regulation of fibrinolysis,regulation of response to wounding,regulation of fibrinolysis,negative regulation of response to wounding,negative regulation of hemostasis,regulation of hemostasis,response to stress,regulation of multicellular organismal process,regulation of biological process	positive regulation of fibrinolysis			regulation_of_coagulation
UniProtKB:P03952	Plasma kallikrein		GO:0051919		GO_Central	NCBITaxon:9606	IBA	PANTHER:PTN002548665,UniProtKB:P03952,UniProtKB:P03951	PANTHER:PTHR24253	protein		GO_REF:0000033	20250403	KLKB1	Homo sapiens	regulation of coagulation,negative regulation of coagulation,regulation of blood coagulation,negative regulation of blood coagulation,regulation of response to stress,negative regulation of biological process,positive regulation of biological process,regulation of response to stimulus,negative regulation of response to stimulus,negative regulation of multicellular organismal process,negative regulation of response to external stimulus,regulation of body fluid levels,regulation of response to external stimulus,biological regulation,negative regulation of wound healing,regulation of biological quality,biological_process,regulation of wound healing,positive regulation of fibrinolysis,regulation of response to wounding,regulation of fibrinolysis,negative regulation of response to wounding,negative regulation of hemostasis,regulation of hemostasis,regulation of multicellular organismal process,regulation of biological process	regulation of coagulation,negative regulation of coagulation,regulation of blood coagulation,coagulation,negative regulation of blood coagulation,response to wounding,regulation of response to stress,blood coagulation,fibrinolysis,negative regulation of biological process,positive regulation of biological process,hemostasis,regulation of response to stimulus,wound healing,response to external stimulus,negative regulation of response to stimulus,negative regulation of multicellular organismal process,negative regulation of response to external stimulus,regulation of body fluid levels,regulation of response to external stimulus,response to stimulus,multicellular organismal process,biological regulation,negative regulation of wound healing,regulation of biological quality,biological_process,regulation of wound healing,positive regulation of fibrinolysis,regulation of response to wounding,regulation of fibrinolysis,negative regulation of response to wounding,negative regulation of hemostasis,regulation of hemostasis,response to stress,regulation of multicellular organismal process,regulation of biological process	positive regulation of fibrinolysis			regulation_of_coagulation
UniProtKB:P03951	Coagulation factor XI		GO:0030193		Ensembl	NCBITaxon:9606	IEA	UniProtKB:Q91Y47,ensembl:ENSMUSP00000034064	PANTHER:PTHR24253	protein	UniProtKB:P03951	GO_REF:0000107	20250313	F11	Homo sapiens	biological regulation,biological_process,regulation of biological quality,regulation of wound healing,regulation of coagulation,regulation of blood coagulation,regulation of response to wounding,regulation of response to stress,regulation of hemostasis,regulation of response to stimulus,regulation of body fluid levels,regulation of response to external stimulus,regulation of multicellular organismal process,regulation of biological process	biological regulation,biological_process,regulation of biological quality,regulation of wound healing,regulation of coagulation,regulation of blood coagulation,regulation of response to wounding,coagulation,response to wounding,regulation of response to stress,regulation of hemostasis,blood coagulation,hemostasis,response to stress,regulation of response to stimulus,wound healing,response to external stimulus,regulation of body fluid levels,regulation of response to external stimulus,regulation of multicellular organismal process,regulation of biological process,response to stimulus,multicellular organismal process	regulation of blood coagulation			regulation_of_coagulation
UniProtKB:P03951	Coagulation factor XI		GO:0051919		UniProt	NCBITaxon:9606	IEA	ARBA:ARBA00089948	PANTHER:PTHR24253	protein	UniProtKB:P03951	GO_REF:0000117	20250428	F11	Homo sapiens	regulation of coagulation,negative regulation of coagulation,regulation of blood coagulation,negative regulation of blood coagulation,regulation of response to stress,negative regulation of biological process,positive regulation of biological process,regulation of response to stimulus,negative regulation of response to stimulus,negative regulation of multicellular organismal process,negative regulation of response to external stimulus,regulation of body fluid levels,regulation of response to external stimulus,biological regulation,negative regulation of wound healing,regulation of biological quality,biological_process,regulation of wound healing,positive regulation of fibrinolysis,regulation of response to wounding,regulation of fibrinolysis,negative regulation of response to wounding,negative regulation of hemostasis,regulation of hemostasis,regulation of multicellular organismal process,regulation of biological process	regulation of coagulation,negative regulation of coagulation,regulation of blood coagulation,coagulation,negative regulation of blood coagulation,response to wounding,regulation of response to stress,blood coagulation,fibrinolysis,negative regulation of biological process,positive regulation of biological process,hemostasis,regulation of response to stimulus,wound healing,response to external stimulus,negative regulation of response to stimulus,negative regulation of multicellular organismal process,negative regulation of response to external stimulus,regulation of body fluid levels,regulation of response to external stimulus,response to stimulus,multicellular organismal process,biological regulation,negative regulation of wound healing,regulation of biological quality,biological_process,regulation of wound healing,positive regulation of fibrinolysis,regulation of response to wounding,regulation of fibrinolysis,negative regulation of response to wounding,negative regulation of hemostasis,regulation of hemostasis,response to stress,regulation of multicellular organismal process,regulation of biological process	positive regulation of fibrinolysis			regulation_of_coagulation
UniProtKB:P03951	Coagulation factor XI		GO:0051919		BHF-UCL	NCBITaxon:9606	IDA		PANTHER:PTHR24253	protein	UniProtKB:P03951	PMID:89876	20081015	F11	Homo sapiens	regulation of coagulation,negative regulation of coagulation,regulation of blood coagulation,negative regulation of blood coagulation,regulation of response to stress,negative regulation of biological process,positive regulation of biological process,regulation of response to stimulus,negative regulation of response to stimulus,negative regulation of multicellular organismal process,negative regulation of response to external stimulus,regulation of body fluid levels,regulation of response to external stimulus,biological regulation,negative regulation of wound healing,regulation of biological quality,biological_process,regulation of wound healing,positive regulation of fibrinolysis,regulation of response to wounding,regulation of fibrinolysis,negative regulation of response to wounding,negative regulation of hemostasis,regulation of hemostasis,regulation of multicellular organismal process,regulation of biological process	regulation of coagulation,negative regulation of coagulation,regulation of blood coagulation,coagulation,negative regulation of blood coagulation,response to wounding,regulation of response to stress,blood coagulation,fibrinolysis,negative regulation of biological process,positive regulation of biological process,hemostasis,regulation of response to stimulus,wound healing,response to external stimulus,negative regulation of response to stimulus,negative regulation of multicellular organismal process,negative regulation of response to external stimulus,regulation of body fluid levels,regulation of response to external stimulus,response to stimulus,multicellular organismal process,biological regulation,negative regulation of wound healing,regulation of biological quality,biological_process,regulation of wound healing,positive regulation of fibrinolysis,regulation of response to wounding,regulation of fibrinolysis,negative regulation of response to wounding,negative regulation of hemostasis,regulation of hemostasis,response to stress,regulation of multicellular organismal process,regulation of biological process	positive regulation of fibrinolysis			regulation_of_coagulation
UniProtKB:P03951	Coagulation factor XI		GO:0051919		GO_Central	NCBITaxon:9606	IBA	PANTHER:PTN002548665,UniProtKB:P03952,UniProtKB:P03951	PANTHER:PTHR24253	protein		GO_REF:0000033	20250403	F11	Homo sapiens	regulation of coagulation,negative regulation of coagulation,regulation of blood coagulation,negative regulation of blood coagulation,regulation of response to stress,negative regulation of biological process,positive regulation of biological process,regulation of response to stimulus,negative regulation of response to stimulus,negative regulation of multicellular organismal process,negative regulation of response to external stimulus,regulation of body fluid levels,regulation of response to external stimulus,biological regulation,negative regulation of wound healing,regulation of biological quality,biological_process,regulation of wound healing,positive regulation of fibrinolysis,regulation of response to wounding,regulation of fibrinolysis,negative regulation of response to wounding,negative regulation of hemostasis,regulation of hemostasis,regulation of multicellular organismal process,regulation of biological process	regulation of coagulation,negative regulation of coagulation,regulation of blood coagulation,coagulation,negative regulation of blood coagulation,response to wounding,regulation of response to stress,blood coagulation,fibrinolysis,negative regulation of biological process,positive regulation of biological process,hemostasis,regulation of response to stimulus,wound healing,response to external stimulus,negative regulation of response to stimulus,negative regulation of multicellular organismal process,negative regulation of response to external stimulus,regulation of body fluid levels,regulation of response to external stimulus,response to stimulus,multicellular organismal process,biological regulation,negative regulation of wound healing,regulation of biological quality,biological_process,regulation of wound healing,positive regulation of fibrinolysis,regulation of response to wounding,regulation of fibrinolysis,negative regulation of response to wounding,negative regulation of hemostasis,regulation of hemostasis,response to stress,regulation of multicellular organismal process,regulation of biological process	positive regulation of fibrinolysis			regulation_of_coagulation
UniProtKB:P07355	Annexin A2		GO:0042730		Ensembl	NCBITaxon:9606	IEA	UniProtKB:P07356,ensembl:ENSMUSP00000034756	PANTHER:PTHR10502	protein	UniProtKB:P07355	GO_REF:0000107	20250313	ANXA2	Homo sapiens	biological regulation,negative regulation of wound healing,regulation of biological quality,biological_process,regulation of wound healing,regulation of coagulation,negative regulation of coagulation,regulation of blood coagulation,regulation of response to wounding,negative regulation of response to wounding,negative regulation of blood coagulation,negative regulation of hemostasis,regulation of response to stress,regulation of hemostasis,fibrinolysis,negative regulation of biological process,regulation of response to stimulus,negative regulation of response to stimulus,negative regulation of multicellular organismal process,negative regulation of response to external stimulus,regulation of body fluid levels,regulation of response to external stimulus,regulation of multicellular organismal process,regulation of biological process	regulation of coagulation,negative regulation of coagulation,regulation of blood coagulation,coagulation,negative regulation of blood coagulation,response to wounding,regulation of response to stress,blood coagulation,fibrinolysis,negative regulation of biological process,hemostasis,regulation of response to stimulus,wound healing,response to external stimulus,negative regulation of response to stimulus,negative regulation of multicellular organismal process,negative regulation of response to external stimulus,regulation of body fluid levels,regulation of response to external stimulus,response to stimulus,multicellular organismal process,biological regulation,negative regulation of wound healing,regulation of biological quality,biological_process,regulation of wound healing,regulation of response to wounding,negative regulation of response to wounding,negative regulation of hemostasis,regulation of hemostasis,response to stress,regulation of multicellular organismal process,regulation of biological process	fibrinolysis			regulation_of_coagulation
ComplexPortal:CPX-362	Heparanase complex		GO:0030194		ComplexPortal	NCBITaxon:9606	IDA			protein_complex		PMID:20634491	20241021	hpse_human-1	Homo sapiens	biological regulation,biological_process,regulation of biological quality,positive regulation of wound healing,positive regulation of blood coagulation,regulation of wound healing,positive regulation of response to wounding,regulation of coagulation,regulation of blood coagulation,regulation of response to wounding,regulation of response to stress,regulation of hemostasis,positive regulation of hemostasis,positive regulation of biological process,positive regulation of response to stimulus,regulation of response to stimulus,positive regulation of multicellular organismal process,regulation of body fluid levels,regulation of response to external stimulus,regulation of multicellular organismal process,regulation of biological process,positive regulation of coagulation	positive regulation of blood coagulation,regulation of coagulation,regulation of blood coagulation,coagulation,response to wounding,regulation of response to stress,blood coagulation,positive regulation of biological process,hemostasis,positive regulation of response to stimulus,regulation of response to stimulus,wound healing,response to external stimulus,positive regulation of multicellular organismal process,regulation of body fluid levels,regulation of response to external stimulus,response to stimulus,multicellular organismal process,biological regulation,biological_process,regulation of biological quality,positive regulation of wound healing,regulation of wound healing,positive regulation of response to wounding,regulation of response to wounding,regulation of hemostasis,positive regulation of hemostasis,response to stress,regulation of multicellular organismal process,regulation of biological process,positive regulation of coagulation	positive regulation of blood coagulation			regulation_of_coagulation
UniProtKB:P13726	Tissue factor		GO:0002543		BHF-UCL	NCBITaxon:9606	IDA		PANTHER:PTHR20859	protein	UniProtKB:P13726	PMID:17469850	20250115	F3	Homo sapiens	regulation of coagulation,positive regulation of blood coagulation,regulation of blood coagulation,regulation of response to stress,positive regulation of biological process,positive regulation of response to stimulus,regulation of response to stimulus,inflammatory response,positive regulation of multicellular organismal process,regulation of body fluid levels,regulation of response to external stimulus,response to stimulus,biological regulation,regulation of biological quality,biological_process,positive regulation of wound healing,regulation of wound healing,positive regulation of response to wounding,regulation of response to wounding,regulation of hemostasis,positive regulation of hemostasis,defense response,response to stress,activation of blood coagulation via clotting cascade,acute inflammatory response,regulation of multicellular organismal process,regulation of biological process,positive regulation of coagulation	regulation of coagulation,positive regulation of blood coagulation,regulation of blood coagulation,coagulation,response to wounding,regulation of response to stress,blood coagulation,positive regulation of biological process,hemostasis,positive regulation of response to stimulus,regulation of response to stimulus,wound healing,inflammatory response,response to external stimulus,positive regulation of multicellular organismal process,regulation of body fluid levels,regulation of response to external stimulus,response to stimulus,multicellular organismal process,biological regulation,regulation of biological quality,biological_process,positive regulation of wound healing,regulation of wound healing,positive regulation of response to wounding,regulation of response to wounding,regulation of hemostasis,positive regulation of hemostasis,defense response,response to stress,activation of blood coagulation via clotting cascade,acute inflammatory response,regulation of multicellular organismal process,regulation of biological process,positive regulation of coagulation	activation of blood coagulation via clotting cascade			regulation_of_coagulation
UniProtKB:P01008	Antithrombin-III		GO:0030193		InterPro	NCBITaxon:9606	IEA	InterPro:IPR033829	PANTHER:PTHR11461	protein	UniProtKB:P01008	GO_REF:0000002	20250429	SERPINC1	Homo sapiens	biological regulation,biological_process,regulation of biological quality,regulation of wound healing,regulation of coagulation,regulation of blood coagulation,regulation of response to wounding,regulation of response to stress,regulation of hemostasis,regulation of response to stimulus,regulation of body fluid levels,regulation of response to external stimulus,regulation of multicellular organismal process,regulation of biological process	biological regulation,biological_process,regulation of biological quality,regulation of wound healing,regulation of coagulation,regulation of blood coagulation,regulation of response to wounding,coagulation,response to wounding,regulation of response to stress,regulation of hemostasis,blood coagulation,hemostasis,response to stress,regulation of response to stimulus,wound healing,response to external stimulus,regulation of body fluid levels,regulation of response to external stimulus,regulation of multicellular organismal process,regulation of biological process,response to stimulus,multicellular organismal process	regulation of blood coagulation			regulation_of_coagulation
UniProtKB:P16234	Platelet-derived growth factor receptor alpha		GO:0010544		UniProt	NCBITaxon:9606	IDA		PANTHER:PTHR24416	protein	UniProtKB:P16234	PMID:8188664	20110930	PDGFRA	Homo sapiens	regulation of coagulation,negative regulation of coagulation,regulation of blood coagulation,negative regulation of blood coagulation,regulation of response to stress,negative regulation of biological process,regulation of response to stimulus,regulation of cellular process,negative regulation of response to stimulus,negative regulation of multicellular organismal process,negative regulation of response to external stimulus,regulation of body fluid levels,regulation of response to external stimulus,biological regulation,negative regulation of wound healing,regulation of biological quality,biological_process,regulation of wound healing,regulation of response to wounding,negative regulation of response to wounding,negative regulation of hemostasis,regulation of hemostasis,negative regulation of cellular process,negative regulation of platelet activation,regulation of cell activation,regulation of multicellular organismal process,regulation of biological process,negative regulation of cell activation,regulation of platelet activation	regulation of coagulation,negative regulation of coagulation,regulation of blood coagulation,coagulation,negative regulation of blood coagulation,response to wounding,regulation of response to stress,blood coagulation,negative regulation of biological process,hemostasis,regulation of response to stimulus,wound healing,response to external stimulus,regulation of cellular process,negative regulation of response to stimulus,negative regulation of multicellular organismal process,negative regulation of response to external stimulus,regulation of body fluid levels,regulation of response to external stimulus,platelet activation,response to stimulus,multicellular organismal process,biological regulation,negative regulation of wound healing,regulation of biological quality,biological_process,regulation of wound healing,regulation of response to wounding,negative regulation of response to wounding,negative regulation of hemostasis,regulation of hemostasis,negative regulation of cellular process,response to stress,cellular process,cell activation,negative regulation of platelet activation,regulation of cell activation,regulation of multicellular organismal process,regulation of biological process,negative regulation of cell activation,regulation of platelet activation	negative regulation of platelet activation			regulation_of_coagulation
UniProtKB:P08758	Annexin A5		GO:0050819		InterPro	NCBITaxon:9606	IEA	InterPro:IPR002392	PANTHER:PTHR10502	protein	UniProtKB:P08758	GO_REF:0000002	20250429	ANXA5	Homo sapiens	biological regulation,biological_process,regulation of coagulation,negative regulation of coagulation,negative regulation of multicellular organismal process,negative regulation of biological process,regulation of multicellular organismal process,regulation of biological process	biological regulation,biological_process,regulation of coagulation,negative regulation of coagulation,coagulation,negative regulation of multicellular organismal process,negative regulation of biological process,regulation of multicellular organismal process,regulation of biological process,multicellular organismal process	negative regulation of coagulation			regulation_of_coagulation
UniProtKB:P08709	Coagulation factor VII		GO:0030194		Ensembl	NCBITaxon:9606	IEA	UniProtKB:Q8K3U6,ensembl:ENSRNOP00000038466	PANTHER:PTHR24278	protein	UniProtKB:P08709	GO_REF:0000107	20250313	F7	Homo sapiens	biological regulation,biological_process,regulation of biological quality,positive regulation of wound healing,positive regulation of blood coagulation,regulation of wound healing,positive regulation of response to wounding,regulation of coagulation,regulation of blood coagulation,regulation of response to wounding,regulation of response to stress,regulation of hemostasis,positive regulation of hemostasis,positive regulation of biological process,positive regulation of response to stimulus,regulation of response to stimulus,positive regulation of multicellular organismal process,regulation of body fluid levels,regulation of response to external stimulus,regulation of multicellular organismal process,regulation of biological process,positive regulation of coagulation	positive regulation of blood coagulation,regulation of coagulation,regulation of blood coagulation,coagulation,response to wounding,regulation of response to stress,blood coagulation,positive regulation of biological process,hemostasis,positive regulation of response to stimulus,regulation of response to stimulus,wound healing,response to external stimulus,positive regulation of multicellular organismal process,regulation of body fluid levels,regulation of response to external stimulus,response to stimulus,multicellular organismal process,biological regulation,biological_process,regulation of biological quality,positive regulation of wound healing,regulation of wound healing,positive regulation of response to wounding,regulation of response to wounding,regulation of hemostasis,positive regulation of hemostasis,response to stress,regulation of multicellular organismal process,regulation of biological process,positive regulation of coagulation	positive regulation of blood coagulation			regulation_of_coagulation
UniProtKB:P08697	Alpha-2-antiplasmin		GO:0042730		Reactome	NCBITaxon:9606	TAS		PANTHER:PTHR11461	protein	UniProtKB:P08697	Reactome:R-HSA-75205	20241117	SERPINF2	Homo sapiens	biological regulation,negative regulation of wound healing,regulation of biological quality,biological_process,regulation of wound healing,regulation of coagulation,negative regulation of coagulation,regulation of blood coagulation,regulation of response to wounding,negative regulation of response to wounding,negative regulation of blood coagulation,negative regulation of hemostasis,regulation of response to stress,regulation of hemostasis,fibrinolysis,negative regulation of biological process,regulation of response to stimulus,negative regulation of response to stimulus,negative regulation of multicellular organismal process,negative regulation of response to external stimulus,regulation of body fluid levels,regulation of response to external stimulus,regulation of multicellular organismal process,regulation of biological process	regulation of coagulation,negative regulation of coagulation,regulation of blood coagulation,coagulation,negative regulation of blood coagulation,response to wounding,regulation of response to stress,blood coagulation,fibrinolysis,negative regulation of biological process,hemostasis,regulation of response to stimulus,wound healing,response to external stimulus,negative regulation of response to stimulus,negative regulation of multicellular organismal process,negative regulation of response to external stimulus,regulation of body fluid levels,regulation of response to external stimulus,response to stimulus,multicellular organismal process,biological regulation,negative regulation of wound healing,regulation of biological quality,biological_process,regulation of wound healing,regulation of response to wounding,negative regulation of response to wounding,negative regulation of hemostasis,regulation of hemostasis,response to stress,regulation of multicellular organismal process,regulation of biological process	fibrinolysis			regulation_of_coagulation
UniProtKB:P08697	Alpha-2-antiplasmin		GO:0051918		InterPro	NCBITaxon:9606	IEA	InterPro:IPR033833	PANTHER:PTHR11461	protein	UniProtKB:P08697	GO_REF:0000002	20250429	SERPINF2	Homo sapiens	regulation of coagulation,positive regulation of blood coagulation,regulation of blood coagulation,regulation of response to stress,negative regulation of biological process,positive regulation of biological process,positive regulation of response to stimulus,regulation of response to stimulus,positive regulation of multicellular organismal process,positive regulation of response to external stimulus,regulation of body fluid levels,regulation of response to external stimulus,biological regulation,regulation of biological quality,biological_process,positive regulation of wound healing,negative regulation of fibrinolysis,regulation of wound healing,positive regulation of response to wounding,regulation of response to wounding,regulation of fibrinolysis,regulation of hemostasis,positive regulation of hemostasis,regulation of multicellular organismal process,regulation of biological process,positive regulation of coagulation	regulation of coagulation,positive regulation of blood coagulation,negative regulation of coagulation,regulation of blood coagulation,coagulation,negative regulation of blood coagulation,response to wounding,regulation of response to stress,blood coagulation,negative regulation of biological process,fibrinolysis,positive regulation of biological process,hemostasis,positive regulation of response to stimulus,regulation of response to stimulus,wound healing,response to external stimulus,positive regulation of multicellular organismal process,negative regulation of response to stimulus,negative regulation of multicellular organismal process,negative regulation of response to external stimulus,positive regulation of response to external stimulus,regulation of body fluid levels,regulation of response to external stimulus,response to stimulus,multicellular organismal process,biological regulation,negative regulation of wound healing,regulation of biological quality,biological_process,positive regulation of wound healing,negative regulation of fibrinolysis,regulation of wound healing,positive regulation of response to wounding,regulation of response to wounding,regulation of fibrinolysis,negative regulation of response to wounding,negative regulation of hemostasis,regulation of hemostasis,positive regulation of hemostasis,response to stress,regulation of multicellular organismal process,regulation of biological process,positive regulation of coagulation	negative regulation of fibrinolysis			regulation_of_coagulation
UniProtKB:P08697	Alpha-2-antiplasmin		GO:0051918		Ensembl	NCBITaxon:9606	IEA	UniProtKB:A0A8I6AQI7,ensembl:ENSRNOP00000096218	PANTHER:PTHR11461	protein	UniProtKB:P08697	GO_REF:0000107	20250313	SERPINF2	Homo sapiens	regulation of coagulation,positive regulation of blood coagulation,regulation of blood coagulation,regulation of response to stress,negative regulation of biological process,positive regulation of biological process,positive regulation of response to stimulus,regulation of response to stimulus,positive regulation of multicellular organismal process,positive regulation of response to external stimulus,regulation of body fluid levels,regulation of response to external stimulus,biological regulation,regulation of biological quality,biological_process,positive regulation of wound healing,negative regulation of fibrinolysis,regulation of wound healing,positive regulation of response to wounding,regulation of response to wounding,regulation of fibrinolysis,regulation of hemostasis,positive regulation of hemostasis,regulation of multicellular organismal process,regulation of biological process,positive regulation of coagulation	regulation of coagulation,positive regulation of blood coagulation,negative regulation of coagulation,regulation of blood coagulation,coagulation,negative regulation of blood coagulation,response to wounding,regulation of response to stress,blood coagulation,negative regulation of biological process,fibrinolysis,positive regulation of biological process,hemostasis,positive regulation of response to stimulus,regulation of response to stimulus,wound healing,response to external stimulus,positive regulation of multicellular organismal process,negative regulation of response to stimulus,negative regulation of multicellular organismal process,negative regulation of response to external stimulus,positive regulation of response to external stimulus,regulation of body fluid levels,regulation of response to external stimulus,response to stimulus,multicellular organismal process,biological regulation,negative regulation of wound healing,regulation of biological quality,biological_process,positive regulation of wound healing,negative regulation of fibrinolysis,regulation of wound healing,positive regulation of response to wounding,regulation of response to wounding,regulation of fibrinolysis,negative regulation of response to wounding,negative regulation of hemostasis,regulation of hemostasis,positive regulation of hemostasis,response to stress,regulation of multicellular organismal process,regulation of biological process,positive regulation of coagulation	negative regulation of fibrinolysis			regulation_of_coagulation
UniProtKB:P08697	Alpha-2-antiplasmin		GO:0051918		BHF-UCL	NCBITaxon:9606	IDA		PANTHER:PTHR11461	protein	UniProtKB:P08697	PMID:134998	20111202	SERPINF2	Homo sapiens	regulation of coagulation,positive regulation of blood coagulation,regulation of blood coagulation,regulation of response to stress,negative regulation of biological process,positive regulation of biological process,positive regulation of response to stimulus,regulation of response to stimulus,positive regulation of multicellular organismal process,positive regulation of response to external stimulus,regulation of body fluid levels,regulation of response to external stimulus,biological regulation,regulation of biological quality,biological_process,positive regulation of wound healing,negative regulation of fibrinolysis,regulation of wound healing,positive regulation of response to wounding,regulation of response to wounding,regulation of fibrinolysis,regulation of hemostasis,positive regulation of hemostasis,regulation of multicellular organismal process,regulation of biological process,positive regulation of coagulation	regulation of coagulation,positive regulation of blood coagulation,negative regulation of coagulation,regulation of blood coagulation,coagulation,negative regulation of blood coagulation,response to wounding,regulation of response to stress,blood coagulation,negative regulation of biological process,fibrinolysis,positive regulation of biological process,hemostasis,positive regulation of response to stimulus,regulation of response to stimulus,wound healing,response to external stimulus,positive regulation of multicellular organismal process,negative regulation of response to stimulus,negative regulation of multicellular organismal process,negative regulation of response to external stimulus,positive regulation of response to external stimulus,regulation of body fluid levels,regulation of response to external stimulus,response to stimulus,multicellular organismal process,biological regulation,negative regulation of wound healing,regulation of biological quality,biological_process,positive regulation of wound healing,negative regulation of fibrinolysis,regulation of wound healing,positive regulation of response to wounding,regulation of response to wounding,regulation of fibrinolysis,negative regulation of response to wounding,negative regulation of hemostasis,regulation of hemostasis,positive regulation of hemostasis,response to stress,regulation of multicellular organismal process,regulation of biological process,positive regulation of coagulation	negative regulation of fibrinolysis			regulation_of_coagulation
UniProtKB:P08697	Alpha-2-antiplasmin		GO:0050820		GO_Central	NCBITaxon:9606	IBA	PANTHER:PTN002606984,UniProtKB:P08697,RGD:1306692	PANTHER:PTHR11461	protein		GO_REF:0000033	20240924	SERPINF2	Homo sapiens	biological regulation,biological_process,regulation of coagulation,positive regulation of multicellular organismal process,regulation of multicellular organismal process,regulation of biological process,positive regulation of biological process,positive regulation of coagulation	biological regulation,biological_process,regulation of coagulation,positive regulation of multicellular organismal process,coagulation,regulation of multicellular organismal process,regulation of biological process,positive regulation of biological process,positive regulation of coagulation,multicellular organismal process	positive regulation of coagulation			regulation_of_coagulation
UniProtKB:P25116	Proteinase-activated receptor 1		GO:0030194		Ensembl	NCBITaxon:9606	IEA	UniProtKB:P30558,ensembl:ENSMUSP00000061754	PANTHER:PTHR24232	protein	UniProtKB:P25116	GO_REF:0000107	20250313	F2R	Homo sapiens	biological regulation,biological_process,regulation of biological quality,positive regulation of wound healing,positive regulation of blood coagulation,regulation of wound healing,positive regulation of response to wounding,regulation of coagulation,regulation of blood coagulation,regulation of response to wounding,regulation of response to stress,regulation of hemostasis,positive regulation of hemostasis,positive regulation of biological process,positive regulation of response to stimulus,regulation of response to stimulus,positive regulation of multicellular organismal process,regulation of body fluid levels,regulation of response to external stimulus,regulation of multicellular organismal process,regulation of biological process,positive regulation of coagulation	positive regulation of blood coagulation,regulation of coagulation,regulation of blood coagulation,coagulation,response to wounding,regulation of response to stress,blood coagulation,positive regulation of biological process,hemostasis,positive regulation of response to stimulus,regulation of response to stimulus,wound healing,response to external stimulus,positive regulation of multicellular organismal process,regulation of body fluid levels,regulation of response to external stimulus,response to stimulus,multicellular organismal process,biological regulation,biological_process,regulation of biological quality,positive regulation of wound healing,regulation of wound healing,positive regulation of response to wounding,regulation of response to wounding,regulation of hemostasis,positive regulation of hemostasis,response to stress,regulation of multicellular organismal process,regulation of biological process,positive regulation of coagulation	positive regulation of blood coagulation			regulation_of_coagulation
UniProtKB:P25116	Proteinase-activated receptor 1		GO:0030193		BHF-UCL	NCBITaxon:9606	IDA		PANTHER:PTHR24232	protein	UniProtKB:P25116	PMID:17848177	20080215	F2R	Homo sapiens	biological regulation,biological_process,regulation of biological quality,regulation of wound healing,regulation of coagulation,regulation of blood coagulation,regulation of response to wounding,regulation of response to stress,regulation of hemostasis,regulation of response to stimulus,regulation of body fluid levels,regulation of response to external stimulus,regulation of multicellular organismal process,regulation of biological process	biological regulation,biological_process,regulation of biological quality,regulation of wound healing,regulation of coagulation,regulation of blood coagulation,regulation of response to wounding,coagulation,response to wounding,regulation of response to stress,regulation of hemostasis,blood coagulation,hemostasis,response to stress,regulation of response to stimulus,wound healing,response to external stimulus,regulation of body fluid levels,regulation of response to external stimulus,regulation of multicellular organismal process,regulation of biological process,response to stimulus,multicellular organismal process	regulation of blood coagulation			regulation_of_coagulation
UniProtKB:P25116	Proteinase-activated receptor 1		GO:0030194		BHF-UCL	NCBITaxon:9606	IDA		PANTHER:PTHR24232	protein	UniProtKB:P25116	PMID:9038223	20080425	F2R	Homo sapiens	biological regulation,biological_process,regulation of biological quality,positive regulation of wound healing,positive regulation of blood coagulation,regulation of wound healing,positive regulation of response to wounding,regulation of coagulation,regulation of blood coagulation,regulation of response to wounding,regulation of response to stress,regulation of hemostasis,positive regulation of hemostasis,positive regulation of biological process,positive regulation of response to stimulus,regulation of response to stimulus,positive regulation of multicellular organismal process,regulation of body fluid levels,regulation of response to external stimulus,regulation of multicellular organismal process,regulation of biological process,positive regulation of coagulation	positive regulation of blood coagulation,regulation of coagulation,regulation of blood coagulation,coagulation,response to wounding,regulation of response to stress,blood coagulation,positive regulation of biological process,hemostasis,positive regulation of response to stimulus,regulation of response to stimulus,wound healing,response to external stimulus,positive regulation of multicellular organismal process,regulation of body fluid levels,regulation of response to external stimulus,response to stimulus,multicellular organismal process,biological regulation,biological_process,regulation of biological quality,positive regulation of wound healing,regulation of wound healing,positive regulation of response to wounding,regulation of response to wounding,regulation of hemostasis,positive regulation of hemostasis,response to stress,regulation of multicellular organismal process,regulation of biological process,positive regulation of coagulation	positive regulation of blood coagulation			regulation_of_coagulation
UniProtKB:P25116	Proteinase-activated receptor 1		GO:0030194		GO_Central	NCBITaxon:9606	IBA	PANTHER:PTN002796613,UniProtKB:P25116,MGI:MGI:101802	PANTHER:PTHR24232	protein		GO_REF:0000033	20200330	F2R	Homo sapiens	biological regulation,biological_process,regulation of biological quality,positive regulation of wound healing,positive regulation of blood coagulation,regulation of wound healing,positive regulation of response to wounding,regulation of coagulation,regulation of blood coagulation,regulation of response to wounding,regulation of response to stress,regulation of hemostasis,positive regulation of hemostasis,positive regulation of biological process,positive regulation of response to stimulus,regulation of response to stimulus,positive regulation of multicellular organismal process,regulation of body fluid levels,regulation of response to external stimulus,regulation of multicellular organismal process,regulation of biological process,positive regulation of coagulation	positive regulation of blood coagulation,regulation of coagulation,regulation of blood coagulation,coagulation,response to wounding,regulation of response to stress,blood coagulation,positive regulation of biological process,hemostasis,positive regulation of response to stimulus,regulation of response to stimulus,wound healing,response to external stimulus,positive regulation of multicellular organismal process,regulation of body fluid levels,regulation of response to external stimulus,response to stimulus,multicellular organismal process,biological regulation,biological_process,regulation of biological quality,positive regulation of wound healing,regulation of wound healing,positive regulation of response to wounding,regulation of response to wounding,regulation of hemostasis,positive regulation of hemostasis,response to stress,regulation of multicellular organismal process,regulation of biological process,positive regulation of coagulation	positive regulation of blood coagulation			regulation_of_coagulation
UniProtKB:P02671	Fibrinogen alpha chain		GO:0042730		UniProt	NCBITaxon:9606	IEA	ARBA:ARBA00088389	PANTHER:PTHR47221	protein	UniProtKB:P02671	GO_REF:0000117	20250428	FGA	Homo sapiens	biological regulation,negative regulation of wound healing,regulation of biological quality,biological_process,regulation of wound healing,regulation of coagulation,negative regulation of coagulation,regulation of blood coagulation,regulation of response to wounding,negative regulation of response to wounding,negative regulation of blood coagulation,negative regulation of hemostasis,regulation of response to stress,regulation of hemostasis,fibrinolysis,negative regulation of biological process,regulation of response to stimulus,negative regulation of response to stimulus,negative regulation of multicellular organismal process,negative regulation of response to external stimulus,regulation of body fluid levels,regulation of response to external stimulus,regulation of multicellular organismal process,regulation of biological process	regulation of coagulation,negative regulation of coagulation,regulation of blood coagulation,coagulation,negative regulation of blood coagulation,response to wounding,regulation of response to stress,blood coagulation,fibrinolysis,negative regulation of biological process,hemostasis,regulation of response to stimulus,wound healing,response to external stimulus,negative regulation of response to stimulus,negative regulation of multicellular organismal process,negative regulation of response to external stimulus,regulation of body fluid levels,regulation of response to external stimulus,response to stimulus,multicellular organismal process,biological regulation,negative regulation of wound healing,regulation of biological quality,biological_process,regulation of wound healing,regulation of response to wounding,negative regulation of response to wounding,negative regulation of hemostasis,regulation of hemostasis,response to stress,regulation of multicellular organismal process,regulation of biological process	fibrinolysis			regulation_of_coagulation
UniProtKB:P02671	Fibrinogen alpha chain		GO:0042730		UniProt	NCBITaxon:9606	IDA		PANTHER:PTHR47221	protein	UniProtKB:P02671	PMID:16846481	20150430	FGA	Homo sapiens	biological regulation,negative regulation of wound healing,regulation of biological quality,biological_process,regulation of wound healing,regulation of coagulation,negative regulation of coagulation,regulation of blood coagulation,regulation of response to wounding,negative regulation of response to wounding,negative regulation of blood coagulation,negative regulation of hemostasis,regulation of response to stress,regulation of hemostasis,fibrinolysis,negative regulation of biological process,regulation of response to stimulus,negative regulation of response to stimulus,negative regulation of multicellular organismal process,negative regulation of response to external stimulus,regulation of body fluid levels,regulation of response to external stimulus,regulation of multicellular organismal process,regulation of biological process	regulation of coagulation,negative regulation of coagulation,regulation of blood coagulation,coagulation,negative regulation of blood coagulation,response to wounding,regulation of response to stress,blood coagulation,fibrinolysis,negative regulation of biological process,hemostasis,regulation of response to stimulus,wound healing,response to external stimulus,negative regulation of response to stimulus,negative regulation of multicellular organismal process,negative regulation of response to external stimulus,regulation of body fluid levels,regulation of response to external stimulus,response to stimulus,multicellular organismal process,biological regulation,negative regulation of wound healing,regulation of biological quality,biological_process,regulation of wound healing,regulation of response to wounding,negative regulation of response to wounding,negative regulation of hemostasis,regulation of hemostasis,response to stress,regulation of multicellular organismal process,regulation of biological process	fibrinolysis			regulation_of_coagulation
UniProtKB:P02671	Fibrinogen alpha chain		GO:2000261		BHF-UCL	NCBITaxon:9606	TAS		PANTHER:PTHR47221	protein	UniProtKB:P02671-PRO_0000009021	PMID:11529842	20140409	FGA	Homo sapiens	regulation of coagulation,negative regulation of coagulation,negative regulation of metabolic process,regulation of blood coagulation,negative regulation of blood coagulation\, common pathway,negative regulation of biosynthetic process,regulation of blood coagulation\, common pathway,negative regulation of blood coagulation,regulation of response to stress,negative regulation of biological process,regulation of protein metabolic process,regulation of response to stimulus,regulation of cellular process,negative regulation of response to stimulus,negative regulation of multicellular organismal process,negative regulation of response to external stimulus,regulation of macromolecule biosynthetic process,regulation of metabolic process,regulation of body fluid levels,negative regulation of macromolecule biosynthetic process,regulation of response to external stimulus,negative regulation of protein metabolic process,negative regulation of protein activation cascade,regulation of protein activation cascade,biological regulation,negative regulation of wound healing,regulation of biological quality,biological_process,regulation of macromolecule metabolic process,regulation of wound healing,regulation of response to wounding,negative regulation of response to wounding,negative regulation of hemostasis,regulation of hemostasis,negative regulation of cellular process,regulation of biosynthetic process,regulation of protein maturation,negative regulation of protein maturation,negative regulation of gene expression,negative regulation of macromolecule metabolic process,regulation of gene expression,regulation of multicellular organismal process,regulation of biological process,regulation of primary metabolic process	regulation of blood coagulation,negative regulation of blood coagulation,regulation of response to stress,primary metabolic process,negative regulation of biological process,regulation of protein metabolic process,wound healing,regulation of cellular process,negative regulation of multicellular organismal process,regulation of body fluid levels,protein maturation,negative regulation of protein metabolic process,biological regulation,negative regulation of wound healing,regulation of biological quality,biological_process,regulation of wound healing,metabolic process,negative regulation of cellular process,regulation of biosynthetic process,negative regulation of gene expression,blood coagulation\, common pathway,protein activation cascade,regulation of gene expression,gene expression,protein metabolic process,regulation of coagulation,negative regulation of coagulation,negative regulation of metabolic process,negative regulation of blood coagulation\, common pathway,coagulation,negative regulation of biosynthetic process,regulation of blood coagulation\, common pathway,response to wounding,macromolecule biosynthetic process,biosynthetic process,blood coagulation,hemostasis,macromolecule metabolic process,regulation of response to stimulus,response to external stimulus,negative regulation of response to stimulus,negative regulation of response to external stimulus,regulation of macromolecule biosynthetic process,regulation of metabolic process,negative regulation of macromolecule biosynthetic process,regulation of response to external stimulus,response to stimulus,negative regulation of protein activation cascade,multicellular organismal process,regulation of protein activation cascade,regulation of macromolecule metabolic process,regulation of response to wounding,negative regulation of response to wounding,negative regulation of hemostasis,regulation of hemostasis,regulation of protein maturation,response to stress,cellular process,negative regulation of protein maturation,negative regulation of macromolecule metabolic process,regulation of multicellular organismal process,regulation of biological process,regulation of primary metabolic process	negative regulation of blood coagulation, common pathway			regulation_of_coagulation
UniProtKB:P02671	Fibrinogen alpha chain		GO:0042730		GO_Central	NCBITaxon:9606	IBA	PANTHER:PTN008715159,UniProtKB:P02671	PANTHER:PTHR47221	protein		GO_REF:0000033	20231129	FGA	Homo sapiens	biological regulation,negative regulation of wound healing,regulation of biological quality,biological_process,regulation of wound healing,regulation of coagulation,negative regulation of coagulation,regulation of blood coagulation,regulation of response to wounding,negative regulation of response to wounding,negative regulation of blood coagulation,negative regulation of hemostasis,regulation of response to stress,regulation of hemostasis,fibrinolysis,negative regulation of biological process,regulation of response to stimulus,negative regulation of response to stimulus,negative regulation of multicellular organismal process,negative regulation of response to external stimulus,regulation of body fluid levels,regulation of response to external stimulus,regulation of multicellular organismal process,regulation of biological process	regulation of coagulation,negative regulation of coagulation,regulation of blood coagulation,coagulation,negative regulation of blood coagulation,response to wounding,regulation of response to stress,blood coagulation,fibrinolysis,negative regulation of biological process,hemostasis,regulation of response to stimulus,wound healing,response to external stimulus,negative regulation of response to stimulus,negative regulation of multicellular organismal process,negative regulation of response to external stimulus,regulation of body fluid levels,regulation of response to external stimulus,response to stimulus,multicellular organismal process,biological regulation,negative regulation of wound healing,regulation of biological quality,biological_process,regulation of wound healing,regulation of response to wounding,negative regulation of response to wounding,negative regulation of hemostasis,regulation of hemostasis,response to stress,regulation of multicellular organismal process,regulation of biological process	fibrinolysis			regulation_of_coagulation
UniProtKB:P02679	Fibrinogen gamma chain		GO:0042730		UniProt	NCBITaxon:9606	IEA	ARBA:ARBA00088389	PANTHER:PTHR19143	protein	UniProtKB:P02679	GO_REF:0000117	20250428	FGG	Homo sapiens	biological regulation,negative regulation of wound healing,regulation of biological quality,biological_process,regulation of wound healing,regulation of coagulation,negative regulation of coagulation,regulation of blood coagulation,regulation of response to wounding,negative regulation of response to wounding,negative regulation of blood coagulation,negative regulation of hemostasis,regulation of response to stress,regulation of hemostasis,fibrinolysis,negative regulation of biological process,regulation of response to stimulus,negative regulation of response to stimulus,negative regulation of multicellular organismal process,negative regulation of response to external stimulus,regulation of body fluid levels,regulation of response to external stimulus,regulation of multicellular organismal process,regulation of biological process	regulation of coagulation,negative regulation of coagulation,regulation of blood coagulation,coagulation,negative regulation of blood coagulation,response to wounding,regulation of response to stress,blood coagulation,fibrinolysis,negative regulation of biological process,hemostasis,regulation of response to stimulus,wound healing,response to external stimulus,negative regulation of response to stimulus,negative regulation of multicellular organismal process,negative regulation of response to external stimulus,regulation of body fluid levels,regulation of response to external stimulus,response to stimulus,multicellular organismal process,biological regulation,negative regulation of wound healing,regulation of biological quality,biological_process,regulation of wound healing,regulation of response to wounding,negative regulation of response to wounding,negative regulation of hemostasis,regulation of hemostasis,response to stress,regulation of multicellular organismal process,regulation of biological process	fibrinolysis			regulation_of_coagulation
UniProtKB:P02679	Fibrinogen gamma chain		GO:0042730		UniProt	NCBITaxon:9606	IDA		PANTHER:PTHR19143	protein	UniProtKB:P02679	PMID:16846481	20150430	FGG	Homo sapiens	biological regulation,negative regulation of wound healing,regulation of biological quality,biological_process,regulation of wound healing,regulation of coagulation,negative regulation of coagulation,regulation of blood coagulation,regulation of response to wounding,negative regulation of response to wounding,negative regulation of blood coagulation,negative regulation of hemostasis,regulation of response to stress,regulation of hemostasis,fibrinolysis,negative regulation of biological process,regulation of response to stimulus,negative regulation of response to stimulus,negative regulation of multicellular organismal process,negative regulation of response to external stimulus,regulation of body fluid levels,regulation of response to external stimulus,regulation of multicellular organismal process,regulation of biological process	regulation of coagulation,negative regulation of coagulation,regulation of blood coagulation,coagulation,negative regulation of blood coagulation,response to wounding,regulation of response to stress,blood coagulation,fibrinolysis,negative regulation of biological process,hemostasis,regulation of response to stimulus,wound healing,response to external stimulus,negative regulation of response to stimulus,negative regulation of multicellular organismal process,negative regulation of response to external stimulus,regulation of body fluid levels,regulation of response to external stimulus,response to stimulus,multicellular organismal process,biological regulation,negative regulation of wound healing,regulation of biological quality,biological_process,regulation of wound healing,regulation of response to wounding,negative regulation of response to wounding,negative regulation of hemostasis,regulation of hemostasis,response to stress,regulation of multicellular organismal process,regulation of biological process	fibrinolysis			regulation_of_coagulation
UniProtKB:P21731	Thromboxane A2 receptor		GO:0030194		Ensembl	NCBITaxon:9606	IEA	UniProtKB:P34978,ensembl:ENSRNOP00000027932	PANTHER:PTHR11866	protein	UniProtKB:P21731	GO_REF:0000107	20250313	TBXA2R	Homo sapiens	biological regulation,biological_process,regulation of biological quality,positive regulation of wound healing,positive regulation of blood coagulation,regulation of wound healing,positive regulation of response to wounding,regulation of coagulation,regulation of blood coagulation,regulation of response to wounding,regulation of response to stress,regulation of hemostasis,positive regulation of hemostasis,positive regulation of biological process,positive regulation of response to stimulus,regulation of response to stimulus,positive regulation of multicellular organismal process,regulation of body fluid levels,regulation of response to external stimulus,regulation of multicellular organismal process,regulation of biological process,positive regulation of coagulation	positive regulation of blood coagulation,regulation of coagulation,regulation of blood coagulation,coagulation,response to wounding,regulation of response to stress,blood coagulation,positive regulation of biological process,hemostasis,positive regulation of response to stimulus,regulation of response to stimulus,wound healing,response to external stimulus,positive regulation of multicellular organismal process,regulation of body fluid levels,regulation of response to external stimulus,response to stimulus,multicellular organismal process,biological regulation,biological_process,regulation of biological quality,positive regulation of wound healing,regulation of wound healing,positive regulation of response to wounding,regulation of response to wounding,regulation of hemostasis,positive regulation of hemostasis,response to stress,regulation of multicellular organismal process,regulation of biological process,positive regulation of coagulation	positive regulation of blood coagulation			regulation_of_coagulation
UniProtKB:P01127	Platelet-derived growth factor subunit B		GO:0010544		BHF-UCL	NCBITaxon:9606	IDA		PANTHER:PTHR11633	protein	UniProtKB:P01127	PMID:2538439	20080428	PDGFB	Homo sapiens	regulation of coagulation,negative regulation of coagulation,regulation of blood coagulation,negative regulation of blood coagulation,regulation of response to stress,negative regulation of biological process,regulation of response to stimulus,regulation of cellular process,negative regulation of response to stimulus,negative regulation of multicellular organismal process,negative regulation of response to external stimulus,regulation of body fluid levels,regulation of response to external stimulus,biological regulation,negative regulation of wound healing,regulation of biological quality,biological_process,regulation of wound healing,regulation of response to wounding,negative regulation of response to wounding,negative regulation of hemostasis,regulation of hemostasis,negative regulation of cellular process,negative regulation of platelet activation,regulation of cell activation,regulation of multicellular organismal process,regulation of biological process,negative regulation of cell activation,regulation of platelet activation	regulation of coagulation,negative regulation of coagulation,regulation of blood coagulation,coagulation,negative regulation of blood coagulation,response to wounding,regulation of response to stress,blood coagulation,negative regulation of biological process,hemostasis,regulation of response to stimulus,wound healing,response to external stimulus,regulation of cellular process,negative regulation of response to stimulus,negative regulation of multicellular organismal process,negative regulation of response to external stimulus,regulation of body fluid levels,regulation of response to external stimulus,platelet activation,response to stimulus,multicellular organismal process,biological regulation,negative regulation of wound healing,regulation of biological quality,biological_process,regulation of wound healing,regulation of response to wounding,negative regulation of response to wounding,negative regulation of hemostasis,regulation of hemostasis,negative regulation of cellular process,response to stress,cellular process,cell activation,negative regulation of platelet activation,regulation of cell activation,regulation of multicellular organismal process,regulation of biological process,negative regulation of cell activation,regulation of platelet activation	negative regulation of platelet activation			regulation_of_coagulation
UniProtKB:P21926	CD9 antigen		GO:0090331		UniProt	NCBITaxon:9606	IDA		PANTHER:PTHR19282	protein	UniProtKB:P21926	PMID:18541721	20170512	CD9	Homo sapiens	regulation of coagulation,regulation of cell-cell adhesion,negative regulation of coagulation,regulation of blood coagulation,negative regulation of homotypic cell-cell adhesion,negative regulation of platelet aggregation,negative regulation of cell-cell adhesion,regulation of homotypic cell-cell adhesion,negative regulation of blood coagulation,regulation of response to stress,regulation of platelet aggregation,negative regulation of biological process,regulation of response to stimulus,regulation of cellular process,negative regulation of response to stimulus,negative regulation of multicellular organismal process,negative regulation of response to external stimulus,regulation of body fluid levels,regulation of response to external stimulus,biological regulation,negative regulation of wound healing,regulation of biological quality,biological_process,regulation of wound healing,negative regulation of cell adhesion,regulation of response to wounding,negative regulation of response to wounding,negative regulation of hemostasis,regulation of hemostasis,negative regulation of cellular process,negative regulation of platelet activation,regulation of cell adhesion,regulation of cell activation,regulation of multicellular organismal process,regulation of biological process,negative regulation of cell activation,regulation of platelet activation	regulation of cell-cell adhesion,regulation of blood coagulation,negative regulation of homotypic cell-cell adhesion,negative regulation of platelet aggregation,negative regulation of cell-cell adhesion,regulation of homotypic cell-cell adhesion,negative regulation of blood coagulation,regulation of response to stress,regulation of platelet aggregation,negative regulation of biological process,wound healing,regulation of cellular process,negative regulation of multicellular organismal process,regulation of body fluid levels,homotypic cell-cell adhesion,platelet aggregation,biological regulation,negative regulation of wound healing,regulation of biological quality,biological_process,regulation of wound healing,negative regulation of cellular process,negative regulation of platelet activation,regulation of platelet activation,regulation of coagulation,negative regulation of coagulation,coagulation,response to wounding,cell adhesion,blood coagulation,hemostasis,regulation of response to stimulus,response to external stimulus,negative regulation of response to stimulus,negative regulation of response to external stimulus,regulation of response to external stimulus,platelet activation,response to stimulus,multicellular organismal process,negative regulation of cell adhesion,regulation of response to wounding,negative regulation of response to wounding,negative regulation of hemostasis,regulation of hemostasis,response to stress,cellular process,cell activation,regulation of cell adhesion,regulation of cell activation,regulation of multicellular organismal process,cell-cell adhesion,regulation of biological process,negative regulation of cell activation	negative regulation of platelet aggregation			regulation_of_coagulation
UniProtKB:Q9BXJ1	Complement C1q tumor necrosis factor-related protein 1		GO:0010544		UniProt	NCBITaxon:9606	IDA		PANTHER:PTHR22923	protein	UniProtKB:Q9BXJ1	PMID:16195328	20131211	C1QTNF1	Homo sapiens	regulation of coagulation,negative regulation of coagulation,regulation of blood coagulation,negative regulation of blood coagulation,regulation of response to stress,negative regulation of biological process,regulation of response to stimulus,regulation of cellular process,negative regulation of response to stimulus,negative regulation of multicellular organismal process,negative regulation of response to external stimulus,regulation of body fluid levels,regulation of response to external stimulus,biological regulation,negative regulation of wound healing,regulation of biological quality,biological_process,regulation of wound healing,regulation of response to wounding,negative regulation of response to wounding,negative regulation of hemostasis,regulation of hemostasis,negative regulation of cellular process,negative regulation of platelet activation,regulation of cell activation,regulation of multicellular organismal process,regulation of biological process,negative regulation of cell activation,regulation of platelet activation	regulation of coagulation,negative regulation of coagulation,regulation of blood coagulation,coagulation,negative regulation of blood coagulation,response to wounding,regulation of response to stress,blood coagulation,negative regulation of biological process,hemostasis,regulation of response to stimulus,wound healing,response to external stimulus,regulation of cellular process,negative regulation of response to stimulus,negative regulation of multicellular organismal process,negative regulation of response to external stimulus,regulation of body fluid levels,regulation of response to external stimulus,platelet activation,response to stimulus,multicellular organismal process,biological regulation,negative regulation of wound healing,regulation of biological quality,biological_process,regulation of wound healing,regulation of response to wounding,negative regulation of response to wounding,negative regulation of hemostasis,regulation of hemostasis,negative regulation of cellular process,response to stress,cellular process,cell activation,negative regulation of platelet activation,regulation of cell activation,regulation of multicellular organismal process,regulation of biological process,negative regulation of cell activation,regulation of platelet activation	negative regulation of platelet activation			regulation_of_coagulation
UniProtKB:Q9BXJ1	Complement C1q tumor necrosis factor-related protein 1		GO:0090331		UniProt	NCBITaxon:9606	IDA		PANTHER:PTHR22923	protein	UniProtKB:Q9BXJ1	PMID:16195328	20131211	C1QTNF1	Homo sapiens	regulation of coagulation,regulation of cell-cell adhesion,negative regulation of coagulation,regulation of blood coagulation,negative regulation of homotypic cell-cell adhesion,negative regulation of platelet aggregation,negative regulation of cell-cell adhesion,regulation of homotypic cell-cell adhesion,negative regulation of blood coagulation,regulation of response to stress,regulation of platelet aggregation,negative regulation of biological process,regulation of response to stimulus,regulation of cellular process,negative regulation of response to stimulus,negative regulation of multicellular organismal process,negative regulation of response to external stimulus,regulation of body fluid levels,regulation of response to external stimulus,biological regulation,negative regulation of wound healing,regulation of biological quality,biological_process,regulation of wound healing,negative regulation of cell adhesion,regulation of response to wounding,negative regulation of response to wounding,negative regulation of hemostasis,regulation of hemostasis,negative regulation of cellular process,negative regulation of platelet activation,regulation of cell adhesion,regulation of cell activation,regulation of multicellular organismal process,regulation of biological process,negative regulation of cell activation,regulation of platelet activation	regulation of cell-cell adhesion,regulation of blood coagulation,negative regulation of homotypic cell-cell adhesion,negative regulation of platelet aggregation,negative regulation of cell-cell adhesion,regulation of homotypic cell-cell adhesion,negative regulation of blood coagulation,regulation of response to stress,regulation of platelet aggregation,negative regulation of biological process,wound healing,regulation of cellular process,negative regulation of multicellular organismal process,regulation of body fluid levels,homotypic cell-cell adhesion,platelet aggregation,biological regulation,negative regulation of wound healing,regulation of biological quality,biological_process,regulation of wound healing,negative regulation of cellular process,negative regulation of platelet activation,regulation of platelet activation,regulation of coagulation,negative regulation of coagulation,coagulation,response to wounding,cell adhesion,blood coagulation,hemostasis,regulation of response to stimulus,response to external stimulus,negative regulation of response to stimulus,negative regulation of response to external stimulus,regulation of response to external stimulus,platelet activation,response to stimulus,multicellular organismal process,negative regulation of cell adhesion,regulation of response to wounding,negative regulation of response to wounding,negative regulation of hemostasis,regulation of hemostasis,response to stress,cellular process,cell activation,regulation of cell adhesion,regulation of cell activation,regulation of multicellular organismal process,cell-cell adhesion,regulation of biological process,negative regulation of cell activation	negative regulation of platelet aggregation			regulation_of_coagulation
UniProtKB:P22415	Upstream stimulatory factor 1		GO:0051918		BHF-UCL	NCBITaxon:9606	IC	GO:0000981	PANTHER:PTHR46117	protein	UniProtKB:P22415	PMID:18234320	20080624	USF1	Homo sapiens	regulation of coagulation,positive regulation of blood coagulation,regulation of blood coagulation,regulation of response to stress,negative regulation of biological process,positive regulation of biological process,positive regulation of response to stimulus,regulation of response to stimulus,positive regulation of multicellular organismal process,positive regulation of response to external stimulus,regulation of body fluid levels,regulation of response to external stimulus,biological regulation,regulation of biological quality,biological_process,positive regulation of wound healing,negative regulation of fibrinolysis,regulation of wound healing,positive regulation of response to wounding,regulation of response to wounding,regulation of fibrinolysis,regulation of hemostasis,positive regulation of hemostasis,regulation of multicellular organismal process,regulation of biological process,positive regulation of coagulation	regulation of coagulation,positive regulation of blood coagulation,negative regulation of coagulation,regulation of blood coagulation,coagulation,negative regulation of blood coagulation,response to wounding,regulation of response to stress,blood coagulation,negative regulation of biological process,fibrinolysis,positive regulation of biological process,hemostasis,positive regulation of response to stimulus,regulation of response to stimulus,wound healing,response to external stimulus,positive regulation of multicellular organismal process,negative regulation of response to stimulus,negative regulation of multicellular organismal process,negative regulation of response to external stimulus,positive regulation of response to external stimulus,regulation of body fluid levels,regulation of response to external stimulus,response to stimulus,multicellular organismal process,biological regulation,negative regulation of wound healing,regulation of biological quality,biological_process,positive regulation of wound healing,negative regulation of fibrinolysis,regulation of wound healing,positive regulation of response to wounding,regulation of response to wounding,regulation of fibrinolysis,negative regulation of response to wounding,negative regulation of hemostasis,regulation of hemostasis,positive regulation of hemostasis,response to stress,regulation of multicellular organismal process,regulation of biological process,positive regulation of coagulation	negative regulation of fibrinolysis			regulation_of_coagulation
UniProtKB:P18054	Polyunsaturated fatty acid lipoxygenase ALOX12		GO:0090331		UniProt	NCBITaxon:9606	ISS	UniProtKB:P39655	PANTHER:PTHR11771	protein	UniProtKB:P18054	GO_REF:0000024	20130710	ALOX12	Homo sapiens	regulation of coagulation,regulation of cell-cell adhesion,negative regulation of coagulation,regulation of blood coagulation,negative regulation of homotypic cell-cell adhesion,negative regulation of platelet aggregation,negative regulation of cell-cell adhesion,regulation of homotypic cell-cell adhesion,negative regulation of blood coagulation,regulation of response to stress,regulation of platelet aggregation,negative regulation of biological process,regulation of response to stimulus,regulation of cellular process,negative regulation of response to stimulus,negative regulation of multicellular organismal process,negative regulation of response to external stimulus,regulation of body fluid levels,regulation of response to external stimulus,biological regulation,negative regulation of wound healing,regulation of biological quality,biological_process,regulation of wound healing,negative regulation of cell adhesion,regulation of response to wounding,negative regulation of response to wounding,negative regulation of hemostasis,regulation of hemostasis,negative regulation of cellular process,negative regulation of platelet activation,regulation of cell adhesion,regulation of cell activation,regulation of multicellular organismal process,regulation of biological process,negative regulation of cell activation,regulation of platelet activation	regulation of cell-cell adhesion,regulation of blood coagulation,negative regulation of homotypic cell-cell adhesion,negative regulation of platelet aggregation,negative regulation of cell-cell adhesion,regulation of homotypic cell-cell adhesion,negative regulation of blood coagulation,regulation of response to stress,regulation of platelet aggregation,negative regulation of biological process,wound healing,regulation of cellular process,negative regulation of multicellular organismal process,regulation of body fluid levels,homotypic cell-cell adhesion,platelet aggregation,biological regulation,negative regulation of wound healing,regulation of biological quality,biological_process,regulation of wound healing,negative regulation of cellular process,negative regulation of platelet activation,regulation of platelet activation,regulation of coagulation,negative regulation of coagulation,coagulation,response to wounding,cell adhesion,blood coagulation,hemostasis,regulation of response to stimulus,response to external stimulus,negative regulation of response to stimulus,negative regulation of response to external stimulus,regulation of response to external stimulus,platelet activation,response to stimulus,multicellular organismal process,negative regulation of cell adhesion,regulation of response to wounding,negative regulation of response to wounding,negative regulation of hemostasis,regulation of hemostasis,response to stress,cellular process,cell activation,regulation of cell adhesion,regulation of cell activation,regulation of multicellular organismal process,cell-cell adhesion,regulation of biological process,negative regulation of cell activation	negative regulation of platelet aggregation			regulation_of_coagulation
UniProtKB:P18054	Polyunsaturated fatty acid lipoxygenase ALOX12		GO:0090331		Ensembl	NCBITaxon:9606	IEA	UniProtKB:P39655,ensembl:ENSMUSP00000000329	PANTHER:PTHR11771	protein	UniProtKB:P18054	GO_REF:0000107	20250313	ALOX12	Homo sapiens	regulation of coagulation,regulation of cell-cell adhesion,negative regulation of coagulation,regulation of blood coagulation,negative regulation of homotypic cell-cell adhesion,negative regulation of platelet aggregation,negative regulation of cell-cell adhesion,regulation of homotypic cell-cell adhesion,negative regulation of blood coagulation,regulation of response to stress,regulation of platelet aggregation,negative regulation of biological process,regulation of response to stimulus,regulation of cellular process,negative regulation of response to stimulus,negative regulation of multicellular organismal process,negative regulation of response to external stimulus,regulation of body fluid levels,regulation of response to external stimulus,biological regulation,negative regulation of wound healing,regulation of biological quality,biological_process,regulation of wound healing,negative regulation of cell adhesion,regulation of response to wounding,negative regulation of response to wounding,negative regulation of hemostasis,regulation of hemostasis,negative regulation of cellular process,negative regulation of platelet activation,regulation of cell adhesion,regulation of cell activation,regulation of multicellular organismal process,regulation of biological process,negative regulation of cell activation,regulation of platelet activation	regulation of cell-cell adhesion,regulation of blood coagulation,negative regulation of homotypic cell-cell adhesion,negative regulation of platelet aggregation,negative regulation of cell-cell adhesion,regulation of homotypic cell-cell adhesion,negative regulation of blood coagulation,regulation of response to stress,regulation of platelet aggregation,negative regulation of biological process,wound healing,regulation of cellular process,negative regulation of multicellular organismal process,regulation of body fluid levels,homotypic cell-cell adhesion,platelet aggregation,biological regulation,negative regulation of wound healing,regulation of biological quality,biological_process,regulation of wound healing,negative regulation of cellular process,negative regulation of platelet activation,regulation of platelet activation,regulation of coagulation,negative regulation of coagulation,coagulation,response to wounding,cell adhesion,blood coagulation,hemostasis,regulation of response to stimulus,response to external stimulus,negative regulation of response to stimulus,negative regulation of response to external stimulus,regulation of response to external stimulus,platelet activation,response to stimulus,multicellular organismal process,negative regulation of cell adhesion,regulation of response to wounding,negative regulation of response to wounding,negative regulation of hemostasis,regulation of hemostasis,response to stress,cellular process,cell activation,regulation of cell adhesion,regulation of cell activation,regulation of multicellular organismal process,cell-cell adhesion,regulation of biological process,negative regulation of cell activation	negative regulation of platelet aggregation			regulation_of_coagulation
UniProtKB:Q4KMQ2	Anoctamin-6		GO:0002543		UniProt	NCBITaxon:9606	IMP		PANTHER:PTHR12308	protein	UniProtKB:Q4KMQ2	PMID:21107324	20110406	ANO6	Homo sapiens	regulation of coagulation,positive regulation of blood coagulation,regulation of blood coagulation,regulation of response to stress,positive regulation of biological process,positive regulation of response to stimulus,regulation of response to stimulus,inflammatory response,positive regulation of multicellular organismal process,regulation of body fluid levels,regulation of response to external stimulus,response to stimulus,biological regulation,regulation of biological quality,biological_process,positive regulation of wound healing,regulation of wound healing,positive regulation of response to wounding,regulation of response to wounding,regulation of hemostasis,positive regulation of hemostasis,defense response,response to stress,activation of blood coagulation via clotting cascade,acute inflammatory response,regulation of multicellular organismal process,regulation of biological process,positive regulation of coagulation	regulation of coagulation,positive regulation of blood coagulation,regulation of blood coagulation,coagulation,response to wounding,regulation of response to stress,blood coagulation,positive regulation of biological process,hemostasis,positive regulation of response to stimulus,regulation of response to stimulus,wound healing,inflammatory response,response to external stimulus,positive regulation of multicellular organismal process,regulation of body fluid levels,regulation of response to external stimulus,response to stimulus,multicellular organismal process,biological regulation,regulation of biological quality,biological_process,positive regulation of wound healing,regulation of wound healing,positive regulation of response to wounding,regulation of response to wounding,regulation of hemostasis,positive regulation of hemostasis,defense response,response to stress,activation of blood coagulation via clotting cascade,acute inflammatory response,regulation of multicellular organismal process,regulation of biological process,positive regulation of coagulation	activation of blood coagulation via clotting cascade			regulation_of_coagulation
UniProtKB:Q4KMQ2	Anoctamin-6		GO:0097045		UniProt	NCBITaxon:9606	IMP		PANTHER:PTHR12308	protein	UniProtKB:Q4KMQ2	PMID:21107324	20110429	ANO6	Homo sapiens	regulation of coagulation,positive regulation of blood coagulation,regulation of blood coagulation,regulation of response to stress,positive regulation of biological process,phosphatidylserine exposure on blood platelet,positive regulation of response to stimulus,regulation of response to stimulus,plasma membrane organization,phospholipid translocation,positive regulation of multicellular organismal process,plasma membrane phospholipid scrambling,lipid translocation,macromolecule localization,organophosphate ester transport,regulation of body fluid levels,lipid localization,regulation of response to external stimulus,endomembrane system organization,biological regulation,regulation of biological quality,biological_process,membrane organization,positive regulation of wound healing,regulation of wound healing,positive regulation of response to wounding,regulation of response to wounding,regulation of hemostasis,positive regulation of hemostasis,transport,cellular process,lipid transport,localization,regulation of membrane lipid distribution,establishment of localization,cellular component organization,phospholipid transport,cellular component organization or biogenesis,regulation of multicellular organismal process,regulation of biological process,positive regulation of coagulation	positive regulation of blood coagulation,regulation of blood coagulation,regulation of response to stress,positive regulation of biological process,phosphatidylserine exposure on blood platelet,wound healing,plasma membrane organization,phospholipid translocation,positive regulation of multicellular organismal process,organophosphate ester transport,regulation of body fluid levels,endomembrane system organization,biological regulation,regulation of biological quality,biological_process,positive regulation of wound healing,regulation of wound healing,transport,localization,cellular component organization,phospholipid transport,cellular component organization or biogenesis,regulation of coagulation,coagulation,response to wounding,blood coagulation,hemostasis,positive regulation of response to stimulus,regulation of response to stimulus,response to external stimulus,plasma membrane phospholipid scrambling,lipid translocation,macromolecule localization,lipid localization,regulation of response to external stimulus,response to stimulus,multicellular organismal process,membrane organization,positive regulation of response to wounding,regulation of response to wounding,regulation of hemostasis,positive regulation of hemostasis,cellular process,response to stress,lipid transport,regulation of membrane lipid distribution,establishment of localization,regulation of multicellular organismal process,regulation of biological process,positive regulation of coagulation	phosphatidylserine exposure on blood platelet			regulation_of_coagulation
UniProtKB:P01042	Kininogen-1		GO:0030195		UniProt	NCBITaxon:9606	IDA		PANTHER:PTHR13814	protein	UniProtKB:P01042	PMID:11970955	20040708	KNG1	Homo sapiens	biological regulation,negative regulation of wound healing,biological_process,regulation of biological quality,regulation of wound healing,regulation of coagulation,negative regulation of coagulation,regulation of blood coagulation,regulation of response to wounding,negative regulation of blood coagulation,negative regulation of response to wounding,negative regulation of hemostasis,regulation of response to stress,regulation of hemostasis,negative regulation of biological process,regulation of response to stimulus,negative regulation of response to stimulus,negative regulation of multicellular organismal process,negative regulation of response to external stimulus,regulation of body fluid levels,regulation of response to external stimulus,regulation of multicellular organismal process,regulation of biological process	regulation of coagulation,negative regulation of coagulation,regulation of blood coagulation,negative regulation of blood coagulation,coagulation,response to wounding,regulation of response to stress,blood coagulation,negative regulation of biological process,hemostasis,regulation of response to stimulus,wound healing,response to external stimulus,negative regulation of response to stimulus,negative regulation of multicellular organismal process,negative regulation of response to external stimulus,regulation of body fluid levels,regulation of response to external stimulus,response to stimulus,multicellular organismal process,biological regulation,negative regulation of wound healing,biological_process,regulation of biological quality,regulation of wound healing,regulation of response to wounding,negative regulation of response to wounding,negative regulation of hemostasis,regulation of hemostasis,response to stress,regulation of multicellular organismal process,regulation of biological process	negative regulation of blood coagulation			regulation_of_coagulation
UniProtKB:P01042	Kininogen-1		GO:0030195		GO_Central	NCBITaxon:9606	IBA	PANTHER:PTN002674771,UniProtKB:P01042	PANTHER:PTHR13814	protein		GO_REF:0000033	20200319	KNG1	Homo sapiens	biological regulation,negative regulation of wound healing,biological_process,regulation of biological quality,regulation of wound healing,regulation of coagulation,negative regulation of coagulation,regulation of blood coagulation,regulation of response to wounding,negative regulation of blood coagulation,negative regulation of response to wounding,negative regulation of hemostasis,regulation of response to stress,regulation of hemostasis,negative regulation of biological process,regulation of response to stimulus,negative regulation of response to stimulus,negative regulation of multicellular organismal process,negative regulation of response to external stimulus,regulation of body fluid levels,regulation of response to external stimulus,regulation of multicellular organismal process,regulation of biological process	regulation of coagulation,negative regulation of coagulation,regulation of blood coagulation,negative regulation of blood coagulation,coagulation,response to wounding,regulation of response to stress,blood coagulation,negative regulation of biological process,hemostasis,regulation of response to stimulus,wound healing,response to external stimulus,negative regulation of response to stimulus,negative regulation of multicellular organismal process,negative regulation of response to external stimulus,regulation of body fluid levels,regulation of response to external stimulus,response to stimulus,multicellular organismal process,biological regulation,negative regulation of wound healing,biological_process,regulation of biological quality,regulation of wound healing,regulation of response to wounding,negative regulation of response to wounding,negative regulation of hemostasis,regulation of hemostasis,response to stress,regulation of multicellular organismal process,regulation of biological process	negative regulation of blood coagulation			regulation_of_coagulation
UniProtKB:P55085	Proteinase-activated receptor 2		GO:0030193		BHF-UCL	NCBITaxon:9606	IDA		PANTHER:PTHR24232	protein	UniProtKB:P55085	PMID:17848177	20080215	F2RL1	Homo sapiens	biological regulation,biological_process,regulation of biological quality,regulation of wound healing,regulation of coagulation,regulation of blood coagulation,regulation of response to wounding,regulation of response to stress,regulation of hemostasis,regulation of response to stimulus,regulation of body fluid levels,regulation of response to external stimulus,regulation of multicellular organismal process,regulation of biological process	biological regulation,biological_process,regulation of biological quality,regulation of wound healing,regulation of coagulation,regulation of blood coagulation,regulation of response to wounding,coagulation,response to wounding,regulation of response to stress,regulation of hemostasis,blood coagulation,hemostasis,response to stress,regulation of response to stimulus,wound healing,response to external stimulus,regulation of body fluid levels,regulation of response to external stimulus,regulation of multicellular organismal process,regulation of biological process,response to stimulus,multicellular organismal process	regulation of blood coagulation			regulation_of_coagulation
UniProtKB:P05155	Plasma protease C1 inhibitor		GO:0042730		UniProt	NCBITaxon:9606	IEA	UniProtKB-KW:KW-0280	PANTHER:PTHR11461	protein	UniProtKB:P05155	GO_REF:0000043	20250428	SERPING1	Homo sapiens	biological regulation,negative regulation of wound healing,regulation of biological quality,biological_process,regulation of wound healing,regulation of coagulation,negative regulation of coagulation,regulation of blood coagulation,regulation of response to wounding,negative regulation of response to wounding,negative regulation of blood coagulation,negative regulation of hemostasis,regulation of response to stress,regulation of hemostasis,fibrinolysis,negative regulation of biological process,regulation of response to stimulus,negative regulation of response to stimulus,negative regulation of multicellular organismal process,negative regulation of response to external stimulus,regulation of body fluid levels,regulation of response to external stimulus,regulation of multicellular organismal process,regulation of biological process	regulation of coagulation,negative regulation of coagulation,regulation of blood coagulation,coagulation,negative regulation of blood coagulation,response to wounding,regulation of response to stress,blood coagulation,fibrinolysis,negative regulation of biological process,hemostasis,regulation of response to stimulus,wound healing,response to external stimulus,negative regulation of response to stimulus,negative regulation of multicellular organismal process,negative regulation of response to external stimulus,regulation of body fluid levels,regulation of response to external stimulus,response to stimulus,multicellular organismal process,biological regulation,negative regulation of wound healing,regulation of biological quality,biological_process,regulation of wound healing,regulation of response to wounding,negative regulation of response to wounding,negative regulation of hemostasis,regulation of hemostasis,response to stress,regulation of multicellular organismal process,regulation of biological process	fibrinolysis			regulation_of_coagulation
UniProtKB:P05121	Plasminogen activator inhibitor 1		GO:0030194		BHF-UCL	NCBITaxon:9606	IMP		PANTHER:PTHR11461	protein	UniProtKB:P05121	PMID:9207454	20100219	SERPINE1	Homo sapiens	biological regulation,biological_process,regulation of biological quality,positive regulation of wound healing,positive regulation of blood coagulation,regulation of wound healing,positive regulation of response to wounding,regulation of coagulation,regulation of blood coagulation,regulation of response to wounding,regulation of response to stress,regulation of hemostasis,positive regulation of hemostasis,positive regulation of biological process,positive regulation of response to stimulus,regulation of response to stimulus,positive regulation of multicellular organismal process,regulation of body fluid levels,regulation of response to external stimulus,regulation of multicellular organismal process,regulation of biological process,positive regulation of coagulation	positive regulation of blood coagulation,regulation of coagulation,regulation of blood coagulation,coagulation,response to wounding,regulation of response to stress,blood coagulation,positive regulation of biological process,hemostasis,positive regulation of response to stimulus,regulation of response to stimulus,wound healing,response to external stimulus,positive regulation of multicellular organismal process,regulation of body fluid levels,regulation of response to external stimulus,response to stimulus,multicellular organismal process,biological regulation,biological_process,regulation of biological quality,positive regulation of wound healing,regulation of wound healing,positive regulation of response to wounding,regulation of response to wounding,regulation of hemostasis,positive regulation of hemostasis,response to stress,regulation of multicellular organismal process,regulation of biological process,positive regulation of coagulation	positive regulation of blood coagulation			regulation_of_coagulation
UniProtKB:P05121	Plasminogen activator inhibitor 1		GO:0030195		BHF-UCL	NCBITaxon:9606	IDA		PANTHER:PTHR11461	protein	UniProtKB:P05121	PMID:1695900	20250215	SERPINE1	Homo sapiens	biological regulation,negative regulation of wound healing,biological_process,regulation of biological quality,regulation of wound healing,regulation of coagulation,negative regulation of coagulation,regulation of blood coagulation,regulation of response to wounding,negative regulation of blood coagulation,negative regulation of response to wounding,negative regulation of hemostasis,regulation of response to stress,regulation of hemostasis,negative regulation of biological process,regulation of response to stimulus,negative regulation of response to stimulus,negative regulation of multicellular organismal process,negative regulation of response to external stimulus,regulation of body fluid levels,regulation of response to external stimulus,regulation of multicellular organismal process,regulation of biological process	regulation of coagulation,negative regulation of coagulation,regulation of blood coagulation,negative regulation of blood coagulation,coagulation,response to wounding,regulation of response to stress,blood coagulation,negative regulation of biological process,hemostasis,regulation of response to stimulus,wound healing,response to external stimulus,negative regulation of response to stimulus,negative regulation of multicellular organismal process,negative regulation of response to external stimulus,regulation of body fluid levels,regulation of response to external stimulus,response to stimulus,multicellular organismal process,biological regulation,negative regulation of wound healing,biological_process,regulation of biological quality,regulation of wound healing,regulation of response to wounding,negative regulation of response to wounding,negative regulation of hemostasis,regulation of hemostasis,response to stress,regulation of multicellular organismal process,regulation of biological process	negative regulation of blood coagulation			regulation_of_coagulation
UniProtKB:P05121	Plasminogen activator inhibitor 1		GO:0042730		Reactome	NCBITaxon:9606	TAS		PANTHER:PTHR11461	protein	UniProtKB:P05121	Reactome:R-HSA-75205	20241117	SERPINE1	Homo sapiens	biological regulation,negative regulation of wound healing,regulation of biological quality,biological_process,regulation of wound healing,regulation of coagulation,negative regulation of coagulation,regulation of blood coagulation,regulation of response to wounding,negative regulation of response to wounding,negative regulation of blood coagulation,negative regulation of hemostasis,regulation of response to stress,regulation of hemostasis,fibrinolysis,negative regulation of biological process,regulation of response to stimulus,negative regulation of response to stimulus,negative regulation of multicellular organismal process,negative regulation of response to external stimulus,regulation of body fluid levels,regulation of response to external stimulus,regulation of multicellular organismal process,regulation of biological process	regulation of coagulation,negative regulation of coagulation,regulation of blood coagulation,coagulation,negative regulation of blood coagulation,response to wounding,regulation of response to stress,blood coagulation,fibrinolysis,negative regulation of biological process,hemostasis,regulation of response to stimulus,wound healing,response to external stimulus,negative regulation of response to stimulus,negative regulation of multicellular organismal process,negative regulation of response to external stimulus,regulation of body fluid levels,regulation of response to external stimulus,response to stimulus,multicellular organismal process,biological regulation,negative regulation of wound healing,regulation of biological quality,biological_process,regulation of wound healing,regulation of response to wounding,negative regulation of response to wounding,negative regulation of hemostasis,regulation of hemostasis,response to stress,regulation of multicellular organismal process,regulation of biological process	fibrinolysis			regulation_of_coagulation
UniProtKB:P05121	Plasminogen activator inhibitor 1		GO:0051918		ComplexPortal	NCBITaxon:9606	NAS		PANTHER:PTHR11461	protein	UniProtKB:P05121	PMID:1695900	20250310	SERPINE1	Homo sapiens	regulation of coagulation,positive regulation of blood coagulation,regulation of blood coagulation,regulation of response to stress,negative regulation of biological process,positive regulation of biological process,positive regulation of response to stimulus,regulation of response to stimulus,positive regulation of multicellular organismal process,positive regulation of response to external stimulus,regulation of body fluid levels,regulation of response to external stimulus,biological regulation,regulation of biological quality,biological_process,positive regulation of wound healing,negative regulation of fibrinolysis,regulation of wound healing,positive regulation of response to wounding,regulation of response to wounding,regulation of fibrinolysis,regulation of hemostasis,positive regulation of hemostasis,regulation of multicellular organismal process,regulation of biological process,positive regulation of coagulation	regulation of coagulation,positive regulation of blood coagulation,negative regulation of coagulation,regulation of blood coagulation,coagulation,negative regulation of blood coagulation,response to wounding,regulation of response to stress,blood coagulation,negative regulation of biological process,fibrinolysis,positive regulation of biological process,hemostasis,positive regulation of response to stimulus,regulation of response to stimulus,wound healing,response to external stimulus,positive regulation of multicellular organismal process,negative regulation of response to stimulus,negative regulation of multicellular organismal process,negative regulation of response to external stimulus,positive regulation of response to external stimulus,regulation of body fluid levels,regulation of response to external stimulus,response to stimulus,multicellular organismal process,biological regulation,negative regulation of wound healing,regulation of biological quality,biological_process,positive regulation of wound healing,negative regulation of fibrinolysis,regulation of wound healing,positive regulation of response to wounding,regulation of response to wounding,regulation of fibrinolysis,negative regulation of response to wounding,negative regulation of hemostasis,regulation of hemostasis,positive regulation of hemostasis,response to stress,regulation of multicellular organismal process,regulation of biological process,positive regulation of coagulation	negative regulation of fibrinolysis			regulation_of_coagulation
UniProtKB:P05121	Plasminogen activator inhibitor 1		GO:0051918		BHF-UCL	NCBITaxon:9606	IDA		PANTHER:PTHR11461	protein	UniProtKB:P05121	PMID:2503541	20100219	SERPINE1	Homo sapiens	regulation of coagulation,positive regulation of blood coagulation,regulation of blood coagulation,regulation of response to stress,negative regulation of biological process,positive regulation of biological process,positive regulation of response to stimulus,regulation of response to stimulus,positive regulation of multicellular organismal process,positive regulation of response to external stimulus,regulation of body fluid levels,regulation of response to external stimulus,biological regulation,regulation of biological quality,biological_process,positive regulation of wound healing,negative regulation of fibrinolysis,regulation of wound healing,positive regulation of response to wounding,regulation of response to wounding,regulation of fibrinolysis,regulation of hemostasis,positive regulation of hemostasis,regulation of multicellular organismal process,regulation of biological process,positive regulation of coagulation	regulation of coagulation,positive regulation of blood coagulation,negative regulation of coagulation,regulation of blood coagulation,coagulation,negative regulation of blood coagulation,response to wounding,regulation of response to stress,blood coagulation,negative regulation of biological process,fibrinolysis,positive regulation of biological process,hemostasis,positive regulation of response to stimulus,regulation of response to stimulus,wound healing,response to external stimulus,positive regulation of multicellular organismal process,negative regulation of response to stimulus,negative regulation of multicellular organismal process,negative regulation of response to external stimulus,positive regulation of response to external stimulus,regulation of body fluid levels,regulation of response to external stimulus,response to stimulus,multicellular organismal process,biological regulation,negative regulation of wound healing,regulation of biological quality,biological_process,positive regulation of wound healing,negative regulation of fibrinolysis,regulation of wound healing,positive regulation of response to wounding,regulation of response to wounding,regulation of fibrinolysis,negative regulation of response to wounding,negative regulation of hemostasis,regulation of hemostasis,positive regulation of hemostasis,response to stress,regulation of multicellular organismal process,regulation of biological process,positive regulation of coagulation	negative regulation of fibrinolysis			regulation_of_coagulation
UniProtKB:P05121	Plasminogen activator inhibitor 1		GO:0051918		ComplexPortal	NCBITaxon:9606	NAS		PANTHER:PTHR11461	protein	UniProtKB:P05121	PMID:8508955	20250127	SERPINE1	Homo sapiens	regulation of coagulation,positive regulation of blood coagulation,regulation of blood coagulation,regulation of response to stress,negative regulation of biological process,positive regulation of biological process,positive regulation of response to stimulus,regulation of response to stimulus,positive regulation of multicellular organismal process,positive regulation of response to external stimulus,regulation of body fluid levels,regulation of response to external stimulus,biological regulation,regulation of biological quality,biological_process,positive regulation of wound healing,negative regulation of fibrinolysis,regulation of wound healing,positive regulation of response to wounding,regulation of response to wounding,regulation of fibrinolysis,regulation of hemostasis,positive regulation of hemostasis,regulation of multicellular organismal process,regulation of biological process,positive regulation of coagulation	regulation of coagulation,positive regulation of blood coagulation,negative regulation of coagulation,regulation of blood coagulation,coagulation,negative regulation of blood coagulation,response to wounding,regulation of response to stress,blood coagulation,negative regulation of biological process,fibrinolysis,positive regulation of biological process,hemostasis,positive regulation of response to stimulus,regulation of response to stimulus,wound healing,response to external stimulus,positive regulation of multicellular organismal process,negative regulation of response to stimulus,negative regulation of multicellular organismal process,negative regulation of response to external stimulus,positive regulation of response to external stimulus,regulation of body fluid levels,regulation of response to external stimulus,response to stimulus,multicellular organismal process,biological regulation,negative regulation of wound healing,regulation of biological quality,biological_process,positive regulation of wound healing,negative regulation of fibrinolysis,regulation of wound healing,positive regulation of response to wounding,regulation of response to wounding,regulation of fibrinolysis,negative regulation of response to wounding,negative regulation of hemostasis,regulation of hemostasis,positive regulation of hemostasis,response to stress,regulation of multicellular organismal process,regulation of biological process,positive regulation of coagulation	negative regulation of fibrinolysis			regulation_of_coagulation
UniProtKB:P05121	Plasminogen activator inhibitor 1		GO:0050820		GO_Central	NCBITaxon:9606	IBA	PANTHER:PTN002606950,UniProtKB:P05121,RGD:3249	PANTHER:PTHR11461	protein		GO_REF:0000033	20240924	SERPINE1	Homo sapiens	biological regulation,biological_process,regulation of coagulation,positive regulation of multicellular organismal process,regulation of multicellular organismal process,regulation of biological process,positive regulation of biological process,positive regulation of coagulation	biological regulation,biological_process,regulation of coagulation,positive regulation of multicellular organismal process,coagulation,regulation of multicellular organismal process,regulation of biological process,positive regulation of biological process,positive regulation of coagulation,multicellular organismal process	positive regulation of coagulation			regulation_of_coagulation
UniProtKB:P05120	Plasminogen activator inhibitor 2		GO:0042730		Reactome	NCBITaxon:9606	TAS		PANTHER:PTHR11461	protein	UniProtKB:P05120	Reactome:R-HSA-75205	20241117	SERPINB2	Homo sapiens	biological regulation,negative regulation of wound healing,regulation of biological quality,biological_process,regulation of wound healing,regulation of coagulation,negative regulation of coagulation,regulation of blood coagulation,regulation of response to wounding,negative regulation of response to wounding,negative regulation of blood coagulation,negative regulation of hemostasis,regulation of response to stress,regulation of hemostasis,fibrinolysis,negative regulation of biological process,regulation of response to stimulus,negative regulation of response to stimulus,negative regulation of multicellular organismal process,negative regulation of response to external stimulus,regulation of body fluid levels,regulation of response to external stimulus,regulation of multicellular organismal process,regulation of biological process	regulation of coagulation,negative regulation of coagulation,regulation of blood coagulation,coagulation,negative regulation of blood coagulation,response to wounding,regulation of response to stress,blood coagulation,fibrinolysis,negative regulation of biological process,hemostasis,regulation of response to stimulus,wound healing,response to external stimulus,negative regulation of response to stimulus,negative regulation of multicellular organismal process,negative regulation of response to external stimulus,regulation of body fluid levels,regulation of response to external stimulus,response to stimulus,multicellular organismal process,biological regulation,negative regulation of wound healing,regulation of biological quality,biological_process,regulation of wound healing,regulation of response to wounding,negative regulation of response to wounding,negative regulation of hemostasis,regulation of hemostasis,response to stress,regulation of multicellular organismal process,regulation of biological process	fibrinolysis			regulation_of_coagulation
UniProtKB:P32119	Peroxiredoxin-2		GO:0030194		Ensembl	NCBITaxon:9606	IEA	UniProtKB:Q61171,ensembl:ENSMUSP00000105356	PANTHER:PTHR10681	protein	UniProtKB:P32119	GO_REF:0000107	20250313	PRDX2	Homo sapiens	biological regulation,biological_process,regulation of biological quality,positive regulation of wound healing,positive regulation of blood coagulation,regulation of wound healing,positive regulation of response to wounding,regulation of coagulation,regulation of blood coagulation,regulation of response to wounding,regulation of response to stress,regulation of hemostasis,positive regulation of hemostasis,positive regulation of biological process,positive regulation of response to stimulus,regulation of response to stimulus,positive regulation of multicellular organismal process,regulation of body fluid levels,regulation of response to external stimulus,regulation of multicellular organismal process,regulation of biological process,positive regulation of coagulation	positive regulation of blood coagulation,regulation of coagulation,regulation of blood coagulation,coagulation,response to wounding,regulation of response to stress,blood coagulation,positive regulation of biological process,hemostasis,positive regulation of response to stimulus,regulation of response to stimulus,wound healing,response to external stimulus,positive regulation of multicellular organismal process,regulation of body fluid levels,regulation of response to external stimulus,response to stimulus,multicellular organismal process,biological regulation,biological_process,regulation of biological quality,positive regulation of wound healing,regulation of wound healing,positive regulation of response to wounding,regulation of response to wounding,regulation of hemostasis,positive regulation of hemostasis,response to stress,regulation of multicellular organismal process,regulation of biological process,positive regulation of coagulation	positive regulation of blood coagulation			regulation_of_coagulation
UniProtKB:P04085	Platelet-derived growth factor subunit A		GO:0010544		BHF-UCL	NCBITaxon:9606	IDA		PANTHER:PTHR11633	protein	UniProtKB:P04085	PMID:2538439	20080428	PDGFA	Homo sapiens	regulation of coagulation,negative regulation of coagulation,regulation of blood coagulation,negative regulation of blood coagulation,regulation of response to stress,negative regulation of biological process,regulation of response to stimulus,regulation of cellular process,negative regulation of response to stimulus,negative regulation of multicellular organismal process,negative regulation of response to external stimulus,regulation of body fluid levels,regulation of response to external stimulus,biological regulation,negative regulation of wound healing,regulation of biological quality,biological_process,regulation of wound healing,regulation of response to wounding,negative regulation of response to wounding,negative regulation of hemostasis,regulation of hemostasis,negative regulation of cellular process,negative regulation of platelet activation,regulation of cell activation,regulation of multicellular organismal process,regulation of biological process,negative regulation of cell activation,regulation of platelet activation	regulation of coagulation,negative regulation of coagulation,regulation of blood coagulation,coagulation,negative regulation of blood coagulation,response to wounding,regulation of response to stress,blood coagulation,negative regulation of biological process,hemostasis,regulation of response to stimulus,wound healing,response to external stimulus,regulation of cellular process,negative regulation of response to stimulus,negative regulation of multicellular organismal process,negative regulation of response to external stimulus,regulation of body fluid levels,regulation of response to external stimulus,platelet activation,response to stimulus,multicellular organismal process,biological regulation,negative regulation of wound healing,regulation of biological quality,biological_process,regulation of wound healing,regulation of response to wounding,negative regulation of response to wounding,negative regulation of hemostasis,regulation of hemostasis,negative regulation of cellular process,response to stress,cellular process,cell activation,negative regulation of platelet activation,regulation of cell activation,regulation of multicellular organismal process,regulation of biological process,negative regulation of cell activation,regulation of platelet activation	negative regulation of platelet activation			regulation_of_coagulation
UniProtKB:P05305	Endothelin-1		GO:0030195		BHF-UCL	NCBITaxon:9606	TAS		PANTHER:PTHR13874	protein	UniProtKB:P05305	PMID:16820593	20080215	EDN1	Homo sapiens	biological regulation,negative regulation of wound healing,biological_process,regulation of biological quality,regulation of wound healing,regulation of coagulation,negative regulation of coagulation,regulation of blood coagulation,regulation of response to wounding,negative regulation of blood coagulation,negative regulation of response to wounding,negative regulation of hemostasis,regulation of response to stress,regulation of hemostasis,negative regulation of biological process,regulation of response to stimulus,negative regulation of response to stimulus,negative regulation of multicellular organismal process,negative regulation of response to external stimulus,regulation of body fluid levels,regulation of response to external stimulus,regulation of multicellular organismal process,regulation of biological process	regulation of coagulation,negative regulation of coagulation,regulation of blood coagulation,negative regulation of blood coagulation,coagulation,response to wounding,regulation of response to stress,blood coagulation,negative regulation of biological process,hemostasis,regulation of response to stimulus,wound healing,response to external stimulus,negative regulation of response to stimulus,negative regulation of multicellular organismal process,negative regulation of response to external stimulus,regulation of body fluid levels,regulation of response to external stimulus,response to stimulus,multicellular organismal process,biological regulation,negative regulation of wound healing,biological_process,regulation of biological quality,regulation of wound healing,regulation of response to wounding,negative regulation of response to wounding,negative regulation of hemostasis,regulation of hemostasis,response to stress,regulation of multicellular organismal process,regulation of biological process	negative regulation of blood coagulation			regulation_of_coagulation
UniProtKB:Q15389	Angiopoietin-1		GO:0030195		UniProt	NCBITaxon:9606	IDA		PANTHER:PTHR19143	protein	UniProtKB:Q15389	PMID:10761923	20240613	ANGPT1	Homo sapiens	biological regulation,negative regulation of wound healing,biological_process,regulation of biological quality,regulation of wound healing,regulation of coagulation,negative regulation of coagulation,regulation of blood coagulation,regulation of response to wounding,negative regulation of blood coagulation,negative regulation of response to wounding,negative regulation of hemostasis,regulation of response to stress,regulation of hemostasis,negative regulation of biological process,regulation of response to stimulus,negative regulation of response to stimulus,negative regulation of multicellular organismal process,negative regulation of response to external stimulus,regulation of body fluid levels,regulation of response to external stimulus,regulation of multicellular organismal process,regulation of biological process	regulation of coagulation,negative regulation of coagulation,regulation of blood coagulation,negative regulation of blood coagulation,coagulation,response to wounding,regulation of response to stress,blood coagulation,negative regulation of biological process,hemostasis,regulation of response to stimulus,wound healing,response to external stimulus,negative regulation of response to stimulus,negative regulation of multicellular organismal process,negative regulation of response to external stimulus,regulation of body fluid levels,regulation of response to external stimulus,response to stimulus,multicellular organismal process,biological regulation,negative regulation of wound healing,biological_process,regulation of biological quality,regulation of wound healing,regulation of response to wounding,negative regulation of response to wounding,negative regulation of hemostasis,regulation of hemostasis,response to stress,regulation of multicellular organismal process,regulation of biological process	negative regulation of blood coagulation			regulation_of_coagulation
UniProtKB:Q15389	Angiopoietin-1		GO:0030195		UniProt	NCBITaxon:9606	TAS		PANTHER:PTHR19143	protein	UniProtKB:Q15389	PMID:15005336	20240613	ANGPT1	Homo sapiens	biological regulation,negative regulation of wound healing,biological_process,regulation of biological quality,regulation of wound healing,regulation of coagulation,negative regulation of coagulation,regulation of blood coagulation,regulation of response to wounding,negative regulation of blood coagulation,negative regulation of response to wounding,negative regulation of hemostasis,regulation of response to stress,regulation of hemostasis,negative regulation of biological process,regulation of response to stimulus,negative regulation of response to stimulus,negative regulation of multicellular organismal process,negative regulation of response to external stimulus,regulation of body fluid levels,regulation of response to external stimulus,regulation of multicellular organismal process,regulation of biological process	regulation of coagulation,negative regulation of coagulation,regulation of blood coagulation,negative regulation of blood coagulation,coagulation,response to wounding,regulation of response to stress,blood coagulation,negative regulation of biological process,hemostasis,regulation of response to stimulus,wound healing,response to external stimulus,negative regulation of response to stimulus,negative regulation of multicellular organismal process,negative regulation of response to external stimulus,regulation of body fluid levels,regulation of response to external stimulus,response to stimulus,multicellular organismal process,biological regulation,negative regulation of wound healing,biological_process,regulation of biological quality,regulation of wound healing,regulation of response to wounding,negative regulation of response to wounding,negative regulation of hemostasis,regulation of hemostasis,response to stress,regulation of multicellular organismal process,regulation of biological process	negative regulation of blood coagulation			regulation_of_coagulation
UniProtKB:Q15389	Angiopoietin-1		GO:0050820		UniProt	NCBITaxon:9606	IDA		PANTHER:PTHR19143	protein	UniProtKB:Q15389	PMID:29323190	20240613	ANGPT1	Homo sapiens	biological regulation,biological_process,regulation of coagulation,positive regulation of multicellular organismal process,regulation of multicellular organismal process,regulation of biological process,positive regulation of biological process,positive regulation of coagulation	biological regulation,biological_process,regulation of coagulation,positive regulation of multicellular organismal process,coagulation,regulation of multicellular organismal process,regulation of biological process,positive regulation of biological process,positive regulation of coagulation,multicellular organismal process	positive regulation of coagulation			regulation_of_coagulation
