UniProtKB:P14770	Platelet glycoprotein IX		GO:0007596		UniProt	NCBITaxon:9606	IEA	UniProtKB-KW:KW-0094	PANTHER:PTHR22650	protein	UniProtKB:P14770	GO_REF:0000043	20250428
UniProtKB:P14770	Platelet glycoprotein IX		GO:0007596		Ensembl	NCBITaxon:9606	IEA	UniProtKB:O88186|ensembl:ENSMUSP00000032133	PANTHER:PTHR22650	protein	UniProtKB:P14770	GO_REF:0000107	20250313
UniProtKB:P14770	Platelet glycoprotein IX		GO:0007596		PINC	NCBITaxon:9606	TAS		PANTHER:PTHR22650	protein	UniProtKB:P14770	PMID:9432024	20030904
UniProtKB:P14770	Platelet glycoprotein IX		GO:0007597		ComplexPortal	NCBITaxon:9606	IPI		PANTHER:PTHR22650	protein	UniProtKB:P14770	PMID:10501658	20240823
UniProtKB:P14770	Platelet glycoprotein IX		GO:0007597		ComplexPortal	NCBITaxon:9606	NAS		PANTHER:PTHR22650	protein	UniProtKB:P14770	PMID:16293600	20250325
UniProtKB:P14770	Platelet glycoprotein IX		GO:0007599		UniProt	NCBITaxon:9606	IEA	UniProtKB-KW:KW-0356	PANTHER:PTHR22650	protein	UniProtKB:P14770	GO_REF:0000043	20250428
UniProtKB:P06744	Glucose-6-phosphate isomerase		GO:0007599		PINC	NCBITaxon:9606	TAS		PANTHER:PTHR11469	protein	UniProtKB:P06744	PMID:7435496	20030904
UniProtKB:P53582	Methionine aminopeptidase 1		GO:0070527		UniProt	NCBITaxon:9606	HMP		PANTHER:PTHR43330	protein	UniProtKB:P53582	PMID:23382103	20140721
UniProtKB:P41145	Kappa-type opioid receptor		GO:0046877		UniProt	NCBITaxon:9606	ISS	UniProtKB:P33534	PANTHER:PTHR24229	protein	UniProtKB:P41145	GO_REF:0000024	20130927
UniProtKB:P41145	Kappa-type opioid receptor		GO:0046877		Ensembl	NCBITaxon:9606	IEA	UniProtKB:P33534|ensembl:ENSMUSP00000125105	PANTHER:PTHR24229	protein	UniProtKB:P41145	GO_REF:0000107	20250313
UniProtKB:Q86UX7	Fermitin family homolog 3		GO:0070527		UniProt	NCBITaxon:9606	ISS	UniProtKB:Q8K1B8	PANTHER:PTHR16160	protein	UniProtKB:Q86UX7	GO_REF:0000024	20091113
UniProtKB:Q86UX7	Fermitin family homolog 3		GO:0070527		Ensembl	NCBITaxon:9606	IEA	UniProtKB:Q8K1B8|ensembl:ENSMUSP00000037858	PANTHER:PTHR16160	protein	UniProtKB:Q86UX7	GO_REF:0000107	20250313
UniProtKB:Q86UX7	Fermitin family homolog 3		GO:0070527		UniProt	NCBITaxon:9606	HMP		PANTHER:PTHR16160	protein	UniProtKB:Q86UX7	PMID:23382103	20140721
UniProtKB:Q86UX7	Fermitin family homolog 3		GO:0070527		GO_Central	NCBITaxon:9606	IBA	PANTHER:PTN002700586|MGI:MGI:2147790	PANTHER:PTHR16160	protein		GO_REF:0000033	20200319
UniProtKB:P16885	1-phosphatidylinositol 4,5-bisphosphate phosphodiesterase gamma-2		GO:0030168		Reactome	NCBITaxon:9606	TAS		PANTHER:PTHR10336	protein	UniProtKB:P16885	Reactome:R-HSA-76002	20241117
UniProtKB:P16860	Natriuretic peptides B		GO:0007589		UniProt	NCBITaxon:9606	TAS		PANTHER:PTHR14066	protein	UniProtKB:P16860	PMID:14960748	20040308
UniProtKB:P16860	Natriuretic peptides B		GO:0035810		UniProt	NCBITaxon:9606	TAS		PANTHER:PTHR14066	protein	UniProtKB:P16860	PMID:14737067	20110607
UniProtKB:Q05655	Protein kinase C delta type		GO:0090331		UniProt	NCBITaxon:9606	ISS	UniProtKB:P28867	PANTHER:PTHR24356	protein	UniProtKB:Q05655	GO_REF:0000024	20111209
UniProtKB:Q05655	Protein kinase C delta type		GO:0090331		Ensembl	NCBITaxon:9606	IEA	UniProtKB:P28867|ensembl:ENSMUSP00000107829	PANTHER:PTHR24356	protein	UniProtKB:Q05655	GO_REF:0000107	20250313
UniProtKB:P23142	Fibulin-1		GO:0072378		UniProt	NCBITaxon:9606	IDA		PANTHER:PTHR24050	protein	UniProtKB:P23142	PMID:7642629	20150501
UniProtKB:O15554	Intermediate conductance calcium-activated potassium channel protein 4		GO:0046541		Ensembl	NCBITaxon:9606	IEA	UniProtKB:O89109|ensembl:ENSMUSP00000133065	PANTHER:PTHR10153	protein	UniProtKB:O15554	GO_REF:0000107	20250313
UniProtKB:P78329	Cytochrome P450 4F2		GO:0003091		UniProt	NCBITaxon:9606	IEP		PANTHER:PTHR24291	protein	UniProtKB:P78329	PMID:10660572	20120127
UniProtKB:P78329	Cytochrome P450 4F2		GO:0003095		UniProt	NCBITaxon:9606	IEP		PANTHER:PTHR24291	protein	UniProtKB:P78329	PMID:10660572	20120127
UniProtKB:P78329	Cytochrome P450 4F2		GO:0007596		UniProt	NCBITaxon:9606	TAS		PANTHER:PTHR24291	protein	UniProtKB:P78329	PMID:19297519	20140828
UniProtKB:P78329	Cytochrome P450 4F2		GO:0007596		UniProt	NCBITaxon:9606	TAS		PANTHER:PTHR24291	protein	UniProtKB:P78329	PMID:24138531	20140828
UniProtKB:P43405	Tyrosine-protein kinase SYK		GO:0030168		Reactome	NCBITaxon:9606	TAS		PANTHER:PTHR24418	protein	UniProtKB:P43405	Reactome:R-HSA-76002	20241117
UniProtKB:P63261	Actin, cytoplasmic 2		GO:0070527		UniProt	NCBITaxon:9606	HMP		PANTHER:PTHR11937	protein	UniProtKB:P63261	PMID:23382103	20140721
UniProtKB:Q15465	Sonic hedgehog protein		GO:0007596		Ensembl	NCBITaxon:9606	IEA	UniProtKB:Q62226|ensembl:ENSMUSP00000002708	PANTHER:PTHR11889	protein	UniProtKB:Q15465	GO_REF:0000107	20250313
UniProtKB:O15244	Solute carrier family 22 member 2		GO:0007589		PINC	NCBITaxon:9606	TAS		PANTHER:PTHR24064	protein	UniProtKB:O15244	PMID:9260930	20030904
UniProtKB:P04004	Vitronectin		GO:0030195		BHF-UCL	NCBITaxon:9606	IDA		PANTHER:PTHR22917	protein	UniProtKB:P04004	PMID:1695900	20250215
UniProtKB:P04004	Vitronectin		GO:0051918		ComplexPortal	NCBITaxon:9606	NAS		PANTHER:PTHR22917	protein	UniProtKB:P04004	PMID:1695900	20250310
UniProtKB:O00203	AP-3 complex subunit beta-1		GO:0007596		Ensembl	NCBITaxon:9606	IEA	UniProtKB:Q9Z1T1|ensembl:ENSMUSP00000022196	PANTHER:PTHR11134	protein	UniProtKB:O00203	GO_REF:0000107	20250313
UniProtKB:P63092	Guanine nucleotide-binding protein G(s) subunit alpha isoforms short		GO:0003091		Reactome	NCBITaxon:9606	TAS			protein	UniProtKB:P63092	Reactome:R-HSA-432040	20240323
UniProtKB:P63092	Guanine nucleotide-binding protein G(s) subunit alpha isoforms short		GO:0070527		UniProt	NCBITaxon:9606	IDA			protein	UniProtKB:P63092	PMID:12719376	20131106
UniProtKB:Q8TF63	Dendritic cell nuclear protein 1		GO:1905747		CAFA	NCBITaxon:9606	IGI	UniProtKB:Q6ZNK6|UniProtKB:Q92886		protein	UniProtKB:Q8TF63	PMID:23419067	20161209
UniProtKB:Q8TF42	Ubiquitin-associated and SH3 domain-containing protein B		GO:0030168		Ensembl	NCBITaxon:9606	IEA	UniProtKB:Q8BGG7|ensembl:ENSMUSP00000043865	PANTHER:PTHR16469	protein	UniProtKB:Q8TF42	GO_REF:0000107	20250313
UniProtKB:Q8TF42	Ubiquitin-associated and SH3 domain-containing protein B		GO:0070527		Ensembl	NCBITaxon:9606	IEA	UniProtKB:Q8BGG7|ensembl:ENSMUSP00000043865	PANTHER:PTHR16469	protein	UniProtKB:Q8TF42	GO_REF:0000107	20250313
UniProtKB:Q8TF42	Ubiquitin-associated and SH3 domain-containing protein B		GO:0090331		Ensembl	NCBITaxon:9606	IEA	UniProtKB:Q8BGG7|ensembl:ENSMUSP00000043865	PANTHER:PTHR16469	protein	UniProtKB:Q8TF42	GO_REF:0000107	20250313
UniProtKB:Q8TF42	Ubiquitin-associated and SH3 domain-containing protein B		GO:0070527		GO_Central	NCBITaxon:9606	IBA	PANTHER:PTN000420280|MGI:MGI:1920078	PANTHER:PTHR16469	protein		GO_REF:0000033	20170828
UniProtKB:Q92819	Hyaluronan synthase 2		GO:0035810		UniProt	NCBITaxon:9606	ISS	UniProtKB:O35776	PANTHER:PTHR22913	protein	UniProtKB:Q92819	GO_REF:0000024	20120215
UniProtKB:Q92819	Hyaluronan synthase 2		GO:0035810		Ensembl	NCBITaxon:9606	IEA	UniProtKB:O35776|ensembl:ENSRNOP00000006517	PANTHER:PTHR22913	protein	UniProtKB:Q92819	GO_REF:0000107	20250313
UniProtKB:Q92819	Hyaluronan synthase 2		GO:0070295		UniProt	NCBITaxon:9606	ISS	UniProtKB:O35776	PANTHER:PTHR22913	protein	UniProtKB:Q92819	GO_REF:0000024	20120215
UniProtKB:Q92819	Hyaluronan synthase 2		GO:0070295		Ensembl	NCBITaxon:9606	IEA	UniProtKB:O35776|ensembl:ENSRNOP00000006517	PANTHER:PTHR22913	protein	UniProtKB:Q92819	GO_REF:0000107	20250313
UniProtKB:P63027	Vesicle-associated membrane protein 2	not	GO:0070254		UniProt	NCBITaxon:9606	IMP		PANTHER:PTHR45701	protein	UniProtKB:P63027	PMID:22144578	20141120
UniProtKB:Q9HCS2	Cytochrome P450 4F12		GO:0003091		UniProt	NCBITaxon:9606	ISS	UniProtKB:P78329	PANTHER:PTHR24291	protein	UniProtKB:Q9HCS2	GO_REF:0000024	20120130
UniProtKB:Q9HCS2	Cytochrome P450 4F12		GO:0003095		UniProt	NCBITaxon:9606	ISS	UniProtKB:P78329	PANTHER:PTHR24291	protein	UniProtKB:Q9HCS2	GO_REF:0000024	20120130
UniProtKB:Q15788	Nuclear receptor coactivator 1		GO:0007595		Ensembl	NCBITaxon:9606	IEA	UniProtKB:A0A8I6GLM3|ensembl:ENSRNOP00000095436	PANTHER:PTHR10684	protein	UniProtKB:Q15788	GO_REF:0000107	20250313
UniProtKB:Q9HCU4	Cadherin EGF LAG seven-pass G-type receptor 2		GO:0033326		Ensembl	NCBITaxon:9606	IEA	UniProtKB:Q9R0M0|ensembl:ENSMUSP00000088046	PANTHER:PTHR24026	protein	UniProtKB:Q9HCU4	GO_REF:0000107	20250313
UniProtKB:P51692	Signal transducer and activator of transcription 5B		GO:0007595		Ensembl	NCBITaxon:9606	IEA	UniProtKB:P42232|ensembl:ENSMUSP00000102981	PANTHER:PTHR11801	protein	UniProtKB:P51692	GO_REF:0000107	20250313
UniProtKB:P16671	Platelet glycoprotein 4		GO:0007596		PINC	NCBITaxon:9606	TAS		PANTHER:PTHR11923	protein	UniProtKB:P16671	PMID:2468670	20030904
UniProtKB:P16671	Platelet glycoprotein 4		GO:0030194		Ensembl	NCBITaxon:9606	IEA	UniProtKB:Q08857|ensembl:ENSMUSP00000133008	PANTHER:PTHR11923	protein	UniProtKB:P16671	GO_REF:0000107	20250313
UniProtKB:Q15652	Probable JmjC domain-containing histone demethylation protein 2C		GO:0007596		Reactome	NCBITaxon:9606	TAS		PANTHER:PTHR12549	protein	UniProtKB:Q15652	Reactome:R-HSA-109582	20241117
UniProtKB:Q15648	Mediator of RNA polymerase II transcription subunit 1		GO:0007595		Ensembl	NCBITaxon:9606	IEA	UniProtKB:Q925J9|ensembl:ENSMUSP00000103169	PANTHER:PTHR12881	protein	UniProtKB:Q15648	GO_REF:0000107	20250313
UniProtKB:P07498	Kappa-casein		GO:0007595		UniProt	NCBITaxon:9606	IDA		PANTHER:PTHR11470	protein	UniProtKB:P07498	PMID:7979373	20140603
UniProtKB:P07498	Kappa-casein		GO:0007595		GO_Central	NCBITaxon:9606	IBA	PANTHER:PTN000895253|UniProtKB:P07498|MGI:MGI:107461	PANTHER:PTHR11470	protein		GO_REF:0000033	20170228
UniProtKB:P30101	Protein disulfide-isomerase A3		GO:0070527		Ensembl	NCBITaxon:9606	IEA	UniProtKB:P27773|ensembl:ENSMUSP00000028683	PANTHER:PTHR18929	protein	UniProtKB:P30101	GO_REF:0000107	20250313
UniProtKB:Q02817	Mucin-2		GO:0070254		UniProt	NCBITaxon:9606	IMP		PANTHER:PTHR11339	protein	UniProtKB:Q02817	PMID:17058067	20221005
UniProtKB:Q16665	Hypoxia-inducible factor 1-alpha		GO:0007595		Ensembl	NCBITaxon:9606	IEA	UniProtKB:Q61221|ensembl:ENSMUSP00000021530	PANTHER:PTHR23043	protein	UniProtKB:Q16665	GO_REF:0000107	20250313
ComplexPortal:CPX-494	tPA-PAI-1 complex		GO:0051918		ComplexPortal	NCBITaxon:9606	NAS			protein_complex		PMID:8508955	20241021
ComplexPortal:CPX-487	uPA-uPAR complex		GO:0051917		ComplexPortal	NCBITaxon:9606	NAS			protein_complex		PMID:3920216	20250127
ComplexPortal:CPX-483	uPA-PAI-1 complex		GO:0051918		ComplexPortal	NCBITaxon:9606	NAS			protein_complex		PMID:8508955	20250127
ComplexPortal:CPX-475	Vitronectin-PAI-1 complex		GO:0051918		ComplexPortal	NCBITaxon:9606	NAS			protein_complex		PMID:1695900	20250310
ComplexPortal:CPX-421	EMILIN-1 complex		GO:0030194		ComplexPortal	NCBITaxon:9606	ISS	ComplexPortal:CPX-438		protein_complex		GO_REF:0000114	20240823
UniProtKB:Q02643	Growth hormone-releasing hormone receptor		GO:0007595		Ensembl	NCBITaxon:9606	IEA	UniProtKB:P32082|ensembl:ENSMUSP00000068120	PANTHER:PTHR45620	protein	UniProtKB:Q02643	GO_REF:0000107	20250313
UniProtKB:Q16878	Cysteine dioxygenase type 1		GO:0007595		Ensembl	NCBITaxon:9606	IEA	UniProtKB:P21816|ensembl:ENSRNOP00000000172	PANTHER:PTHR12918	protein	UniProtKB:Q16878	GO_REF:0000107	20250313
UniProtKB:P40197	Platelet glycoprotein V		GO:0007596		UniProt	NCBITaxon:9606	IEA	UniProtKB-KW:KW-0094	PANTHER:PTHR45617	protein	UniProtKB:P40197	GO_REF:0000043	20250428
UniProtKB:P40197	Platelet glycoprotein V		GO:0007597		ComplexPortal	NCBITaxon:9606	IPI		PANTHER:PTHR45617	protein	UniProtKB:P40197	PMID:10501658	20240823
UniProtKB:P40197	Platelet glycoprotein V		GO:0007597		ComplexPortal	NCBITaxon:9606	NAS		PANTHER:PTHR45617	protein	UniProtKB:P40197	PMID:16293600	20250325
UniProtKB:P40197	Platelet glycoprotein V		GO:0007599		UniProt	NCBITaxon:9606	IEA	UniProtKB-KW:KW-0356	PANTHER:PTHR45617	protein	UniProtKB:P40197	GO_REF:0000043	20250428
UniProtKB:P40197	Platelet glycoprotein V		GO:0007596		GO_Central	NCBITaxon:9606	IBA	PANTHER:PTN000690258|UniProtKB:P40197|MGI:MGI:1096363	PANTHER:PTHR45617	protein		GO_REF:0000033	20220925
UniProtKB:Q12891	Hyaluronidase-2		GO:0035810		UniProt	NCBITaxon:9606	ISS	UniProtKB:Q9Z2Q3	PANTHER:PTHR11769	protein	UniProtKB:Q12891	GO_REF:0000024	20120215
UniProtKB:Q12891	Hyaluronidase-2		GO:0070295		UniProt	NCBITaxon:9606	ISS	UniProtKB:Q9Z2Q3	PANTHER:PTHR11769	protein	UniProtKB:Q12891	GO_REF:0000024	20120215
UniProtKB:Q12884	Prolyl endopeptidase FAP		GO:0051917		BHF-UCL	NCBITaxon:9606	IC	GO:0004175	PANTHER:PTHR11731	protein	UniProtKB:Q12884	PMID:17317851	20111202
UniProtKB:Q12866	Tyrosine-protein kinase Mer		GO:0030168		Ensembl	NCBITaxon:9606	IEA	UniProtKB:Q60805|ensembl:ENSMUSP00000014505	PANTHER:PTHR24416	protein	UniProtKB:Q12866	GO_REF:0000107	20250313
UniProtKB:P02675	Fibrinogen beta chain		GO:0007596		InterPro	NCBITaxon:9606	IEA	InterPro:IPR037579	PANTHER:PTHR19143	protein	UniProtKB:P02675	GO_REF:0000002	20250429
UniProtKB:P02675	Fibrinogen beta chain		GO:0007596		UniProt	NCBITaxon:9606	IEA	UniProtKB-KW:KW-0094	PANTHER:PTHR19143	protein	UniProtKB:P02675	GO_REF:0000043	20250428
UniProtKB:P02675	Fibrinogen beta chain		GO:0007599		UniProt	NCBITaxon:9606	IEA	UniProtKB-KW:KW-0356	PANTHER:PTHR19143	protein	UniProtKB:P02675	GO_REF:0000043	20250428
UniProtKB:P02675	Fibrinogen beta chain		GO:0030168		InterPro	NCBITaxon:9606	IEA	InterPro:IPR012290	PANTHER:PTHR19143	protein	UniProtKB:P02675	GO_REF:0000002	20250429
UniProtKB:P02675	Fibrinogen beta chain		GO:0042730		UniProt	NCBITaxon:9606	IDA		PANTHER:PTHR19143	protein	UniProtKB:P02675	PMID:16846481	20150430
UniProtKB:P02675	Fibrinogen beta chain		GO:0070527		BHF-UCL	NCBITaxon:9606	IDA		PANTHER:PTHR19143	protein	UniProtKB:P02675	PMID:6281794	20140410
UniProtKB:P02675	Fibrinogen beta chain		GO:0072378		UniProt	NCBITaxon:9606	IDA		PANTHER:PTHR19143	protein	UniProtKB:P02675	PMID:16846481	20150430
UniProtKB:P02675	Fibrinogen beta chain		GO:0072378		GO_Central	NCBITaxon:9606	IBA	PANTHER:PTN002709771|UniProtKB:P02675|ZFIN:ZDB-GENE-030131-9261	PANTHER:PTHR19143	protein		GO_REF:0000033	20200206
UniProtKB:P02675	Fibrinogen beta chain		GO:0070527		GO_Central	NCBITaxon:9606	IBA	PANTHER:PTN002709771|UniProtKB:P02675	PANTHER:PTHR19143	protein		GO_REF:0000033	20200206
UniProtKB:P02649	Apolipoprotein E		GO:0010544		BHF-UCL	NCBITaxon:9606	IDA		PANTHER:PTHR18976	protein	UniProtKB:P02649	PMID:8995232	20080314
UniProtKB:P02649	Apolipoprotein E		GO:0030195		BHF-UCL	NCBITaxon:9606	IDA		PANTHER:PTHR18976	protein	UniProtKB:P02649	PMID:8995232	20080212
UniProtKB:P12814	Alpha-actinin-1	not	GO:0030168		UniProt	NCBITaxon:9606	IMP		PANTHER:PTHR11915	protein	UniProtKB:P12814	PMID:24069336	20150430
UniProtKB:P12814	Alpha-actinin-1	not	GO:0070527		UniProt	NCBITaxon:9606	IMP		PANTHER:PTHR11915	protein	UniProtKB:P12814	PMID:23434115	20150430
UniProtKB:Q08345	Epithelial discoidin domain-containing receptor 1		GO:0007595		UniProt	NCBITaxon:9606	IEA	UniProtKB-KW:KW-0421	PANTHER:PTHR24416	protein	UniProtKB:Q08345	GO_REF:0000043	20250428
UniProtKB:Q9BT40	Inositol polyphosphate 5-phosphatase K		GO:0035810		UniProt	NCBITaxon:9606	ISS	UniProtKB:Q8C5L6	PANTHER:PTHR11200	protein	UniProtKB:Q9BT40	GO_REF:0000024	20111024
UniProtKB:Q9BT40	Inositol polyphosphate 5-phosphatase K		GO:0035810		Ensembl	NCBITaxon:9606	IEA	UniProtKB:Q8C5L6|ensembl:ENSMUSP00000006286	PANTHER:PTHR11200	protein	UniProtKB:Q9BT40	GO_REF:0000107	20250313
UniProtKB:Q9BT40	Inositol polyphosphate 5-phosphatase K		GO:2001153		UniProt	NCBITaxon:9606	ISS	UniProtKB:Q8C5L6	PANTHER:PTHR11200	protein	UniProtKB:Q9BT40	GO_REF:0000024	20111110
UniProtKB:Q9BT40	Inositol polyphosphate 5-phosphatase K		GO:2001153		Ensembl	NCBITaxon:9606	IEA	UniProtKB:Q8C5L6|ensembl:ENSMUSP00000006286	PANTHER:PTHR11200	protein	UniProtKB:Q9BT40	GO_REF:0000107	20250313
UniProtKB:P29728	2'-5'-oligoadenylate synthase 2		GO:1903487		UniProt	NCBITaxon:9606	ISS	UniProtKB:E9Q9A9	PANTHER:PTHR11258	protein	UniProtKB:P29728	GO_REF:0000024	20180220
UniProtKB:P29728	2'-5'-oligoadenylate synthase 2		GO:1903487		Ensembl	NCBITaxon:9606	IEA	UniProtKB:E9Q9A9|ensembl:ENSMUSP00000080209	PANTHER:PTHR11258	protein	UniProtKB:P29728	GO_REF:0000107	20250313
UniProtKB:Q01959	Sodium-dependent dopamine transporter		GO:0007595		Ensembl	NCBITaxon:9606	IEA	UniProtKB:Q61327|ensembl:ENSMUSP00000022100	PANTHER:PTHR11616	protein	UniProtKB:Q01959	GO_REF:0000107	20250313
UniProtKB:P19835	Bile salt-activated lipase		GO:0030157		UniProt	NCBITaxon:9606	IDA		PANTHER:PTHR43903	protein	UniProtKB:P19835	PMID:1854805	20040408
UniProtKB:P19835	Bile salt-activated lipase		GO:0030157		GO_Central	NCBITaxon:9606	IBA	PANTHER:PTN002889324|UniProtKB:P19835	PANTHER:PTHR43903	protein		GO_REF:0000033	20220407
UniProtKB:P02808	Statherin		GO:0046541		UniProt	NCBITaxon:9606	NAS		PANTHER:PTHR15057	protein	UniProtKB:P02808	PMID:1718282	20030114
UniProtKB:Q9BZD7	Transmembrane gamma-carboxyglutamic acid protein 3		GO:0007596		GO_Central	NCBITaxon:9606	IBA	PANTHER:PTN002385473|ZFIN:ZDB-GENE-010814-1|UniProtKB:P08709|MGI:MGI:88384|MGI:MGI:1860488|UniProtKB:P00740|MGI:MGI:109325	PANTHER:PTHR24278	protein		GO_REF:0000033	20240606
UniProtKB:Q9BZD6	Transmembrane gamma-carboxyglutamic acid protein 4		GO:0007596		GO_Central	NCBITaxon:9606	IBA	PANTHER:PTN002385473|ZFIN:ZDB-GENE-010814-1|UniProtKB:P08709|MGI:MGI:88384|MGI:MGI:1860488|UniProtKB:P00740|MGI:MGI:109325	PANTHER:PTHR24278	protein		GO_REF:0000033	20240606
UniProtKB:Q9BYP7	Serine/threonine-protein kinase WNK3		GO:0090188		Ensembl	NCBITaxon:9606	IEA	UniProtKB:Q80XP9|ensembl:ENSMUSP00000139037	PANTHER:PTHR24361	protein	UniProtKB:Q9BYP7	GO_REF:0000107	20250313
UniProtKB:Q08830	Fibrinogen-like protein 1		GO:0007596		InterPro	NCBITaxon:9606	IEA	InterPro:IPR037579	PANTHER:PTHR19143	protein	UniProtKB:Q08830	GO_REF:0000002	20250429
UniProtKB:Q9BXX0	EMILIN-2		GO:0030194		Ensembl	NCBITaxon:9606	IEA	UniProtKB:Q8K482|ensembl:ENSMUSP00000156446	PANTHER:PTHR15427	protein	UniProtKB:Q9BXX0	GO_REF:0000107	20250313
UniProtKB:Q9BXX0	EMILIN-2		GO:0030194		ComplexPortal	NCBITaxon:9606	ISO	ComplexPortal:CPX-438	PANTHER:PTHR15427	protein	UniProtKB:Q9BXX0	GO_REF:0000114	20240823
UniProtKB:Q9BY76	Angiopoietin-related protein 4		GO:0007596		InterPro	NCBITaxon:9606	IEA	InterPro:IPR037579	PANTHER:PTHR19143	protein	UniProtKB:Q9BY76	GO_REF:0000002	20250429
UniProtKB:Q01543	Friend leukemia integration 1 transcription factor		GO:0007599		PINC	NCBITaxon:9606	TAS		PANTHER:PTHR11849	protein	UniProtKB:Q01543	PMID:10891501	20030904
UniProtKB:Q08209	Protein phosphatase 3 catalytic subunit alpha		GO:0046878		UniProt	NCBITaxon:9606	ISS	UniProtKB:P63328	PANTHER:PTHR45673	protein	UniProtKB:Q08209	GO_REF:0000024	20211122
UniProtKB:Q08209	Protein phosphatase 3 catalytic subunit alpha		GO:0046878		Ensembl	NCBITaxon:9606	IEA	UniProtKB:P63328|ensembl:ENSMUSP00000053101	PANTHER:PTHR45673	protein	UniProtKB:Q08209	GO_REF:0000107	20250313
UniProtKB:P02461	Collagen alpha-1(III) chain		GO:0030168		UniProt	NCBITaxon:9606	NAS		PANTHER:PTHR24023	protein	UniProtKB:P02461	PMID:9573018	20080201
UniProtKB:Q92482	Aquaporin-3		GO:0070295		Ensembl	NCBITaxon:9606	IEA	UniProtKB:Q8R2N1|ensembl:ENSMUSP00000055110	PANTHER:PTHR43829	protein	UniProtKB:Q92482	GO_REF:0000107	20250313
UniProtKB:Q92482	Aquaporin-3		GO:0003091		Reactome	NCBITaxon:9606	TAS		PANTHER:PTHR43829	protein	UniProtKB:Q92482	Reactome:R-HSA-432040	20241117
UniProtKB:Q8TAU0	Homeobox protein Nkx-2.3		GO:0046541		Ensembl	NCBITaxon:9606	IEA	UniProtKB:P97334|ensembl:ENSMUSP00000050933	PANTHER:PTHR24340	protein	UniProtKB:Q8TAU0	GO_REF:0000107	20250313
UniProtKB:P18206	Vinculin		GO:0070527		UniProt	NCBITaxon:9606	HMP		PANTHER:PTHR46180	protein	UniProtKB:P18206	PMID:23382103	20140721
UniProtKB:O00186	Syntaxin-binding protein 3		GO:0070527		UniProt	NCBITaxon:9606	IMP		PANTHER:PTHR11679	protein	UniProtKB:O00186	PMID:12773094	20090826
UniProtKB:Q8TE60	A disintegrin and metalloproteinase with thrombospondin motifs 18		GO:0090331		Ensembl	NCBITaxon:9606	IEA	UniProtKB:Q4VC17|ensembl:ENSMUSP00000090801	PANTHER:PTHR13723	protein	UniProtKB:Q8TE60	GO_REF:0000107	20250313
UniProtKB:Q8TE60	A disintegrin and metalloproteinase with thrombospondin motifs 18		GO:0090331		MGI	NCBITaxon:9606	IDA		PANTHER:PTHR13723	protein	UniProtKB:Q8TE60	PMID:19218546	20140509
UniProtKB:Q8TE60	A disintegrin and metalloproteinase with thrombospondin motifs 18		GO:0090331		UniProt	NCBITaxon:9606	IEA	ARBA:ARBA00086824	PANTHER:PTHR13723	protein	UniProtKB:Q8TE60	GO_REF:0000117	20250428
UniProtKB:P02776	Platelet factor 4		GO:0030195		UniProt	NCBITaxon:9606	IDA		PANTHER:PTHR12015	protein	UniProtKB:P02776	PMID:10761923	20240613
UniProtKB:P02776	Platelet factor 4		GO:0030195		UniProt	NCBITaxon:9606	TAS		PANTHER:PTHR12015	protein	UniProtKB:P02776	PMID:15005336	20240613
UniProtKB:P02776	Platelet factor 4		GO:0030168		UniProt	NCBITaxon:9606	IDA		PANTHER:PTHR12015	protein	UniProtKB:P02776	PMID:11685038	20030721
UniProtKB:P02776	Platelet factor 4		GO:0030195		UniProt	NCBITaxon:9606	IDA		PANTHER:PTHR12015	protein	UniProtKB:P02776	PMID:9395524	20240613
UniProtKB:P02766	Transthyretin		GO:0003105		Ensembl	NCBITaxon:9606	IEA	UniProtKB:P07309|ensembl:ENSMUSP00000074783	PANTHER:PTHR10395	protein	UniProtKB:P02766	GO_REF:0000107	20250313
UniProtKB:Q9BV40	Vesicle-associated membrane protein 8		GO:0070254	"{""relationship"": {""relation"": [{""id"": ""BFO:0000066"", ""label"": ""occurs in""}], ""id"": ""CL:1000143"", ""label"": ""lung goblet cell""}}"	UniProt	NCBITaxon:9606	IMP		PANTHER:PTHR45701	protein	UniProtKB:Q9BV40	PMID:22144578	20141120
UniProtKB:Q9BV40	Vesicle-associated membrane protein 8		GO:0070254		GO_Central	NCBITaxon:9606	IBA	PANTHER:PTN002904965|MGI:MGI:1336882|UniProtKB:Q9BV40	PANTHER:PTHR45701	protein		GO_REF:0000033	20190828
UniProtKB:P29972	Aquaporin-1		GO:0050891		Ensembl	NCBITaxon:9606	IEA	UniProtKB:Q02013|ensembl:ENSMUSP00000004774	PANTHER:PTHR19139	protein	UniProtKB:P29972	GO_REF:0000107	20250313
UniProtKB:P29972	Aquaporin-1		GO:0070295		Ensembl	NCBITaxon:9606	IEA	UniProtKB:Q02013|ensembl:ENSMUSP00000004774	PANTHER:PTHR19139	protein	UniProtKB:P29972	GO_REF:0000107	20250313
UniProtKB:P29972	Aquaporin-1		GO:0003091		Reactome	NCBITaxon:9606	TAS		PANTHER:PTHR19139	protein	UniProtKB:P29972	Reactome:R-HSA-432040	20241117
UniProtKB:P29972	Aquaporin-1		GO:0003097		UniProt	NCBITaxon:9606	IDA		PANTHER:PTHR19139	protein	UniProtKB:P29972	PMID:9096382	20100218
UniProtKB:P29972	Aquaporin-1		GO:0030157		UniProt	NCBITaxon:9606	IEP		PANTHER:PTHR19139	protein	UniProtKB:P29972	PMID:12801959	20100316
UniProtKB:P29972	Aquaporin-1		GO:0033326		UniProt	NCBITaxon:9606	IEP		PANTHER:PTHR19139	protein	UniProtKB:P29972	PMID:16814974	20100309
UniProtKB:P29972	Aquaporin-1		GO:0046878		UniProt	NCBITaxon:9606	IMP		PANTHER:PTHR19139	protein	UniProtKB:P29972	PMID:15727941	20100312
UniProtKB:P29972	Aquaporin-1		GO:0046878		UniProt	NCBITaxon:9606	IMP		PANTHER:PTHR19139	protein	UniProtKB:P29972	PMID:9096382	20100218
UniProtKB:P29972	Aquaporin-1		GO:0050891		UniProt	NCBITaxon:9606	IEP		PANTHER:PTHR19139	protein	UniProtKB:P29972	PMID:17645239	20100310
UniProtKB:P29972	Aquaporin-1		GO:0003097		GO_Central	NCBITaxon:9606	IBA	PANTHER:PTN002709505|UniProtKB:P29972|MGI:MGI:103201	PANTHER:PTHR19139	protein		GO_REF:0000033	20200320
UniProtKB:P29965	CD40 ligand		GO:0030168		UniProt	NCBITaxon:9606	IDA		PANTHER:PTHR11471	protein	UniProtKB:P29965	PMID:9468137	20030723
UniProtKB:P02749	Beta-2-glycoprotein 1		GO:0030193		Ensembl	NCBITaxon:9606	IEA	UniProtKB:Q01339|ensembl:ENSMUSP00000000049	PANTHER:PTHR19325	protein	UniProtKB:P02749	GO_REF:0000107	20250313
UniProtKB:P02749	Beta-2-glycoprotein 1		GO:0007597		BHF-UCL	NCBITaxon:9606	IDA		PANTHER:PTHR19325	protein	UniProtKB:P02749	PMID:4052628	20080402
UniProtKB:P02749	Beta-2-glycoprotein 1		GO:0030194		BHF-UCL	NCBITaxon:9606	TAS		PANTHER:PTHR19325	protein	UniProtKB:P02749	PMID:16480936	20080402
UniProtKB:P02749	Beta-2-glycoprotein 1		GO:0030195		BHF-UCL	NCBITaxon:9606	IDA		PANTHER:PTHR19325	protein	UniProtKB:P02749	PMID:4052628	20080402
UniProtKB:P02749	Beta-2-glycoprotein 1		GO:0051917		BHF-UCL	NCBITaxon:9606	IDA		PANTHER:PTHR19325	protein	UniProtKB:P02749	PMID:16480936	20080402
UniProtKB:P02749	Beta-2-glycoprotein 1		GO:0051918		BHF-UCL	NCBITaxon:9606	IDA		PANTHER:PTHR19325	protein	UniProtKB:P02749	PMID:14726399	20080402
UniProtKB:P12931	Proto-oncogene tyrosine-protein kinase Src		GO:0030168		Reactome	NCBITaxon:9606	TAS		PANTHER:PTHR24418	protein	UniProtKB:P12931	Reactome:R-HSA-76002	20241117
ComplexPortal:CPX-436	EMILIN-2 complex		GO:0030194		ComplexPortal	NCBITaxon:9606	ISO	ComplexPortal:CPX-438		protein_complex		GO_REF:0000114	20240823
ComplexPortal:CPX-6215	Coagulation factor Xa complex		GO:0072377		ComplexPortal	NCBITaxon:9606	NAS			protein_complex		PMID:12524220	20240823
ComplexPortal:CPX-6216	Coagulation factor Va complex		GO:0007598		ComplexPortal	NCBITaxon:9606	NAS			protein_complex		PMID:12524220	20240823
UniProtKB:Q8IWY4	Signal peptide, CUB and EGF-like domain-containing protein 1		GO:0007596		UniProt	NCBITaxon:9606	NAS		PANTHER:PTHR24046	protein	UniProtKB:Q8IWY4	PMID:12270931	20031216
ComplexPortal:CPX-6221	Coagulation factor Va-Xa complex		GO:0072377		ComplexPortal	NCBITaxon:9606	NAS			protein_complex		PMID:14982929	20240823
UniProtKB:P16066	Atrial natriuretic peptide receptor 1		GO:0007589		UniProt	NCBITaxon:9606	TAS		PANTHER:PTHR11920	protein	UniProtKB:P16066	PMID:14960748	20040308
UniProtKB:P16066	Atrial natriuretic peptide receptor 1		GO:0035810		UniProt	NCBITaxon:9606	TAS		PANTHER:PTHR11920	protein	UniProtKB:P16066	PMID:14737067	20110607
UniProtKB:O14508	Suppressor of cytokine signaling 2		GO:0007595		Ensembl	NCBITaxon:9606	IEA	UniProtKB:O35717|ensembl:ENSMUSP00000020215	PANTHER:PTHR10155	protein	UniProtKB:O14508	GO_REF:0000107	20250313
UniProtKB:P50148	Guanine nucleotide-binding protein G(q) subunit alpha		GO:0007596		PINC	NCBITaxon:9606	TAS		PANTHER:PTHR10218	protein	UniProtKB:P50148	PMID:9238049	20030904
UniProtKB:P13569	Cystic fibrosis transmembrane conductance regulator		GO:0050891		UniProt	NCBITaxon:9606	IMP		PANTHER:PTHR24223	protein	UniProtKB:P13569	PMID:19621064	20170301
ComplexPortal:CPX-117	Glycoprotein Ib-IX-V-Filamin-A complex		GO:0007597		ComplexPortal	NCBITaxon:9606	NAS			protein_complex		PMID:16293600	20250325
ComplexPortal:CPX-114	Glycoprotein Ib-IX-V complex		GO:0007597		ComplexPortal	NCBITaxon:9606	IPI			protein_complex		PMID:10501658	20240823
ComplexPortal:CPX-6235	Coagulation factor VIIIa complex, heavy chain variant 2		GO:0007597		ComplexPortal	NCBITaxon:9606	NAS			protein_complex		PMID:12524220	20240827
ComplexPortal:CPX-6234	Kallikrein complex		GO:0007597		ComplexPortal	NCBITaxon:9606	IDA			protein_complex		PMID:874082	20240823
ComplexPortal:CPX-6231	Coagulation factor XIIIa complex		GO:0072378		ComplexPortal	NCBITaxon:9606	IDA			protein_complex		PMID:27363989	20240823
ComplexPortal:CPX-6230	Fibrin clot		GO:0072378		ComplexPortal	NCBITaxon:9606	IDA			protein_complex		PMID:16846481	20240823
ComplexPortal:CPX-6225	Fibrin complex		GO:0072378		ComplexPortal	NCBITaxon:9606	IDA			protein_complex		PMID:16846481	20241126
ComplexPortal:CPX-6224	Active Protein C complex		GO:0030195		ComplexPortal	NCBITaxon:9606	IDA			protein_complex		PMID:25651845	20240823
ComplexPortal:CPX-6223	Thrombin-Thrombomodulin complex		GO:0030195		ComplexPortal	NCBITaxon:9606	NAS			protein_complex		PMID:12524220	20240823
ComplexPortal:CPX-6223	Thrombin-Thrombomodulin complex		GO:0072377		ComplexPortal	NCBITaxon:9606	NAS			protein_complex		PMID:12524220	20240823
ComplexPortal:CPX-6222	alpha-thrombin complex		GO:0072377		ComplexPortal	NCBITaxon:9606	IDA			protein_complex		PMID:22457833	20240823
UniProtKB:P23743	Diacylglycerol kinase alpha		GO:0030168		UniProt	NCBITaxon:9606	IEA	ARBA:ARBA00027406	PANTHER:PTHR11255	protein	UniProtKB:P23743	GO_REF:0000117	20250428
UniProtKB:P23743	Diacylglycerol kinase alpha		GO:0030168		Reactome	NCBITaxon:9606	TAS		PANTHER:PTHR11255	protein	UniProtKB:P23743	Reactome:R-HSA-76002	20241117
ComplexPortal:CPX-6211	Coagulation factor VIIa complex		GO:0007598		ComplexPortal	NCBITaxon:9606	NAS			protein_complex		PMID:12524220	20241126
ComplexPortal:CPX-6209	Coagulation factor XIIa complex		GO:0007597		ComplexPortal	NCBITaxon:9606	NAS			protein_complex		PMID:18725990	20240823
ComplexPortal:CPX-6205	Coagulation factor XIa complex		GO:0007597		ComplexPortal	NCBITaxon:9606	IDA			protein_complex		PMID:10823824	20240823
ComplexPortal:CPX-6204	Coagulation factor VIIIa-IXa complex		GO:0007597		ComplexPortal	NCBITaxon:9606	NAS			protein_complex		PMID:1730085	20240823
UniProtKB:P19105	Myosin regulatory light chain 12A		GO:0070527		UniProt	NCBITaxon:9606	HMP		PANTHER:PTHR23049	protein	UniProtKB:P19105	PMID:23382103	20140721
UniProtKB:P22694	cAMP-dependent protein kinase catalytic subunit beta		GO:0003091		Reactome	NCBITaxon:9606	TAS		PANTHER:PTHR24353	protein	UniProtKB:P22694	Reactome:R-HSA-432040	20241117
UniProtKB:P13224	Platelet glycoprotein Ib beta chain		GO:0007596		UniProt	NCBITaxon:9606	IEA	UniProtKB-KW:KW-0094	PANTHER:PTHR22650	protein	UniProtKB:P13224	GO_REF:0000043	20250428
UniProtKB:P13224	Platelet glycoprotein Ib beta chain		GO:0007596		UniProt	NCBITaxon:9606	IEA	ARBA:ARBA00028854	PANTHER:PTHR22650	protein	UniProtKB:P13224	GO_REF:0000117	20250428
UniProtKB:P13224	Platelet glycoprotein Ib beta chain		GO:0007597		ComplexPortal	NCBITaxon:9606	IPI		PANTHER:PTHR22650	protein	UniProtKB:P13224	PMID:10501658	20240823
UniProtKB:P13224	Platelet glycoprotein Ib beta chain		GO:0007597		ComplexPortal	NCBITaxon:9606	NAS		PANTHER:PTHR22650	protein	UniProtKB:P13224	PMID:16293600	20250325
UniProtKB:P13224	Platelet glycoprotein Ib beta chain		GO:0007599		UniProt	NCBITaxon:9606	IEA	UniProtKB-KW:KW-0356	PANTHER:PTHR22650	protein	UniProtKB:P13224	GO_REF:0000043	20250428
UniProtKB:P13224	Platelet glycoprotein Ib beta chain		GO:0030168		UniProt	NCBITaxon:9606	NAS		PANTHER:PTHR22650	protein	UniProtKB:P13224	PMID:12871509	20040513
UniProtKB:P22891	Vitamin K-dependent protein Z		GO:0007596		Ensembl	NCBITaxon:9606	IEA	UniProtKB:Q9CQW3|ensembl:ENSMUSP00000033822	PANTHER:PTHR24278	protein	UniProtKB:P22891	GO_REF:0000107	20250313
UniProtKB:P22891	Vitamin K-dependent protein Z		GO:0007596		InterPro	NCBITaxon:9606	IEA	InterPro:IPR012224	PANTHER:PTHR24278	protein	UniProtKB:P22891	GO_REF:0000002	20250429
UniProtKB:P22891	Vitamin K-dependent protein Z		GO:0007596		UniProt	NCBITaxon:9606	IEA	UniProtKB-KW:KW-0094	PANTHER:PTHR24278	protein	UniProtKB:P22891	GO_REF:0000043	20250428
UniProtKB:P22891	Vitamin K-dependent protein Z		GO:0007599		UniProt	NCBITaxon:9606	IEA	UniProtKB-KW:KW-0356	PANTHER:PTHR24278	protein	UniProtKB:P22891	GO_REF:0000043	20250428
UniProtKB:P22891	Vitamin K-dependent protein Z		GO:0007596		GO_Central	NCBITaxon:9606	IBA	PANTHER:PTN002385473|ZFIN:ZDB-GENE-010814-1|UniProtKB:P08709|MGI:MGI:88384|MGI:MGI:1860488|UniProtKB:P00740|MGI:MGI:109325	PANTHER:PTHR24278	protein		GO_REF:0000033	20240606
UniProtKB:O60353	Frizzled-6		GO:0030168		Ensembl	NCBITaxon:9606	IEA	UniProtKB:Q61089|ensembl:ENSMUSP00000136328	PANTHER:PTHR11309	protein	UniProtKB:O60353	GO_REF:0000107	20250313
UniProtKB:Q9BQB6	Vitamin K epoxide reductase complex subunit 1		GO:0007596		Ensembl	NCBITaxon:9606	IEA	UniProtKB:Q9CRC0|ensembl:ENSMUSP00000033074	PANTHER:PTHR14519	protein	UniProtKB:Q9BQB6	GO_REF:0000107	20250313
UniProtKB:Q9BQB6	Vitamin K epoxide reductase complex subunit 1		GO:0007596		UniProt	NCBITaxon:9606	IMP		PANTHER:PTHR14519	protein	UniProtKB:Q9BQB6	PMID:16270630	20140402
UniProtKB:Q9BQB6	Vitamin K epoxide reductase complex subunit 1		GO:0007596		GO_Central	NCBITaxon:9606	IBA	PANTHER:PTN002684396|UniProtKB:Q9BQB6|MGI:MGI:106442	PANTHER:PTHR14519	protein		GO_REF:0000033	20190321
UniProtKB:P49961	Ectonucleoside triphosphate diphosphohydrolase 1		GO:0030168		Ensembl	NCBITaxon:9606	IEA	UniProtKB:P55772|ensembl:ENSMUSP00000107850	PANTHER:PTHR11782	protein	UniProtKB:P49961	GO_REF:0000107	20250313
UniProtKB:P49961	Ectonucleoside triphosphate diphosphohydrolase 1		GO:0007596		PINC	NCBITaxon:9606	TAS		PANTHER:PTHR11782	protein	UniProtKB:P49961	PMID:8955160	20030904
UniProtKB:P49961	Ectonucleoside triphosphate diphosphohydrolase 1		GO:0070527		UniProt	NCBITaxon:9606	IMP		PANTHER:PTHR11782	protein	UniProtKB:P49961	PMID:8955160	20231017
UniProtKB:P49961	Ectonucleoside triphosphate diphosphohydrolase 1		GO:0070527		UniProt	NCBITaxon:9606	IMP		PANTHER:PTHR11782	protein	UniProtKB:P49961	PMID:8996251	20231020
UniProtKB:P29474	Nitric oxide synthase 3		GO:0010544		BHF-UCL	NCBITaxon:9606	NAS		PANTHER:PTHR19384	protein	UniProtKB:P29474	PMID:7504210	20080725
UniProtKB:Q6ZNK6	TRAF-interacting protein with FHA domain-containing protein B		GO:1905747		CAFA	NCBITaxon:9606	IGI	UniProtKB:Q8TF63|UniProtKB:Q92886	PANTHER:PTHR31266	protein	UniProtKB:Q6ZNK6	PMID:23419067	20161209
UniProtKB:Q15303	Receptor tyrosine-protein kinase erbB-4		GO:0007595		UniProt	NCBITaxon:9606	IEA	UniProtKB-KW:KW-0421	PANTHER:PTHR24416	protein	UniProtKB:Q15303	GO_REF:0000043	20250428
UniProtKB:Q15303	Receptor tyrosine-protein kinase erbB-4		GO:0007595		Ensembl	NCBITaxon:9606	IEA	UniProtKB:Q61527|ensembl:ENSMUSP00000112713	PANTHER:PTHR24416	protein	UniProtKB:Q15303	GO_REF:0000107	20250313
UniProtKB:Q15303	Receptor tyrosine-protein kinase erbB-4		GO:0007595		UniProt	NCBITaxon:9606	IMP		PANTHER:PTHR24416	protein	UniProtKB:Q15303	PMID:15534001	20111109
UniProtKB:O00299	Chloride intracellular channel protein 1		GO:0070527		UniProt	NCBITaxon:9606	HMP		PANTHER:PTHR43920	protein	UniProtKB:O00299	PMID:23382103	20140721
UniProtKB:O00254	Proteinase-activated receptor 3		GO:0007596		InterPro	NCBITaxon:9606	IEA	InterPro:IPR003912|InterPro:IPR003943	PANTHER:PTHR24232	protein	UniProtKB:O00254	GO_REF:0000002	20250429
UniProtKB:O00254	Proteinase-activated receptor 3		GO:0007596		UniProt	NCBITaxon:9606	IEA	UniProtKB-KW:KW-0094	PANTHER:PTHR24232	protein	UniProtKB:O00254	GO_REF:0000043	20250428
UniProtKB:O00254	Proteinase-activated receptor 3		GO:0007596		PINC	NCBITaxon:9606	TAS		PANTHER:PTHR24232	protein	UniProtKB:O00254	PMID:9087410	20030904
UniProtKB:O00254	Proteinase-activated receptor 3		GO:0007599		UniProt	NCBITaxon:9606	IEA	UniProtKB-KW:KW-0356	PANTHER:PTHR24232	protein	UniProtKB:O00254	GO_REF:0000043	20250428
UniProtKB:O00254	Proteinase-activated receptor 3		GO:0030168		Reactome	NCBITaxon:9606	TAS		PANTHER:PTHR24232	protein	UniProtKB:O00254	Reactome:R-HSA-76002	20241117
UniProtKB:P21333	Filamin-A		GO:0007597		ComplexPortal	NCBITaxon:9606	NAS		PANTHER:PTHR38537	protein	UniProtKB:P21333	PMID:16293600	20250325
UniProtKB:P21333	Filamin-A		GO:0070527		UniProt	NCBITaxon:9606	HMP		PANTHER:PTHR38537	protein	UniProtKB:P21333	PMID:23382103	20140721
UniProtKB:Q92886	Neurogenin-1		GO:1905747		CAFA	NCBITaxon:9606	IGI	UniProtKB:Q6ZNK6|UniProtKB:Q8TF63	PANTHER:PTHR19290	protein	UniProtKB:Q92886	PMID:23419067	20161209
UniProtKB:P80365	11-beta-hydroxysteroid dehydrogenase type 2		GO:0002017		Ensembl	NCBITaxon:9606	IEA	UniProtKB:P50233|ensembl:ENSRNOP00000023130	PANTHER:PTHR43313	protein	UniProtKB:P80365	GO_REF:0000107	20250313
UniProtKB:P55064	Aquaporin-5		GO:0046541		Ensembl	NCBITaxon:9606	IEA	UniProtKB:Q9WTY4|ensembl:ENSMUSP00000127611	PANTHER:PTHR19139	protein	UniProtKB:P55064	GO_REF:0000107	20250313
UniProtKB:P55064	Aquaporin-5		GO:0030157		UniProt	NCBITaxon:9606	IEP		PANTHER:PTHR19139	protein	UniProtKB:P55064	PMID:12801959	20100316
UniProtKB:Q13310	Polyadenylate-binding protein 4		GO:0007596		PINC	NCBITaxon:9606	TAS		PANTHER:PTHR24012	protein	UniProtKB:Q13310	PMID:9030741	20030904
UniProtKB:P09683	Secretin		GO:0030157		UniProt	NCBITaxon:9606	NAS		PANTHER:PTHR17378	protein	UniProtKB:P09683	PMID:11060443	20030404
UniProtKB:P09683	Secretin		GO:0090187		Ensembl	NCBITaxon:9606	IEA	UniProtKB:P11384|ensembl:ENSRNOP00000024094	PANTHER:PTHR17378	protein	UniProtKB:P09683	GO_REF:0000107	20250313
UniProtKB:P09683	Secretin		GO:0090187		GO_Central	NCBITaxon:9606	IBA	PANTHER:PTN001048642|RGD:3643	PANTHER:PTHR17378	protein		GO_REF:0000033	20170929
UniProtKB:P08311	Cathepsin G		GO:0030168		UniProt	NCBITaxon:9606	IDA		PANTHER:PTHR24271	protein	UniProtKB:P08311	PMID:10702240	20210906
ComplexPortal:CPX-2808	Coagulation factor VIIa - tissue factor complex		GO:0002543		ComplexPortal	NCBITaxon:9606	NAS			protein_complex		PMID:18640965	20241126
ComplexPortal:CPX-2808	Coagulation factor VIIa - tissue factor complex		GO:0007596		ComplexPortal	NCBITaxon:9606	NAS			protein_complex		PMID:18640965	20241126
ComplexPortal:CPX-2808	Coagulation factor VIIa - tissue factor complex		GO:0007596	"{""relationship"": {""relation"": [{""id"": ""BFO:0000066"", ""label"": ""occurs in""}], ""id"": ""CL:0002618"", ""label"": ""endothelial cell of umbilical vein""}}"	BHF-UCL	NCBITaxon:9606	IDA			protein_complex		PMID:24998411	20160617
ComplexPortal:CPX-2808	Coagulation factor VIIa - tissue factor complex		GO:0007597		ComplexPortal	NCBITaxon:9606	NAS			protein_complex		PMID:18640965	20241126
ComplexPortal:CPX-2808	Coagulation factor VIIa - tissue factor complex		GO:0007598		ComplexPortal	NCBITaxon:9606	NAS			protein_complex		PMID:18640965	20241126
ComplexPortal:CPX-2808	Coagulation factor VIIa - tissue factor complex		GO:0072378		ComplexPortal	NCBITaxon:9606	NAS			protein_complex		PMID:18640965	20241126
UniProtKB:Q15853	Upstream stimulatory factor 2		GO:0007595		Ensembl	NCBITaxon:9606	IEA	UniProtKB:Q64705|ensembl:ENSMUSP00000132256	PANTHER:PTHR46117	protein	UniProtKB:Q15853	GO_REF:0000107	20250313
UniProtKB:Q15836	Vesicle-associated membrane protein 3	not	GO:0070254		UniProt	NCBITaxon:9606	IMP		PANTHER:PTHR45701	protein	UniProtKB:Q15836	PMID:22144578	20141120
UniProtKB:Q13976	cGMP-dependent protein kinase 1		GO:0090331		UniProt	NCBITaxon:9606	IMP		PANTHER:PTHR24353	protein	UniProtKB:Q13976	PMID:16990611	20111115
UniProtKB:Q99808	Equilibrative nucleoside transporter 1		GO:0007595		Ensembl	NCBITaxon:9606	IEA	UniProtKB:O54698|ensembl:ENSRNOP00000082743	PANTHER:PTHR10332	protein	UniProtKB:Q99808	GO_REF:0000107	20250313
UniProtKB:P06239	Tyrosine-protein kinase Lck		GO:0030168		Reactome	NCBITaxon:9606	TAS		PANTHER:PTHR24418	protein	UniProtKB:P06239	Reactome:R-HSA-76002	20241117
UniProtKB:P53621	Coatomer subunit alpha		GO:0030157		MGI	NCBITaxon:9606	IDA		PANTHER:PTHR19876	protein	UniProtKB:P53621	PMID:1429581	20060111
UniProtKB:P04070	Vitamin K-dependent protein C		GO:0007596		InterPro	NCBITaxon:9606	IEA	InterPro:IPR012224	PANTHER:PTHR24278	protein	UniProtKB:P04070	GO_REF:0000002	20250429
UniProtKB:P04070	Vitamin K-dependent protein C		GO:0007596		UniProt	NCBITaxon:9606	IEA	UniProtKB-KW:KW-0094	PANTHER:PTHR24278	protein	UniProtKB:P04070	GO_REF:0000043	20250428
UniProtKB:P04070	Vitamin K-dependent protein C		GO:0007599		UniProt	NCBITaxon:9606	IEA	UniProtKB-KW:KW-0356	PANTHER:PTHR24278	protein	UniProtKB:P04070	GO_REF:0000043	20250428
UniProtKB:P04070	Vitamin K-dependent protein C		GO:0030195		UniProt	NCBITaxon:9606	TAS		PANTHER:PTHR24278	protein	UniProtKB:P04070	PMID:15005336	20040513
UniProtKB:P04070	Vitamin K-dependent protein C		GO:0007596		GO_Central	NCBITaxon:9606	IBA	PANTHER:PTN002385473|ZFIN:ZDB-GENE-010814-1|UniProtKB:P08709|MGI:MGI:88384|MGI:MGI:1860488|UniProtKB:P00740|MGI:MGI:109325	PANTHER:PTHR24278	protein		GO_REF:0000033	20240606
UniProtKB:P24530	Endothelin receptor type B		GO:0035810		Ensembl	NCBITaxon:9606	IEA	UniProtKB:P21451|ensembl:ENSRNOP00000014747	PANTHER:PTHR46099	protein	UniProtKB:P24530	GO_REF:0000107	20250313
UniProtKB:P51168	Epithelial sodium channel subunit beta		GO:0050891		Ensembl	NCBITaxon:9606	IEA	UniProtKB:Q9WU38|ensembl:ENSMUSP00000033161	PANTHER:PTHR11690	protein	UniProtKB:P51168	GO_REF:0000107	20250313
UniProtKB:P51168	Epithelial sodium channel subunit beta		GO:0070254		Ensembl	NCBITaxon:9606	IEA	UniProtKB:Q9WU38|ensembl:ENSMUSP00000033161	PANTHER:PTHR11690	protein	UniProtKB:P51168	GO_REF:0000107	20250313
UniProtKB:P51168	Epithelial sodium channel subunit beta		GO:0050891		UniProt	NCBITaxon:9606	IEA	ARBA:ARBA00091200	PANTHER:PTHR11690	protein	UniProtKB:P51168	GO_REF:0000117	20250428
UniProtKB:P51168	Epithelial sodium channel subunit beta		GO:0050891		UniProt	NCBITaxon:9606	IDA		PANTHER:PTHR11690	protein	UniProtKB:P51168	PMID:24124190	20140117
UniProtKB:P51159	Ras-related protein Rab-27A		GO:0007596		Ensembl	NCBITaxon:9606	IEA	UniProtKB:Q9ERI2|ensembl:ENSMUSP00000139310	PANTHER:PTHR47977	protein	UniProtKB:P51159	GO_REF:0000107	20250313
UniProtKB:Q13574	Diacylglycerol kinase zeta		GO:0030168		UniProt	NCBITaxon:9606	IEA	ARBA:ARBA00027406	PANTHER:PTHR11255	protein	UniProtKB:Q13574	GO_REF:0000117	20250428
UniProtKB:Q13574	Diacylglycerol kinase zeta		GO:0030168		Reactome	NCBITaxon:9606	TAS		PANTHER:PTHR11255	protein	UniProtKB:Q13574	Reactome:R-HSA-76002	20241117
UniProtKB:Q13572	Inositol-tetrakisphosphate 1-kinase		GO:0007596		Reactome	NCBITaxon:9606	TAS		PANTHER:PTHR14217	protein	UniProtKB:Q13572	Reactome:R-HSA-109582	20241117
UniProtKB:P04275	von Willebrand factor		GO:0007596		UniProt	NCBITaxon:9606	IEA	UniProtKB-KW:KW-0094	PANTHER:PTHR11339	protein	UniProtKB:P04275	GO_REF:0000043	20250428
UniProtKB:P04275	von Willebrand factor		GO:0007596		UniProt	NCBITaxon:9606	IMP		PANTHER:PTHR11339	protein	UniProtKB:P04275	PMID:16409464	20070327
UniProtKB:P04275	von Willebrand factor		GO:0007599		UniProt	NCBITaxon:9606	IEA	UniProtKB-KW:KW-0356	PANTHER:PTHR11339	protein	UniProtKB:P04275	GO_REF:0000043	20250428
UniProtKB:P04275	von Willebrand factor		GO:0007599		UniProt	NCBITaxon:9606	IMP		PANTHER:PTHR11339	protein	UniProtKB:P04275	PMID:10887119	20070326
UniProtKB:P04275	von Willebrand factor		GO:0030168		UniProt	NCBITaxon:9606	IEA	ARBA:ARBA00027406	PANTHER:PTHR11339	protein	UniProtKB:P04275	GO_REF:0000117	20250428
UniProtKB:P04275	von Willebrand factor		GO:0030168		UniProt	NCBITaxon:9606	NAS		PANTHER:PTHR11339	protein	UniProtKB:P04275	PMID:12871509	20040513
UniProtKB:P04275	von Willebrand factor		GO:0030168		UniProt	NCBITaxon:9606	IDA		PANTHER:PTHR11339	protein	UniProtKB:P04275	PMID:8565074	20070328
UniProtKB:P04275	von Willebrand factor		GO:0007596		GO_Central	NCBITaxon:9606	IBA	PANTHER:PTN002602369|UniProtKB:P04275|MGI:MGI:98941	PANTHER:PTHR11339	protein		GO_REF:0000033	20200929
UniProtKB:P04264	Keratin, type II cytoskeletal 1		GO:0042730		UniProt	NCBITaxon:9606	NAS		PANTHER:PTHR45616	protein	UniProtKB:P04264	PMID:11290596	20040820
UniProtKB:Q13520	Aquaporin-6		GO:0003097		UniProt	NCBITaxon:9606	IDA		PANTHER:PTHR19139	protein	UniProtKB:Q13520	PMID:8812490	20211116
UniProtKB:Q13505	Metaxin-1		GO:0007595		Ensembl	NCBITaxon:9606	IEA	UniProtKB:A0A0G2JU49|ensembl:ENSRNOP00000068965	PANTHER:PTHR12289	protein	UniProtKB:Q13505	GO_REF:0000107	20250313
UniProtKB:Q76LX8	A disintegrin and metalloproteinase with thrombospondin motifs 13		GO:0007596		UniProt	NCBITaxon:9606	IEA	UniProtKB-KW:KW-0094	PANTHER:PTHR13723	protein	UniProtKB:Q76LX8	GO_REF:0000043	20250428
UniProtKB:Q76LX8	A disintegrin and metalloproteinase with thrombospondin motifs 13		GO:0007596		Reactome	NCBITaxon:9606	TAS		PANTHER:PTHR13723	protein	UniProtKB:Q76LX8	Reactome:R-HSA-109582	20241117
UniProtKB:Q76LX8	A disintegrin and metalloproteinase with thrombospondin motifs 13		GO:0007599		UniProt	NCBITaxon:9606	IEA	UniProtKB-KW:KW-0356	PANTHER:PTHR13723	protein	UniProtKB:Q76LX8	GO_REF:0000043	20250428
UniProtKB:Q76LX8	A disintegrin and metalloproteinase with thrombospondin motifs 13		GO:0030168		UniProt	NCBITaxon:9606	NAS		PANTHER:PTHR13723	protein	UniProtKB:Q76LX8	PMID:11557746	20061130
UniProtKB:Q96QS1	Tetraspanin-32		GO:0007596		Ensembl	NCBITaxon:9606	IEA	UniProtKB:Q9JHH2|ensembl:ENSMUSP00000009396	PANTHER:PTHR19282	protein	UniProtKB:Q96QS1	GO_REF:0000107	20250313
UniProtKB:Q96QS1	Tetraspanin-32		GO:0007599		Ensembl	NCBITaxon:9606	IEA	UniProtKB:Q9JHH2|ensembl:ENSMUSP00000009396	PANTHER:PTHR19282	protein	UniProtKB:Q96QS1	GO_REF:0000107	20250313
UniProtKB:Q96QS1	Tetraspanin-32		GO:0070527		Ensembl	NCBITaxon:9606	IEA	UniProtKB:Q9JHH2|ensembl:ENSMUSP00000009396	PANTHER:PTHR19282	protein	UniProtKB:Q96QS1	GO_REF:0000107	20250313
UniProtKB:P56704	Protein Wnt-3a		GO:0030168		Ensembl	NCBITaxon:9606	IEA	UniProtKB:P27467|ensembl:ENSMUSP00000010044	PANTHER:PTHR12027	protein	UniProtKB:P56704	GO_REF:0000107	20250313
UniProtKB:P56704	Protein Wnt-3a		GO:0070527		Ensembl	NCBITaxon:9606	IEA	UniProtKB:P27467|ensembl:ENSMUSP00000010044	PANTHER:PTHR12027	protein	UniProtKB:P56704	GO_REF:0000107	20250313
UniProtKB:Q13087	Protein disulfide-isomerase A2		GO:0070527		Ensembl	NCBITaxon:9606	IEA	UniProtKB:D3Z6P0|ensembl:ENSMUSP00000035584	PANTHER:PTHR18929	protein	UniProtKB:Q13087	GO_REF:0000107	20250313
UniProtKB:Q5XXA6	Anoctamin-1		GO:0070254		UniProt	NCBITaxon:9606	ISS	UniProtKB:Q8BHY3	PANTHER:PTHR12308	protein	UniProtKB:Q5XXA6	GO_REF:0000024	20220225
UniProtKB:Q5XXA6	Anoctamin-1		GO:0070254		UniProt	NCBITaxon:9606	IMP		PANTHER:PTHR12308	protein	UniProtKB:Q5XXA6	PMID:33026825	20220225
UniProtKB:Q86UL3	Glycerol-3-phosphate acyltransferase 4		GO:0007595		UniProt	NCBITaxon:9606	ISS	UniProtKB:Q8K2C8	PANTHER:PTHR23063	protein	UniProtKB:Q86UL3	GO_REF:0000024	20060221
UniProtKB:Q86UL3	Glycerol-3-phosphate acyltransferase 4		GO:0007595		Ensembl	NCBITaxon:9606	IEA	UniProtKB:Q8K2C8|ensembl:ENSMUSP00000127325	PANTHER:PTHR23063	protein	UniProtKB:Q86UL3	GO_REF:0000107	20250313
UniProtKB:P24844	Myosin regulatory light polypeptide 9		GO:0070527		UniProt	NCBITaxon:9606	HMP		PANTHER:PTHR23049	protein	UniProtKB:P24844	PMID:23382103	20140721
UniProtKB:Q13639	5-hydroxytryptamine receptor 4		GO:0070254		UniProt	NCBITaxon:9606	IMP		PANTHER:PTHR24247	protein	UniProtKB:Q13639	PMID:17058067	20221005
UniProtKB:Q13639	5-hydroxytryptamine receptor 4		GO:0070254		Ensembl	NCBITaxon:9606	IEA	UniProtKB:P97288|ensembl:ENSMUSP00000157967	PANTHER:PTHR24247	protein	UniProtKB:Q13639	GO_REF:0000107	20250313
UniProtKB:O15520	Fibroblast growth factor 10		GO:0046877		UniProt	NCBITaxon:9606	IMP		PANTHER:PTHR11486	protein	UniProtKB:O15520	PMID:19102732	20091204
UniProtKB:O15520	Fibroblast growth factor 10		GO:0070075		UniProt	NCBITaxon:9606	IMP		PANTHER:PTHR11486	protein	UniProtKB:O15520	PMID:19102732	20091204
UniProtKB:P14416	D(2) dopamine receptor		GO:0035810		Ensembl	NCBITaxon:9606	IEA	UniProtKB:P61168|ensembl:ENSMUSP00000075170	PANTHER:PTHR24248	protein	UniProtKB:P14416	GO_REF:0000107	20250313
UniProtKB:P61225	Ras-related protein Rap-2b		GO:0030168		UniProt	NCBITaxon:9606	IDA		PANTHER:PTHR24070	protein	UniProtKB:P61225	PMID:18582561	20140814
UniProtKB:P61225	Ras-related protein Rap-2b		GO:0070527		UniProt	NCBITaxon:9606	IDA		PANTHER:PTHR24070	protein	UniProtKB:P61225	PMID:18582561	20140814
UniProtKB:P04196	Histidine-rich glycoprotein		GO:0007596		UniProt	NCBITaxon:9606	IEA	UniProtKB-KW:KW-0094	PANTHER:PTHR13814	protein	UniProtKB:P04196	GO_REF:0000043	20250428
UniProtKB:P04196	Histidine-rich glycoprotein		GO:0007599		UniProt	NCBITaxon:9606	IEA	UniProtKB-KW:KW-0356	PANTHER:PTHR13814	protein	UniProtKB:P04196	GO_REF:0000043	20250428
UniProtKB:P04196	Histidine-rich glycoprotein		GO:0030168		UniProt	NCBITaxon:9606	IDA		PANTHER:PTHR13814	protein	UniProtKB:P04196	PMID:19903770	20110815
UniProtKB:P04196	Histidine-rich glycoprotein		GO:0030193		UniProt	NCBITaxon:9606	IDA		PANTHER:PTHR13814	protein	UniProtKB:P04196	PMID:21304106	20110815
UniProtKB:P04196	Histidine-rich glycoprotein		GO:0030193		UniProt	NCBITaxon:9606	IDA		PANTHER:PTHR13814	protein	UniProtKB:P04196	PMID:6740558	20110815
UniProtKB:P04196	Histidine-rich glycoprotein		GO:0042730		UniProt	NCBITaxon:9606	IEA	UniProtKB-KW:KW-0280	PANTHER:PTHR13814	protein	UniProtKB:P04196	GO_REF:0000043	20250428
UniProtKB:P04196	Histidine-rich glycoprotein		GO:0051918		GO_Central	NCBITaxon:9606	IBA	PANTHER:PTN001418583|MGI:MGI:2146636	PANTHER:PTHR13814	protein		GO_REF:0000033	20170228
UniProtKB:O15350	Tumor protein p73		GO:0033326		Ensembl	NCBITaxon:9606	IEA	UniProtKB:Q9JJP2|ensembl:ENSMUSP00000114418	PANTHER:PTHR11447	protein	UniProtKB:O15350	GO_REF:0000107	20250313
UniProtKB:Q13418	Scaffold protein ILK		GO:0070527		UniProt	NCBITaxon:9606	HMP		PANTHER:PTHR44329	protein	UniProtKB:Q13418	PMID:23382103	20140721
UniProtKB:O15162	Phospholipid scramblase 1		GO:0030168		UniProt	NCBITaxon:9606	NAS		PANTHER:PTHR23248	protein	UniProtKB:O15162	PMID:9218461	20010913
UniProtKB:O15156	Zinc finger and BTB domain-containing protein 7B		GO:0007595		UniProt	NCBITaxon:9606	ISS	UniProtKB:Q64321	PANTHER:PTHR46105	protein	UniProtKB:O15156	GO_REF:0000024	20180308
UniProtKB:O15156	Zinc finger and BTB domain-containing protein 7B		GO:0007595		Ensembl	NCBITaxon:9606	IEA	UniProtKB:Q64321|ensembl:ENSMUSP00000103058	PANTHER:PTHR46105	protein	UniProtKB:O15156	GO_REF:0000107	20250313
UniProtKB:Q96SJ8	Tetraspanin-18		GO:0007599		Ensembl	NCBITaxon:9606	IEA	UniProtKB:Q80WR1|ensembl:ENSMUSP00000106896	PANTHER:PTHR19282	protein	UniProtKB:Q96SJ8	GO_REF:0000107	20250313
UniProtKB:Q13201	Multimerin-1		GO:0007596		PINC	NCBITaxon:9606	TAS		PANTHER:PTHR15427	protein	UniProtKB:Q13201	PMID:9189649	20030904
UniProtKB:O15123	Angiopoietin-2		GO:0030195		UniProt	NCBITaxon:9606	IDA		PANTHER:PTHR19143	protein	UniProtKB:O15123	PMID:10761923	20240613
UniProtKB:O15123	Angiopoietin-2		GO:0030195		UniProt	NCBITaxon:9606	TAS		PANTHER:PTHR19143	protein	UniProtKB:O15123	PMID:15005336	20240613
UniProtKB:O15123	Angiopoietin-2		GO:0007596		InterPro	NCBITaxon:9606	IEA	InterPro:IPR037579	PANTHER:PTHR19143	protein	UniProtKB:O15123	GO_REF:0000002	20250429
UniProtKB:Q9GZZ8	Extracellular glycoprotein lacritin		GO:0070075		UniProt	NCBITaxon:9606	NAS		PANTHER:PTHR40711	protein	UniProtKB:Q9GZZ8	PMID:18840430	20081107
UniProtKB:Q9GZZ8	Extracellular glycoprotein lacritin		GO:0070075		FlyBase	NCBITaxon:9606	IDA		PANTHER:PTHR40711	protein	UniProtKB:Q9GZZ8	PMID:25034600	20160523
UniProtKB:Q9GZZ8	Extracellular glycoprotein lacritin		GO:0070075		FlyBase	NCBITaxon:9606	IDA		PANTHER:PTHR40711	protein	UniProtKB:Q9GZZ8	PMID:25481446	20160420
UniProtKB:P24385	G1/S-specific cyclin-D1		GO:0007595		Ensembl	NCBITaxon:9606	IEA	UniProtKB:P25322|ensembl:ENSMUSP00000091495	PANTHER:PTHR10177	protein	UniProtKB:P24385	GO_REF:0000107	20250313
UniProtKB:Q13133	Oxysterols receptor LXR-alpha		GO:0090188		BHF-UCL	NCBITaxon:9606	ISS	UniProtKB:Q9Z0Y9	PANTHER:PTHR24082	protein	UniProtKB:Q13133	GO_REF:0000024	20110321
UniProtKB:Q13133	Oxysterols receptor LXR-alpha		GO:0090188		Ensembl	NCBITaxon:9606	IEA	UniProtKB:Q9Z0Y9|ensembl:ENSMUSP00000106988	PANTHER:PTHR24082	protein	UniProtKB:Q13133	GO_REF:0000107	20250313
UniProtKB:Q96RI0	Proteinase-activated receptor 4		GO:0070527		Ensembl	NCBITaxon:9606	IEA	UniProtKB:O88634|ensembl:ENSMUSP00000054426	PANTHER:PTHR24232	protein	UniProtKB:Q96RI0	GO_REF:0000107	20250313
UniProtKB:Q96RI0	Proteinase-activated receptor 4		GO:0007596		InterPro	NCBITaxon:9606	IEA	InterPro:IPR003912|InterPro:IPR003944	PANTHER:PTHR24232	protein	UniProtKB:Q96RI0	GO_REF:0000002	20250429
UniProtKB:Q96RI0	Proteinase-activated receptor 4		GO:0007596		UniProt	NCBITaxon:9606	IEA	UniProtKB-KW:KW-0094	PANTHER:PTHR24232	protein	UniProtKB:Q96RI0	GO_REF:0000043	20250428
UniProtKB:Q96RI0	Proteinase-activated receptor 4		GO:0007596		PINC	NCBITaxon:9606	TAS		PANTHER:PTHR24232	protein	UniProtKB:Q96RI0	PMID:10500152	20050308
UniProtKB:Q96RI0	Proteinase-activated receptor 4		GO:0007599		UniProt	NCBITaxon:9606	IEA	UniProtKB-KW:KW-0356	PANTHER:PTHR24232	protein	UniProtKB:Q96RI0	GO_REF:0000043	20250428
UniProtKB:Q96RI0	Proteinase-activated receptor 4		GO:0030168		UniProt	NCBITaxon:9606	IEA	ARBA:ARBA00027406	PANTHER:PTHR24232	protein	UniProtKB:Q96RI0	GO_REF:0000117	20250428
UniProtKB:Q96RI0	Proteinase-activated receptor 4		GO:0030168		UniProt	NCBITaxon:9606	IDA		PANTHER:PTHR24232	protein	UniProtKB:Q96RI0	PMID:10702240	20210906
UniProtKB:Q96RI0	Proteinase-activated receptor 4		GO:0030168		Reactome	NCBITaxon:9606	TAS		PANTHER:PTHR24232	protein	UniProtKB:Q96RI0	Reactome:R-HSA-76002	20241117
UniProtKB:P02751	Fibronectin		GO:0072378		BHF-UCL	NCBITaxon:9606	IDA		PANTHER:PTHR46708	protein	UniProtKB:P02751	PMID:3997886	20250410
UniProtKB:P35579	Myosin-9		GO:0070527		UniProt	NCBITaxon:9606	HMP		PANTHER:PTHR45615	protein	UniProtKB:P35579	PMID:23382103	20140721
UniProtKB:P29274	Adenosine receptor A2a		GO:0007596		PINC	NCBITaxon:9606	TAS		PANTHER:PTHR24246	protein	UniProtKB:P29274	PMID:10899090	20030904
UniProtKB:P29274	Adenosine receptor A2a		GO:0035810		Ensembl	NCBITaxon:9606	IEA	UniProtKB:P30543|ensembl:ENSRNOP00000001759	PANTHER:PTHR24246	protein	UniProtKB:P29274	GO_REF:0000107	20250313
UniProtKB:O75954	Tetraspanin-9		GO:0070527		Ensembl	NCBITaxon:9606	IEA	UniProtKB:Q8BJU2|ensembl:ENSMUSP00000107796	PANTHER:PTHR19282	protein	UniProtKB:O75954	GO_REF:0000107	20250313
UniProtKB:O75912	Diacylglycerol kinase iota		GO:0030168		UniProt	NCBITaxon:9606	IEA	ARBA:ARBA00027406	PANTHER:PTHR11255	protein	UniProtKB:O75912	GO_REF:0000117	20250428
UniProtKB:O75912	Diacylglycerol kinase iota		GO:0030168		Reactome	NCBITaxon:9606	TAS		PANTHER:PTHR11255	protein	UniProtKB:O75912	Reactome:R-HSA-76002	20241117
UniProtKB:Q03405	Urokinase plasminogen activator surface receptor		GO:0007596		PINC	NCBITaxon:9606	TAS		PANTHER:PTHR10624	protein	UniProtKB:Q03405	PMID:8049431	20030904
UniProtKB:Q03405	Urokinase plasminogen activator surface receptor		GO:0007596		UniProt	NCBITaxon:9606	NAS		PANTHER:PTHR10624	protein	UniProtKB:Q03405	PMID:8392005	20050308
UniProtKB:Q03405	Urokinase plasminogen activator surface receptor		GO:0051917		ComplexPortal	NCBITaxon:9606	NAS		PANTHER:PTHR10624	protein	UniProtKB:Q03405	PMID:3920216	20250127
UniProtKB:P07911	Uromodulin		GO:0003091		Ensembl	NCBITaxon:9606	IEA	UniProtKB:Q91X17|ensembl:ENSMUSP00000033263	PANTHER:PTHR14002	protein	UniProtKB:P07911	GO_REF:0000107	20250313
UniProtKB:P07911	Uromodulin		GO:0035809		Ensembl	NCBITaxon:9606	IEA	UniProtKB:Q91X17|ensembl:ENSMUSP00000033263	PANTHER:PTHR14002	protein	UniProtKB:P07911	GO_REF:0000107	20250313
UniProtKB:P07911	Uromodulin		GO:0050891		Ensembl	NCBITaxon:9606	IEA	UniProtKB:Q91X17|ensembl:ENSMUSP00000033263	PANTHER:PTHR14002	protein	UniProtKB:P07911	GO_REF:0000107	20250313
UniProtKB:O14668	Transmembrane gamma-carboxyglutamic acid protein 1		GO:0007596		GO_Central	NCBITaxon:9606	IBA	PANTHER:PTN002385473|ZFIN:ZDB-GENE-010814-1|UniProtKB:P08709|MGI:MGI:88384|MGI:MGI:1860488|UniProtKB:P00740|MGI:MGI:109325	PANTHER:PTHR24278	protein		GO_REF:0000033	20240606
UniProtKB:O14669	Transmembrane gamma-carboxyglutamic acid protein 2		GO:0007596		GO_Central	NCBITaxon:9606	IBA	PANTHER:PTN002385473|ZFIN:ZDB-GENE-010814-1|UniProtKB:P08709|MGI:MGI:88384|MGI:MGI:1860488|UniProtKB:P00740|MGI:MGI:109325	PANTHER:PTHR24278	protein		GO_REF:0000033	20240606
UniProtKB:Q9UQQ2	SH2B adapter protein 3		GO:0090331		Ensembl	NCBITaxon:9606	IEA	UniProtKB:O09039|ensembl:ENSMUSP00000083490	PANTHER:PTHR10872	protein	UniProtKB:Q9UQQ2	GO_REF:0000107	20250313
UniProtKB:Q9UQQ2	SH2B adapter protein 3		GO:0090331		BHF-UCL	NCBITaxon:9606	ISS	UniProtKB:O09039	PANTHER:PTHR10872	protein	UniProtKB:Q9UQQ2	PMID:27430239	20190131
UniProtKB:Q9UPZ3	BLOC-2 complex member HPS5		GO:0007596		Ensembl	NCBITaxon:9606	IEA	UniProtKB:P59438|ensembl:ENSMUSP00000014562	PANTHER:PTHR23287	protein	UniProtKB:Q9UPZ3	GO_REF:0000107	20250313
UniProtKB:Q9UPY5	Cystine/glutamate transporter		GO:0070527		Ensembl	NCBITaxon:9606	IEA	UniProtKB:Q9WTR6|ensembl:ENSMUSP00000029297	PANTHER:PTHR11785	protein	UniProtKB:Q9UPY5	GO_REF:0000107	20250313
UniProtKB:P17752	Tryptophan 5-hydroxylase 1		GO:1900046		UniProt	NCBITaxon:9606	ISS	UniProtKB:P17532	PANTHER:PTHR11473	protein	UniProtKB:P17752	GO_REF:0000024	20210211
UniProtKB:P17752	Tryptophan 5-hydroxylase 1		GO:1900046		Ensembl	NCBITaxon:9606	IEA	UniProtKB:P17532|ensembl:ENSMUSP00000037752	PANTHER:PTHR11473	protein	UniProtKB:P17752	GO_REF:0000107	20250313
UniProtKB:Q9H4B7	Tubulin beta-1 chain		GO:0070527		Ensembl	NCBITaxon:9606	IEA	UniProtKB:A2AQ07|ensembl:ENSMUSP00000016399	PANTHER:PTHR11588	protein	UniProtKB:Q9H4B7	GO_REF:0000107	20250313
UniProtKB:Q9H4A3	Serine/threonine-protein kinase WNK1		GO:0090188		Ensembl	NCBITaxon:9606	IEA	UniProtKB:P83741|ensembl:ENSMUSP00000086017	PANTHER:PTHR24361	protein	UniProtKB:Q9H4A3	GO_REF:0000107	20250313
UniProtKB:Q5JWF2	Guanine nucleotide-binding protein G(s) subunit alpha isoforms XLas		GO:0070527		UniProt	NCBITaxon:9606	IMP		PANTHER:PTHR10218	protein	UniProtKB:Q5JWF2	PMID:12719376	20131106
UniProtKB:P00750	Tissue-type plasminogen activator		GO:0007596		PINC	NCBITaxon:9606	TAS		PANTHER:PTHR24264	protein	UniProtKB:P00750	PMID:3839198	20030904
UniProtKB:P00750	Tissue-type plasminogen activator		GO:0042730		Reactome	NCBITaxon:9606	TAS		PANTHER:PTHR24264	protein	UniProtKB:P00750	Reactome:R-HSA-75205	20241117
UniProtKB:P00750	Tissue-type plasminogen activator		GO:0051918		ComplexPortal	NCBITaxon:9606	NAS		PANTHER:PTHR24264	protein	UniProtKB:P00750	PMID:8508955	20241021
UniProtKB:P00749	Urokinase-type plasminogen activator		GO:0042730		Ensembl	NCBITaxon:9606	IEA	UniProtKB:P06869|ensembl:ENSMUSP00000022368	PANTHER:PTHR24264	protein	UniProtKB:P00749	GO_REF:0000107	20250313
UniProtKB:P00749	Urokinase-type plasminogen activator		GO:0007596		UniProt	NCBITaxon:9606	IEA	UniProtKB-KW:KW-0094	PANTHER:PTHR24264	protein	UniProtKB:P00749	GO_REF:0000043	20250428
UniProtKB:P00749	Urokinase-type plasminogen activator		GO:0007599		UniProt	NCBITaxon:9606	IEA	UniProtKB-KW:KW-0356	PANTHER:PTHR24264	protein	UniProtKB:P00749	GO_REF:0000043	20250428
UniProtKB:P00749	Urokinase-type plasminogen activator		GO:0042730		UniProt	NCBITaxon:9606	IEA	UniProtKB-KW:KW-0280	PANTHER:PTHR24264	protein	UniProtKB:P00749	GO_REF:0000043	20250428
UniProtKB:P00749	Urokinase-type plasminogen activator		GO:0042730		Reactome	NCBITaxon:9606	TAS		PANTHER:PTHR24264	protein	UniProtKB:P00749	Reactome:R-HSA-75205	20241117
UniProtKB:P00749	Urokinase-type plasminogen activator		GO:0051917		ComplexPortal	NCBITaxon:9606	NAS		PANTHER:PTHR24264	protein	UniProtKB:P00749	PMID:3920216	20250127
UniProtKB:P00749	Urokinase-type plasminogen activator		GO:0051918		ComplexPortal	NCBITaxon:9606	NAS		PANTHER:PTHR24264	protein	UniProtKB:P00749	PMID:8508955	20250127
UniProtKB:P00749	Urokinase-type plasminogen activator		GO:0042730		GO_Central	NCBITaxon:9606	IBA	PANTHER:PTN000667323|MGI:MGI:97611	PANTHER:PTHR24264	protein		GO_REF:0000033	20170228
UniProtKB:P00748	Coagulation factor XII		GO:0007596		Ensembl	NCBITaxon:9606	IEA	UniProtKB:Q80YC5|ensembl:ENSMUSP00000021948	PANTHER:PTHR24264	protein	UniProtKB:P00748	GO_REF:0000107	20250313
UniProtKB:P00748	Coagulation factor XII		GO:0007596		UniProt	NCBITaxon:9606	IEA	UniProtKB-KW:KW-0094	PANTHER:PTHR24264	protein	UniProtKB:P00748	GO_REF:0000043	20250428
UniProtKB:P00748	Coagulation factor XII		GO:0007597		BHF-UCL	NCBITaxon:9606	IC	GO:0016540	PANTHER:PTHR24264	protein	UniProtKB:P00748	PMID:18725990	20081015
UniProtKB:P00748	Coagulation factor XII		GO:0007599		UniProt	NCBITaxon:9606	IEA	UniProtKB-KW:KW-0356	PANTHER:PTHR24264	protein	UniProtKB:P00748	GO_REF:0000043	20250428
UniProtKB:P00748	Coagulation factor XII		GO:0030194		BHF-UCL	NCBITaxon:9606	IDA		PANTHER:PTHR24264	protein	UniProtKB:P00748	PMID:6793628	20081015
UniProtKB:P00748	Coagulation factor XII		GO:0042730		UniProt	NCBITaxon:9606	IEA	UniProtKB-KW:KW-0280	PANTHER:PTHR24264	protein	UniProtKB:P00748	GO_REF:0000043	20250428
UniProtKB:P00748	Coagulation factor XII		GO:0051919		BHF-UCL	NCBITaxon:9606	IDA		PANTHER:PTHR24264	protein	UniProtKB:P00748	PMID:89876	20081015
UniProtKB:P00748	Coagulation factor XII		GO:0007596		GO_Central	NCBITaxon:9606	IBA	PANTHER:PTN002800021|MGI:MGI:1891012	PANTHER:PTHR24264	protein		GO_REF:0000033	20230603
UniProtKB:P00747	Plasminogen		GO:0007596		UniProt	NCBITaxon:9606	IEA	UniProtKB-KW:KW-0094	PANTHER:PTHR24261	protein	UniProtKB:P00747	GO_REF:0000043	20250428
UniProtKB:P00747	Plasminogen		GO:0007596		HGNC-UCL	NCBITaxon:9606	IMP		PANTHER:PTHR24261	protein	UniProtKB:P00747	PMID:1986355	20070424
UniProtKB:P00747	Plasminogen		GO:0007599		UniProt	NCBITaxon:9606	IEA	UniProtKB-KW:KW-0356	PANTHER:PTHR24261	protein	UniProtKB:P00747	GO_REF:0000043	20250428
UniProtKB:P00747	Plasminogen		GO:0042730		UniProt	NCBITaxon:9606	IEA	UniProtKB-KW:KW-0280	PANTHER:PTHR24261	protein	UniProtKB:P00747	GO_REF:0000043	20250428
UniProtKB:P00747	Plasminogen		GO:0042730	"{""relationship"": {""relation"": [{""id"": ""BFO:0000066"", ""label"": ""occurs in""}], ""id"": ""GO:0009986"", ""label"": ""cell surface""}}"	CAFA	NCBITaxon:9606	IDA		PANTHER:PTHR24261	protein	UniProtKB:P00747	PMID:14688145	20211015
UniProtKB:P00747	Plasminogen		GO:0042730		CAFA	NCBITaxon:9606	IDA		PANTHER:PTHR24261	protein	UniProtKB:P00747	PMID:17307854	20160513
UniProtKB:P00747	Plasminogen		GO:0042730		CAFA	NCBITaxon:9606	IDA		PANTHER:PTHR24261	protein	UniProtKB:P00747	PMID:22025510	20160621
UniProtKB:P00747	Plasminogen		GO:0051918		BHF-UCL	NCBITaxon:9606	IDA		PANTHER:PTHR24261	protein	UniProtKB:P00747	PMID:14726399	20080402
UniProtKB:P00747	Plasminogen		GO:0051919	"{""relationship"": {""relation"": [{""id"": ""RO:0002233"", ""label"": ""has input""}], ""id"": ""GO:0005577"", ""label"": ""fibrinogen complex""}}"	AgBase	NCBITaxon:9606	IDA		PANTHER:PTHR24261	protein	UniProtKB:P00747	PMID:26667841	20161214
UniProtKB:P00747	Plasminogen		GO:0051919		BHF-UCL	NCBITaxon:9606	IDA		PANTHER:PTHR24261	protein	UniProtKB:P00747	PMID:6438154	20080928
UniProtKB:P00742	Coagulation factor X		GO:0007596		InterPro	NCBITaxon:9606	IEA	InterPro:IPR012224	PANTHER:PTHR24278	protein	UniProtKB:P00742	GO_REF:0000002	20250429
UniProtKB:P00742	Coagulation factor X		GO:0007596		UniProt	NCBITaxon:9606	IEA	UniProtKB-KW:KW-0094	PANTHER:PTHR24278	protein	UniProtKB:P00742	GO_REF:0000043	20250428
UniProtKB:P00742	Coagulation factor X		GO:0007596		BHF-UCL	NCBITaxon:9606	IC	GO:0004252	PANTHER:PTHR24278	protein	UniProtKB:P00742	PMID:17469850	20090416
UniProtKB:P00742	Coagulation factor X		GO:0007596		PINC	NCBITaxon:9606	TAS		PANTHER:PTHR24278	protein	UniProtKB:P00742	PMID:6587384	20030904
UniProtKB:P00742	Coagulation factor X		GO:0007599		UniProt	NCBITaxon:9606	IEA	UniProtKB-KW:KW-0356	PANTHER:PTHR24278	protein	UniProtKB:P00742	GO_REF:0000043	20250428
UniProtKB:P00742	Coagulation factor X		GO:0007596		GO_Central	NCBITaxon:9606	IBA	PANTHER:PTN002385473|ZFIN:ZDB-GENE-010814-1|UniProtKB:P08709|MGI:MGI:88384|MGI:MGI:1860488|UniProtKB:P00740|MGI:MGI:109325	PANTHER:PTHR24278	protein		GO_REF:0000033	20240606
UniProtKB:P00740	Coagulation factor IX		GO:0007596		Ensembl	NCBITaxon:9606	IEA	UniProtKB:P16294|ensembl:ENSMUSP00000033477	PANTHER:PTHR24278	protein	UniProtKB:P00740	GO_REF:0000107	20250313
UniProtKB:P00740	Coagulation factor IX		GO:0007596		InterPro	NCBITaxon:9606	IEA	InterPro:IPR012224	PANTHER:PTHR24278	protein	UniProtKB:P00740	GO_REF:0000002	20250429
UniProtKB:P00740	Coagulation factor IX		GO:0007596		UniProt	NCBITaxon:9606	IEA	UniProtKB-KW:KW-0094	PANTHER:PTHR24278	protein	UniProtKB:P00740	GO_REF:0000043	20250428
UniProtKB:P00740	Coagulation factor IX		GO:0007596		UniProt	NCBITaxon:9606	IEA	ARBA:ARBA00028854	PANTHER:PTHR24278	protein	UniProtKB:P00740	GO_REF:0000117	20250428
UniProtKB:P00740	Coagulation factor IX		GO:0007596		UniProt	NCBITaxon:9606	IDA		PANTHER:PTHR24278	protein	UniProtKB:P00740	PMID:20121197	20150327
UniProtKB:P00740	Coagulation factor IX		GO:0007596		BHF-UCL	NCBITaxon:9606	IDA		PANTHER:PTHR24278	protein	UniProtKB:P00740	PMID:2472424	20161221
UniProtKB:P00740	Coagulation factor IX		GO:0007596		UniProt	NCBITaxon:9606	IMP		PANTHER:PTHR24278	protein	UniProtKB:P00740	PMID:2592373	20150327
UniProtKB:P00740	Coagulation factor IX		GO:0007599		UniProt	NCBITaxon:9606	IEA	UniProtKB-KW:KW-0356	PANTHER:PTHR24278	protein	UniProtKB:P00740	GO_REF:0000043	20250428
UniProtKB:P00740	Coagulation factor IX		GO:0007596		GO_Central	NCBITaxon:9606	IBA	PANTHER:PTN002385473|ZFIN:ZDB-GENE-010814-1|UniProtKB:P08709|MGI:MGI:88384|MGI:MGI:1860488|UniProtKB:P00740|MGI:MGI:109325	PANTHER:PTHR24278	protein		GO_REF:0000033	20240606
UniProtKB:Q9ULZ1	Apelin		GO:0007595		PINC	NCBITaxon:9606	TAS		PANTHER:PTHR15953	protein	UniProtKB:Q9ULZ1	PMID:10525157	20030904
UniProtKB:Q9ULZ1	Apelin		GO:0050878		Ensembl	NCBITaxon:9606	IEA	UniProtKB:Q9R0R3|ensembl:ENSRNOP00000100018	PANTHER:PTHR15953	protein	UniProtKB:Q9ULZ1	GO_REF:0000107	20250313
UniProtKB:P00734	Prothrombin		GO:0030168		Ensembl	NCBITaxon:9606	IEA	UniProtKB:P19221|ensembl:ENSMUSP00000028681	PANTHER:PTHR24254	protein	UniProtKB:P00734	GO_REF:0000107	20250313
UniProtKB:P00734	Prothrombin		GO:0030195		UniProt	NCBITaxon:9606	IDA		PANTHER:PTHR24254	protein	UniProtKB:P00734	PMID:10761923	20240617
UniProtKB:P00734	Prothrombin		GO:0030195		UniProt	NCBITaxon:9606	TAS		PANTHER:PTHR24254	protein	UniProtKB:P00734	PMID:15005336	20240613
UniProtKB:P00734	Prothrombin		GO:0007596		InterPro	NCBITaxon:9606	IEA	InterPro:IPR003966|InterPro:IPR018992|InterPro:IPR037111	PANTHER:PTHR24254	protein	UniProtKB:P00734	GO_REF:0000002	20250429
UniProtKB:P00734	Prothrombin		GO:0007596		UniProt	NCBITaxon:9606	IEA	UniProtKB-KW:KW-0094	PANTHER:PTHR24254	protein	UniProtKB:P00734	GO_REF:0000043	20250428
UniProtKB:P00734	Prothrombin		GO:0007596		PINC	NCBITaxon:9606	TAS		PANTHER:PTHR24254	protein	UniProtKB:P00734	PMID:7592664	20030904
UniProtKB:P00734	Prothrombin		GO:0007599		UniProt	NCBITaxon:9606	IEA	UniProtKB-KW:KW-0356	PANTHER:PTHR24254	protein	UniProtKB:P00734	GO_REF:0000043	20250428
UniProtKB:P00734	Prothrombin		GO:0010544		BHF-UCL	NCBITaxon:9606	TAS		PANTHER:PTHR24254	protein	UniProtKB:P00734	PMID:17379830	20100426
UniProtKB:P00734	Prothrombin		GO:0030168		BHF-UCL	NCBITaxon:9606	IDA		PANTHER:PTHR24254	protein	UniProtKB:P00734	PMID:9038223	20080425
UniProtKB:P00734	Prothrombin		GO:0030193		UniProt	NCBITaxon:9606	TAS		PANTHER:PTHR24254	protein	UniProtKB:P00734	PMID:12855810	20040224
UniProtKB:P00734	Prothrombin		GO:0030194		BHF-UCL	NCBITaxon:9606	IDA		PANTHER:PTHR24254	protein	UniProtKB:P00734	PMID:9038223	20080425
UniProtKB:P00734	Prothrombin		GO:0030195		UniProt	NCBITaxon:9606	IDA		PANTHER:PTHR24254	protein	UniProtKB:P00734	PMID:10761923	20240613
UniProtKB:P00734	Prothrombin		GO:0042730		UniProt	NCBITaxon:9606	IDA		PANTHER:PTHR24254	protein	UniProtKB:P00734	PMID:12855810	20040224
UniProtKB:P00734	Prothrombin		GO:0050878		UniProt	NCBITaxon:9606	IEA	ARBA:ARBA00029145	PANTHER:PTHR24254	protein	UniProtKB:P00734	GO_REF:0000117	20250428
UniProtKB:P00734	Prothrombin		GO:0051918		BHF-UCL	NCBITaxon:9606	TAS		PANTHER:PTHR24254	protein	UniProtKB:P00734	PMID:17379830	20100426
UniProtKB:P00734	Prothrombin		GO:0030168		GO_Central	NCBITaxon:9606	IBA	PANTHER:PTN002799255|UniProtKB:P00734|MGI:MGI:88380	PANTHER:PTHR24254	protein		GO_REF:0000033	20200207
UniProtKB:P00734	Prothrombin		GO:0030194		GO_Central	NCBITaxon:9606	IBA	PANTHER:PTN002799255|UniProtKB:P00734|UniProtKB:P00735|RGD:61996	PANTHER:PTHR24254	protein		GO_REF:0000033	20200207
UniProtKB:Q9NP55	BPI fold-containing family A member 1		GO:0050891		UniProt	NCBITaxon:9606	IDA		PANTHER:PTHR47015	protein	UniProtKB:Q9NP55	PMID:24124190	20140117
UniProtKB:Q9ULV0	Unconventional myosin-Vb		GO:0003091		Reactome	NCBITaxon:9606	TAS		PANTHER:PTHR13140	protein	UniProtKB:Q9ULV0	Reactome:R-HSA-432040	20241117
UniProtKB:Q9H3N1	Thioredoxin-related transmembrane protein 1		GO:0090331		Ensembl	NCBITaxon:9606	IEA	UniProtKB:Q8VBT0|ensembl:ENSMUSP00000021471	PANTHER:PTHR46107	protein	UniProtKB:Q9H3N1	GO_REF:0000107	20250313
UniProtKB:Q9H3N1	Thioredoxin-related transmembrane protein 1		GO:0090331		UniProt	NCBITaxon:9606	IEA	ARBA:ARBA00086824	PANTHER:PTHR46107	protein	UniProtKB:Q9H3N1	GO_REF:0000117	20250428
UniProtKB:Q9H3N1	Thioredoxin-related transmembrane protein 1		GO:0090331		UniProt	NCBITaxon:9606	IDA		PANTHER:PTHR46107	protein	UniProtKB:Q9H3N1	PMID:30425049	20230904
UniProtKB:Q96IZ2	Androgen-dependent TFPI-regulating protein		GO:0030195	"{""relationship"": {""relation"": [{""id"": ""BFO:0000066"", ""label"": ""occurs in""}], ""id"": ""CL:0000066"", ""label"": ""epithelial cell""}}"	UniProt	NCBITaxon:9606	IMP		PANTHER:PTHR10989	protein	UniProtKB:Q96IZ2	PMID:21868574	20171107
UniProtKB:Q9ULI3	Protein HEG homolog 1		GO:0050878		Ensembl	NCBITaxon:9606	IEA	UniProtKB:E9Q7X6|ensembl:ENSMUSP00000119790	PANTHER:PTHR24037	protein	UniProtKB:Q9ULI3	GO_REF:0000107	20250313
UniProtKB:Q96IY4	Carboxypeptidase B2		GO:0007596		UniProt	NCBITaxon:9606	IEA	UniProtKB-KW:KW-0094	PANTHER:PTHR11705	protein	UniProtKB:Q96IY4	GO_REF:0000043	20250428
UniProtKB:Q96IY4	Carboxypeptidase B2		GO:0007599		UniProt	NCBITaxon:9606	IEA	UniProtKB-KW:KW-0356	PANTHER:PTHR11705	protein	UniProtKB:Q96IY4	GO_REF:0000043	20250428
UniProtKB:Q96IY4	Carboxypeptidase B2		GO:0042730		InterPro	NCBITaxon:9606	IEA	InterPro:IPR033849	PANTHER:PTHR11705	protein	UniProtKB:Q96IY4	GO_REF:0000002	20250429
UniProtKB:Q96IY4	Carboxypeptidase B2		GO:0042730		UniProt	NCBITaxon:9606	IEA	UniProtKB-KW:KW-0280	PANTHER:PTHR11705	protein	UniProtKB:Q96IY4	GO_REF:0000043	20250428
UniProtKB:Q96IY4	Carboxypeptidase B2		GO:0042730		GO_Central	NCBITaxon:9606	IBA	PANTHER:PTN002619304|RGD:71035	PANTHER:PTHR11705	protein		GO_REF:0000033	20200316
UniProtKB:Q96J92	Serine/threonine-protein kinase WNK4		GO:0090188		Ensembl	NCBITaxon:9606	IEA	UniProtKB:Q80UE6|ensembl:ENSMUSP00000099397	PANTHER:PTHR23257	protein	UniProtKB:Q96J92	GO_REF:0000107	20250313
UniProtKB:P84996	Protein ALEX		GO:0070527		UniProt	NCBITaxon:9606	IMP			protein	UniProtKB:P84996	PMID:12719376	20131106
UniProtKB:Q06418	Tyrosine-protein kinase receptor TYRO3		GO:0030168		Ensembl	NCBITaxon:9606	IEA	UniProtKB:P55144|ensembl:ENSMUSP00000028763	PANTHER:PTHR24416	protein	UniProtKB:Q06418	GO_REF:0000107	20250313
UniProtKB:Q06418	Tyrosine-protein kinase receptor TYRO3		GO:0030168		UniProt	NCBITaxon:9606	ISS	UniProtKB:P55144	PANTHER:PTHR24416	protein	UniProtKB:Q06418	GO_REF:0000024	20120109
UniProtKB:Q06418	Tyrosine-protein kinase receptor TYRO3		GO:0070527		UniProt	NCBITaxon:9606	ISS	UniProtKB:P55144	PANTHER:PTHR24416	protein	UniProtKB:Q06418	GO_REF:0000024	20120109
UniProtKB:Q06418	Tyrosine-protein kinase receptor TYRO3		GO:0070527		Ensembl	NCBITaxon:9606	IEA	UniProtKB:P55144|ensembl:ENSMUSP00000028763	PANTHER:PTHR24416	protein	UniProtKB:Q06418	GO_REF:0000107	20250313
UniProtKB:Q06418	Tyrosine-protein kinase receptor TYRO3		GO:0070527		GO_Central	NCBITaxon:9606	IBA	PANTHER:PTN000699553|MGI:MGI:104294	PANTHER:PTHR24416	protein		GO_REF:0000033	20181024
UniProtKB:P17612	cAMP-dependent protein kinase catalytic subunit alpha		GO:0003091		Reactome	NCBITaxon:9606	TAS		PANTHER:PTHR24353	protein	UniProtKB:P17612	Reactome:R-HSA-432040	20241117
UniProtKB:Q9UQ03	Coronin-2B		GO:0003093		Ensembl	NCBITaxon:9606	IEA	UniProtKB:Q8BH44|ensembl:ENSMUSP00000041826	PANTHER:PTHR10856	protein	UniProtKB:Q9UQ03	GO_REF:0000107	20250313
UniProtKB:Q96MT3	Prickle-like protein 1		GO:0070075		Ensembl	NCBITaxon:9606	IEA	UniProtKB:Q3U5C7|ensembl:ENSMUSP00000104878	PANTHER:PTHR24211	protein	UniProtKB:Q96MT3	GO_REF:0000107	20250313
UniProtKB:Q9UNN8	Endothelial protein C receptor		GO:0007596		UniProt	NCBITaxon:9606	IEA	UniProtKB-KW:KW-0094	PANTHER:PTHR15349	protein	UniProtKB:Q9UNN8	GO_REF:0000043	20250428
UniProtKB:Q9UNN8	Endothelial protein C receptor		GO:0007599		UniProt	NCBITaxon:9606	IEA	UniProtKB-KW:KW-0356	PANTHER:PTHR15349	protein	UniProtKB:Q9UNN8	GO_REF:0000043	20250428
UniProtKB:P17861	X-box-binding protein 1		GO:1903489		UniProt	NCBITaxon:9606	ISS	UniProtKB:O35426	PANTHER:PTHR46542	protein	UniProtKB:P17861	GO_REF:0000024	20141031
UniProtKB:P17861	X-box-binding protein 1		GO:1903489		Ensembl	NCBITaxon:9606	IEA	UniProtKB:O35426|ensembl:ENSMUSP00000158915	PANTHER:PTHR46542	protein	UniProtKB:P17861	GO_REF:0000107	20250313
UniProtKB:Q9NQG7	BLOC-3 complex member HPS4		GO:0007596		Ensembl	NCBITaxon:9606	IEA	UniProtKB:Q99KG7|ensembl:ENSMUSP00000107978	PANTHER:PTHR14407	protein	UniProtKB:Q9NQG7	GO_REF:0000107	20250313
UniProtKB:Q9NQG7	BLOC-3 complex member HPS4		GO:0007599		UniProt	NCBITaxon:9606	TAS		PANTHER:PTHR14407	protein	UniProtKB:Q9NQG7	PMID:11836498	20030808
UniProtKB:Q9NQA5	Transient receptor potential cation channel subfamily V member 5		GO:0035809		UniProt	NCBITaxon:9606	ISS	UniProtKB:P69744	PANTHER:PTHR10582	protein	UniProtKB:Q9NQA5	GO_REF:0000024	20160721
UniProtKB:Q9NQA5	Transient receptor potential cation channel subfamily V member 5		GO:0035809		Ensembl	NCBITaxon:9606	IEA	UniProtKB:P69744|ensembl:ENSMUSP00000031901	PANTHER:PTHR10582	protein	UniProtKB:Q9NQA5	GO_REF:0000107	20250313
UniProtKB:P41231	P2Y purinoceptor 2		GO:0070257		InterPro	NCBITaxon:9606	IEA	InterPro:IPR000356	PANTHER:PTHR24231	protein	UniProtKB:P41231	GO_REF:0000002	20250429
UniProtKB:Q96PM9	Zinc finger protein 385A		GO:0007599		Ensembl	NCBITaxon:9606	IEA	UniProtKB:Q8VD12|ensembl:ENSMUSP00000130176	PANTHER:PTHR23067	protein	UniProtKB:Q96PM9	GO_REF:0000107	20250313
UniProtKB:Q9NUP1	Biogenesis of lysosome-related organelles complex 1 subunit 4		GO:0070527		Ensembl	NCBITaxon:9606	IEA	UniProtKB:Q8VED2|ensembl:ENSMUSP00000071840	PANTHER:PTHR16230	protein	UniProtKB:Q9NUP1	GO_REF:0000107	20250313
UniProtKB:P54851	Epithelial membrane protein 2		GO:0003093		UniProt	NCBITaxon:9606	IDA		PANTHER:PTHR10671	protein	UniProtKB:P54851	PMID:24814193	20140904
UniProtKB:P07996	Thrombospondin-1		GO:0051918		BHF-UCL	NCBITaxon:9606	IDA		PANTHER:PTHR10199	protein	UniProtKB:P07996	PMID:6438154	20080928
UniProtKB:P07996	Thrombospondin-1		GO:0072378		BHF-UCL	NCBITaxon:9606	IDA		PANTHER:PTHR10199	protein	UniProtKB:P07996	PMID:3997886	20250410
UniProtKB:Q99487	Platelet-activating factor acetylhydrolase 2, cytoplasmic		GO:0007596		Reactome	NCBITaxon:9606	TAS		PANTHER:PTHR10272	protein	UniProtKB:Q99487	Reactome:R-HSA-109582	20241117
UniProtKB:P01282	VIP peptides		GO:0007589		PINC	NCBITaxon:9606	TAS		PANTHER:PTHR11213	protein	UniProtKB:P01282	PMID:4035357	20030904
UniProtKB:Q03135	Caveolin-1		GO:0007595		Ensembl	NCBITaxon:9606	IEA	UniProtKB:P49817|ensembl:ENSMUSP00000007799	PANTHER:PTHR10844	protein	UniProtKB:Q03135	GO_REF:0000107	20250313
UniProtKB:Q03135	Caveolin-1		GO:0030193		BHF-UCL	NCBITaxon:9606	IMP		PANTHER:PTHR10844	protein	UniProtKB:Q03135	PMID:17848177	20080215
UniProtKB:Q03113	Guanine nucleotide-binding protein subunit alpha-12		GO:0007596		PINC	NCBITaxon:9606	TAS		PANTHER:PTHR10218	protein	UniProtKB:Q03113	PMID:8290554	20030904
UniProtKB:Q9Y6C2	EMILIN-1		GO:0030194		ComplexPortal	NCBITaxon:9606	ISS	ComplexPortal:CPX-438	PANTHER:PTHR15427	protein	UniProtKB:Q9Y6C2	GO_REF:0000114	20240823
UniProtKB:Q6QNY0	Biogenesis of lysosome-related organelles complex 1 subunit 3		GO:0007596		Ensembl	NCBITaxon:9606	IEA	UniProtKB:Q5U5M8|ensembl:ENSMUSP00000076624	PANTHER:PTHR31974	protein	UniProtKB:Q6QNY0	GO_REF:0000107	20250313
UniProtKB:Q6QNY0	Biogenesis of lysosome-related organelles complex 1 subunit 3		GO:0030168		UniProt	NCBITaxon:9606	IMP		PANTHER:PTHR31974	protein	UniProtKB:Q6QNY0	PMID:16385460	20081106
UniProtKB:Q96BW1	Uracil phosphoribosyltransferase homolog		GO:0007595		Ensembl	NCBITaxon:9606	IEA	UniProtKB:A0A8I6G3Q5|ensembl:ENSRNOP00000078739	PANTHER:PTHR10285	protein	UniProtKB:Q96BW1	GO_REF:0000107	20250313
UniProtKB:Q9Y490	Talin-1		GO:0070527		UniProt	NCBITaxon:9606	HMP		PANTHER:PTHR19981	protein	UniProtKB:Q9Y490	PMID:23382103	20140721
UniProtKB:P20851	C4b-binding protein beta chain		GO:0007596		PINC	NCBITaxon:9606	TAS		PANTHER:PTHR45656	protein	UniProtKB:P20851	PMID:8325877	20030904
UniProtKB:O95994	Anterior gradient protein 2 homolog		GO:0070254		UniProt	NCBITaxon:9606	ISS	UniProtKB:O88312	PANTHER:PTHR15337	protein	UniProtKB:O95994	GO_REF:0000024	20090924
UniProtKB:O95994	Anterior gradient protein 2 homolog		GO:0070254		Ensembl	NCBITaxon:9606	IEA	UniProtKB:O88312|ensembl:ENSMUSP00000020898	PANTHER:PTHR15337	protein	UniProtKB:O95994	GO_REF:0000107	20250313
UniProtKB:O95866	Megakaryocyte and platelet inhibitory receptor G6b		GO:0007596		Ensembl	NCBITaxon:9606	IEA	UniProtKB:D7PDD4|ensembl:ENSMUSP00000133377	PANTHER:PTHR37347	protein	UniProtKB:O95866	GO_REF:0000107	20250313
UniProtKB:O95866	Megakaryocyte and platelet inhibitory receptor G6b		GO:0007596		UniProt	NCBITaxon:9606	ISS	UniProtKB:D7PDD4	PANTHER:PTHR37347	protein	UniProtKB:O95866	GO_REF:0000024	20170403
UniProtKB:O95866	Megakaryocyte and platelet inhibitory receptor G6b		GO:0007596		GO_Central	NCBITaxon:9606	IBA	PANTHER:PTN002204313|MGI:MGI:2146995	PANTHER:PTHR37347	protein		GO_REF:0000033	20170228
UniProtKB:Q9Y618	Nuclear receptor corepressor 2		GO:0007595		Ensembl	NCBITaxon:9606	IEA	UniProtKB:A0A0G2JU91|ensembl:ENSRNOP00000069011	PANTHER:PTHR13992	protein	UniProtKB:Q9Y618	GO_REF:0000107	20250313
UniProtKB:Q9Y5L3	Ectonucleoside triphosphate diphosphohydrolase 2		GO:0030168		Ensembl	NCBITaxon:9606	IEA	UniProtKB:O55026|ensembl:ENSMUSP00000028328	PANTHER:PTHR11782	protein	UniProtKB:Q9Y5L3	GO_REF:0000107	20250313
UniProtKB:Q9Y264	Angiopoietin-4		GO:0007596		InterPro	NCBITaxon:9606	IEA	InterPro:IPR037579	PANTHER:PTHR19143	protein	UniProtKB:Q9Y264	GO_REF:0000002	20250429
UniProtKB:Q9Y261	Hepatocyte nuclear factor 3-beta		GO:0030193		UniProt	NCBITaxon:9606	IDA		PANTHER:PTHR11829	protein	UniProtKB:Q9Y261	PMID:12911579	20100729
UniProtKB:Q9Y251	Heparanase		GO:0030194		UniProt	NCBITaxon:9606	IDA		PANTHER:PTHR46145	protein	UniProtKB:Q9Y251	PMID:20634491	20110815
UniProtKB:Q8NI99	Angiopoietin-related protein 6		GO:0007596		InterPro	NCBITaxon:9606	IEA	InterPro:IPR037579	PANTHER:PTHR19143	protein	UniProtKB:Q8NI99	GO_REF:0000002	20250429
ComplexPortal:CPX-929	Coagulation factor VIIIa complex, heavy chain variant 1		GO:0007597		ComplexPortal	NCBITaxon:9606	NAS			protein_complex		PMID:12524220	20240823
UniProtKB:P00488	Coagulation factor XIII A chain		GO:0007596		Ensembl	NCBITaxon:9606	IEA	UniProtKB:Q8BH61|ensembl:ENSMUSP00000048667	PANTHER:PTHR11590	protein	UniProtKB:P00488	GO_REF:0000107	20250313
UniProtKB:P00488	Coagulation factor XIII A chain		GO:0007596		UniProt	NCBITaxon:9606	IEA	UniProtKB-KW:KW-0094	PANTHER:PTHR11590	protein	UniProtKB:P00488	GO_REF:0000043	20250428
UniProtKB:P00488	Coagulation factor XIII A chain		GO:0007596		PINC	NCBITaxon:9606	TAS		PANTHER:PTHR11590	protein	UniProtKB:P00488	PMID:10801785	20030904
UniProtKB:P00488	Coagulation factor XIII A chain		GO:0007599		UniProt	NCBITaxon:9606	IEA	UniProtKB-KW:KW-0356	PANTHER:PTHR11590	protein	UniProtKB:P00488	GO_REF:0000043	20250428
UniProtKB:P00488	Coagulation factor XIII A chain		GO:0072378		Ensembl	NCBITaxon:9606	IEA	UniProtKB:Q8BH61|ensembl:ENSMUSP00000048667	PANTHER:PTHR11590	protein	UniProtKB:P00488	GO_REF:0000107	20250313
UniProtKB:P00488	Coagulation factor XIII A chain		GO:0072378		UniProt	NCBITaxon:9606	IEA	ARBA:ARBA00090798	PANTHER:PTHR11590	protein	UniProtKB:P00488	GO_REF:0000117	20250428
UniProtKB:P00488	Coagulation factor XIII A chain		GO:0072378		UniProt	NCBITaxon:9606	IDA		PANTHER:PTHR11590	protein	UniProtKB:P00488	PMID:27363989	20161124
UniProtKB:P00488	Coagulation factor XIII A chain		GO:0072378		ComplexPortal	NCBITaxon:9606	IDA		PANTHER:PTHR11590	protein	UniProtKB:P00488	PMID:27363989	20240823
UniProtKB:P00488	Coagulation factor XIII A chain		GO:0072378		GO_Central	NCBITaxon:9606	IBA	PANTHER:PTN002612883|MGI:MGI:1921395|UniProtKB:P00488	PANTHER:PTHR11590	protein		GO_REF:0000033	20200929
UniProtKB:Q9BY07	Electrogenic sodium bicarbonate cotransporter 4		GO:0033326		Ensembl	NCBITaxon:9606	IEA	UniProtKB:E9Q3M5|ensembl:ENSMUSP00000109533	PANTHER:PTHR11453	protein	UniProtKB:Q9BY07	GO_REF:0000107	20250313
UniProtKB:P20309	Muscarinic acetylcholine receptor M3		GO:0046541		Ensembl	NCBITaxon:9606	IEA	UniProtKB:Q9ERZ3|ensembl:ENSMUSP00000140131	PANTHER:PTHR24247	protein	UniProtKB:P20309	GO_REF:0000107	20250313
UniProtKB:P20309	Muscarinic acetylcholine receptor M3		GO:0046541		InterPro	NCBITaxon:9606	IEA	InterPro:IPR001183	PANTHER:PTHR24247	protein	UniProtKB:P20309	GO_REF:0000002	20250429
UniProtKB:P30542	Adenosine receptor A1		GO:0070254		Ensembl	NCBITaxon:9606	IEA	UniProtKB:Q60612|ensembl:ENSMUSP00000083656	PANTHER:PTHR24246	protein	UniProtKB:P30542	GO_REF:0000107	20250313
UniProtKB:P30542	Adenosine receptor A1		GO:0003093		Ensembl	NCBITaxon:9606	IEA	UniProtKB:Q60612|ensembl:ENSMUSP00000083656	PANTHER:PTHR24246	protein	UniProtKB:P30542	GO_REF:0000107	20250313
UniProtKB:P30542	Adenosine receptor A1		GO:0070256		Ensembl	NCBITaxon:9606	IEA	UniProtKB:Q60612|ensembl:ENSMUSP00000083656	PANTHER:PTHR24246	protein	UniProtKB:P30542	GO_REF:0000107	20250313
UniProtKB:P30530	Tyrosine-protein kinase receptor UFO		GO:0030168		Ensembl	NCBITaxon:9606	IEA	UniProtKB:Q00993|ensembl:ENSMUSP00000002677	PANTHER:PTHR24416	protein	UniProtKB:P30530	GO_REF:0000107	20250313
UniProtKB:P30530	Tyrosine-protein kinase receptor UFO		GO:0030168		GO_Central	NCBITaxon:9606	IBA	PANTHER:PTN002814496|MGI:MGI:1347244	PANTHER:PTHR24416	protein		GO_REF:0000033	20181025
UniProtKB:P07225	Vitamin K-dependent protein S		GO:0007596		UniProt	NCBITaxon:9606	IEA	UniProtKB-KW:KW-0094	PANTHER:PTHR24040	protein	UniProtKB:P07225	GO_REF:0000043	20250428
UniProtKB:P07225	Vitamin K-dependent protein S		GO:0007596		PINC	NCBITaxon:9606	TAS		PANTHER:PTHR24040	protein	UniProtKB:P07225	PMID:9657428	20030904
UniProtKB:P07225	Vitamin K-dependent protein S		GO:0007599		UniProt	NCBITaxon:9606	IEA	UniProtKB-KW:KW-0356	PANTHER:PTHR24040	protein	UniProtKB:P07225	GO_REF:0000043	20250428
UniProtKB:P07225	Vitamin K-dependent protein S		GO:0042730		UniProt	NCBITaxon:9606	IEA	UniProtKB-KW:KW-0280	PANTHER:PTHR24040	protein	UniProtKB:P07225	GO_REF:0000043	20250428
UniProtKB:P37088	Epithelial sodium channel subunit alpha		GO:0050891		UniProt	NCBITaxon:9606	IEA	ARBA:ARBA00091200	PANTHER:PTHR11690	protein	UniProtKB:P37088	GO_REF:0000117	20250428
UniProtKB:P37088	Epithelial sodium channel subunit alpha		GO:0050891		UniProt	NCBITaxon:9606	IDA		PANTHER:PTHR11690	protein	UniProtKB:P37088	PMID:24124190	20140117
UniProtKB:Q9UEW8	STE20/SPS1-related proline-alanine-rich protein kinase		GO:0090188		Ensembl	NCBITaxon:9606	IEA	UniProtKB:Q9Z1W9|ensembl:ENSMUSP00000099776	PANTHER:PTHR48012	protein	UniProtKB:Q9UEW8	GO_REF:0000107	20250313
UniProtKB:P29350	Tyrosine-protein phosphatase non-receptor type 6		GO:0070527		Ensembl	NCBITaxon:9606	IEA	UniProtKB:P29351|ensembl:ENSMUSP00000108103	PANTHER:PTHR46257	protein	UniProtKB:P29350	GO_REF:0000107	20250313
UniProtKB:P22612	cAMP-dependent protein kinase catalytic subunit gamma		GO:0003091		Reactome	NCBITaxon:9606	TAS		PANTHER:PTHR24353	protein	UniProtKB:P22612	Reactome:R-HSA-432040	20241117
UniProtKB:P29323	Ephrin type-B receptor 2		GO:0030193		UniProt	NCBITaxon:9606	IMP		PANTHER:PTHR46877	protein	UniProtKB:P29323	PMID:30213874	20191029
UniProtKB:P29323	Ephrin type-B receptor 2		GO:0050878		UniProt	NCBITaxon:9606	ISS	UniProtKB:P54763	PANTHER:PTHR46877	protein	UniProtKB:P29323	GO_REF:0000024	20110905
UniProtKB:P29323	Ephrin type-B receptor 2		GO:0050878		Ensembl	NCBITaxon:9606	IEA	UniProtKB:P54763|ensembl:ENSMUSP00000058135	PANTHER:PTHR46877	protein	UniProtKB:P29323	GO_REF:0000107	20250313
UniProtKB:P29323	Ephrin type-B receptor 2		GO:0050878		UniProt	NCBITaxon:9606	IEA	ARBA:ARBA00029145	PANTHER:PTHR46877	protein	UniProtKB:P29323	GO_REF:0000117	20250428
UniProtKB:Q9C0E8	Endoplasmic reticulum junction formation protein lunapark		GO:0007596		Ensembl	NCBITaxon:9606	IEA	UniProtKB:Q7TQ95|ensembl:ENSMUSP00000066891	PANTHER:PTHR22166	protein	UniProtKB:Q9C0E8	GO_REF:0000107	20250313
UniProtKB:P19099	Cytochrome P450 11B2, mitochondrial		GO:0002017		BHF-UCL	NCBITaxon:9606	IMP		PANTHER:PTHR24279	protein	UniProtKB:P19099	PMID:14614232	20080812
UniProtKB:P19099	Cytochrome P450 11B2, mitochondrial		GO:0003091		BHF-UCL	NCBITaxon:9606	IC	GO:0032342	PANTHER:PTHR24279	protein	UniProtKB:P19099	PMID:2256920	20080812
UniProtKB:P19075	Tetraspanin-8		GO:0030195		Ensembl	NCBITaxon:9606	IEA	UniProtKB:A6IGL8|ensembl:ENSRNOP00000005909	PANTHER:PTHR19282	protein	UniProtKB:P19075	GO_REF:0000107	20250313
UniProtKB:P19075	Tetraspanin-8		GO:0030195		Ensembl	NCBITaxon:9606	IEA	UniProtKB:O55158|ensembl:ENSRNOP00000005909	PANTHER:PTHR19282	protein	UniProtKB:P19075	GO_REF:0000107	20250313
UniProtKB:P49747	Cartilage oligomeric matrix protein		GO:0007596		Ensembl	NCBITaxon:9606	IEA	UniProtKB:Q9R0G6|ensembl:ENSMUSP00000003659	PANTHER:PTHR10199	protein	UniProtKB:P49747	GO_REF:0000107	20250313
UniProtKB:P49747	Cartilage oligomeric matrix protein		GO:0070527		Ensembl	NCBITaxon:9606	IEA	UniProtKB:Q9R0G6|ensembl:ENSMUSP00000003659	PANTHER:PTHR10199	protein	UniProtKB:P49747	GO_REF:0000107	20250313
UniProtKB:P49747	Cartilage oligomeric matrix protein		GO:1900047		Ensembl	NCBITaxon:9606	IEA	UniProtKB:Q9R0G6|ensembl:ENSMUSP00000003659	PANTHER:PTHR10199	protein	UniProtKB:P49747	GO_REF:0000107	20250313
UniProtKB:Q11206	CMP-N-acetylneuraminate-beta-galactosamide-alpha-2,3-sialyltransferase 4		GO:0030194		UniProt	NCBITaxon:9606	ISS	UniProtKB:Q91Y74	PANTHER:PTHR13713	protein	UniProtKB:Q11206	GO_REF:0000024	20200915
UniProtKB:Q11206	CMP-N-acetylneuraminate-beta-galactosamide-alpha-2,3-sialyltransferase 4		GO:0030194		Ensembl	NCBITaxon:9606	IEA	UniProtKB:Q91Y74|ensembl:ENSMUSP00000034537	PANTHER:PTHR13713	protein	UniProtKB:Q11206	GO_REF:0000107	20250313
UniProtKB:P49619	Diacylglycerol kinase gamma		GO:0030168		UniProt	NCBITaxon:9606	IEA	ARBA:ARBA00027406	PANTHER:PTHR11255	protein	UniProtKB:P49619	GO_REF:0000117	20250428
UniProtKB:P49619	Diacylglycerol kinase gamma		GO:0030168		Reactome	NCBITaxon:9606	TAS		PANTHER:PTHR11255	protein	UniProtKB:P49619	Reactome:R-HSA-76002	20241117
UniProtKB:Q5VY43	Platelet endothelial aggregation receptor 1		GO:0070527		Ensembl	NCBITaxon:9606	IEA	UniProtKB:Q8VIK5|ensembl:ENSMUSP00000133474	PANTHER:PTHR24052	protein	UniProtKB:Q5VY43	GO_REF:0000107	20250313
UniProtKB:O43734	E3 ubiquitin ligase TRAF3IP2		GO:0070254		Ensembl	NCBITaxon:9606	IEA	UniProtKB:Q8N7N6|ensembl:ENSMUSP00000019987	PANTHER:PTHR34257	protein	UniProtKB:O43734	GO_REF:0000107	20250313
UniProtKB:P12259	Coagulation factor V		GO:0007596		Ensembl	NCBITaxon:9606	IEA	UniProtKB:O88783|ensembl:ENSMUSP00000083204	PANTHER:PTHR24543	protein	UniProtKB:P12259	GO_REF:0000107	20250313
UniProtKB:P12259	Coagulation factor V		GO:0007596		UniProt	NCBITaxon:9606	IEA	UniProtKB-KW:KW-0094	PANTHER:PTHR24543	protein	UniProtKB:P12259	GO_REF:0000043	20250428
UniProtKB:P12259	Coagulation factor V		GO:0007596		PINC	NCBITaxon:9606	TAS		PANTHER:PTHR24543	protein	UniProtKB:P12259	PMID:9252393	20030904
UniProtKB:P12259	Coagulation factor V		GO:0007599		UniProt	NCBITaxon:9606	IEA	UniProtKB-KW:KW-0356	PANTHER:PTHR24543	protein	UniProtKB:P12259	GO_REF:0000043	20250428
UniProtKB:P12259	Coagulation factor V		GO:0007596		GO_Central	NCBITaxon:9606	IBA	PANTHER:PTN002815661|ZFIN:ZDB-GENE-030131-5531|MGI:MGI:88382	PANTHER:PTHR24543	protein		GO_REF:0000033	20250325
UniProtKB:O95841	Angiopoietin-related protein 1		GO:0007596		InterPro	NCBITaxon:9606	IEA	InterPro:IPR037579	PANTHER:PTHR19143	protein	UniProtKB:O95841	GO_REF:0000002	20250429
UniProtKB:O75342	Arachidonate 12-lipoxygenase, 12R-type		GO:0070257		UniProt	NCBITaxon:9606	IMP		PANTHER:PTHR11771	protein	UniProtKB:O75342	PMID:22441738	20130708
UniProtKB:Q16394	Exostosin-1		GO:0050891		Ensembl	NCBITaxon:9606	IEA	UniProtKB:P97464|ensembl:ENSMUSP00000076505	PANTHER:PTHR11062	protein	UniProtKB:Q16394	GO_REF:0000107	20250313
UniProtKB:P07093	Glia-derived nexin		GO:0030168		Ensembl	NCBITaxon:9606	IEA	UniProtKB:Q07235|ensembl:ENSMUSP00000027467	PANTHER:PTHR11461	protein	UniProtKB:P07093	GO_REF:0000107	20250313
UniProtKB:P07093	Glia-derived nexin		GO:0007596		Ensembl	NCBITaxon:9606	IEA	UniProtKB:Q07235|ensembl:ENSMUSP00000027467	PANTHER:PTHR11461	protein	UniProtKB:P07093	GO_REF:0000107	20250313
UniProtKB:P07093	Glia-derived nexin		GO:0010544		Ensembl	NCBITaxon:9606	IEA	UniProtKB:Q07235|ensembl:ENSMUSP00000027467	PANTHER:PTHR11461	protein	UniProtKB:P07093	GO_REF:0000107	20250313
UniProtKB:P07093	Glia-derived nexin		GO:0030195		UniProt	NCBITaxon:9606	IEA	ARBA:ARBA00085943	PANTHER:PTHR11461	protein	UniProtKB:P07093	GO_REF:0000117	20250428
UniProtKB:P07093	Glia-derived nexin		GO:0030195		BHF-UCL	NCBITaxon:9606	IDA		PANTHER:PTHR11461	protein	UniProtKB:P07093	PMID:17379830	20100426
UniProtKB:P07093	Glia-derived nexin		GO:0030195		BHF-UCL	NCBITaxon:9606	IC	GO:0004867	PANTHER:PTHR11461	protein	UniProtKB:P07093	PMID:19855083	20100423
UniProtKB:P07093	Glia-derived nexin		GO:0090331		Ensembl	NCBITaxon:9606	IEA	UniProtKB:Q07235|ensembl:ENSMUSP00000027467	PANTHER:PTHR11461	protein	UniProtKB:P07093	GO_REF:0000107	20250313
UniProtKB:P07093	Glia-derived nexin		GO:0090331		BHF-UCL	NCBITaxon:9606	ISS	UniProtKB:Q07235	PANTHER:PTHR11461	protein	UniProtKB:P07093	PMID:19855083	20100517
UniProtKB:P30518	Vasopressin V2 receptor		GO:0003092		PINC	NCBITaxon:9606	TAS		PANTHER:PTHR24241	protein	UniProtKB:P30518	PMID:1303257	20211117
UniProtKB:P30518	Vasopressin V2 receptor		GO:0007599		PINC	NCBITaxon:9606	TAS		PANTHER:PTHR24241	protein	UniProtKB:P30518	PMID:10880054	20030904
UniProtKB:P30518	Vasopressin V2 receptor		GO:0035811		Ensembl	NCBITaxon:9606	IEA	UniProtKB:Q00788|ensembl:ENSRNOP00000071931	PANTHER:PTHR24241	protein	UniProtKB:P30518	GO_REF:0000107	20250313
UniProtKB:P30518	Vasopressin V2 receptor		GO:0070295		UniProt	NCBITaxon:9606	IDA		PANTHER:PTHR24241	protein	UniProtKB:P30518	PMID:19440390	20250404
UniProtKB:Q9H015	Solute carrier family 22 member 4		GO:0007595		Ensembl	NCBITaxon:9606	IEA	UniProtKB:Q9R141|ensembl:ENSRNOP00000055693	PANTHER:PTHR24064	protein	UniProtKB:Q9H015	GO_REF:0000107	20250313
UniProtKB:P30559	Oxytocin receptor		GO:0007595		PINC	NCBITaxon:9606	TAS		PANTHER:PTHR24241	protein	UniProtKB:P30559	PMID:1313946	20030904
UniProtKB:Q86YW5	Trem-like transcript 1 protein		GO:0030168		Ensembl	NCBITaxon:9606	IEA	UniProtKB:Q8K558|ensembl:ENSMUSP00000153300	PANTHER:PTHR11860	protein	UniProtKB:Q86YW5	GO_REF:0000107	20250313
UniProtKB:Q86YW5	Trem-like transcript 1 protein		GO:0030168		UniProt	NCBITaxon:9606	IEP		PANTHER:PTHR11860	protein	UniProtKB:Q86YW5-1	PMID:15128762	20080307
UniProtKB:Q86YW5	Trem-like transcript 1 protein		GO:0030168		UniProt	NCBITaxon:9606	IEP		PANTHER:PTHR11860	protein	UniProtKB:Q86YW5-2	PMID:15128762	20080307
UniProtKB:Q86YW5	Trem-like transcript 1 protein		GO:0030168		GO_Central	NCBITaxon:9606	IBA	PANTHER:PTN008528749|MGI:MGI:1918576|UniProtKB:Q86YW5	PANTHER:PTHR11860	protein		GO_REF:0000033	20241120
UniProtKB:Q9UKA4	A-kinase anchor protein 11		GO:0003091		Ensembl	NCBITaxon:9606	IEA	UniProtKB:E9Q777|ensembl:ENSMUSP00000116015	PANTHER:PTHR10226	protein	UniProtKB:Q9UKA4	GO_REF:0000107	20250313
UniProtKB:Q9H1Y0	Autophagy protein 5		GO:0070254		Ensembl	NCBITaxon:9606	IEA	UniProtKB:Q99J83|ensembl:ENSMUSP00000044769	PANTHER:PTHR13040	protein	UniProtKB:Q9H1Y0	GO_REF:0000107	20250313
UniProtKB:Q9H1Y0	Autophagy protein 5		GO:0070257		Ensembl	NCBITaxon:9606	IEA	UniProtKB:Q99J83|ensembl:ENSMUSP00000044769	PANTHER:PTHR13040	protein	UniProtKB:Q9H1Y0	GO_REF:0000107	20250313
UniProtKB:Q9H244	P2Y purinoceptor 12		GO:0030168		Ensembl	NCBITaxon:9606	IEA	UniProtKB:Q9CPV9|ensembl:ENSMUSP00000143036	PANTHER:PTHR24233	protein	UniProtKB:Q9H244	GO_REF:0000107	20250313
UniProtKB:Q9H244	P2Y purinoceptor 12		GO:0007596		InterPro	NCBITaxon:9606	IEA	InterPro:IPR005394	PANTHER:PTHR24233	protein	UniProtKB:Q9H244	GO_REF:0000002	20250429
UniProtKB:Q9H244	P2Y purinoceptor 12		GO:0007596		UniProt	NCBITaxon:9606	IEA	UniProtKB-KW:KW-0094	PANTHER:PTHR24233	protein	UniProtKB:Q9H244	GO_REF:0000043	20250428
UniProtKB:Q9H244	P2Y purinoceptor 12		GO:0007599		UniProt	NCBITaxon:9606	IEA	UniProtKB-KW:KW-0356	PANTHER:PTHR24233	protein	UniProtKB:Q9H244	GO_REF:0000043	20250428
UniProtKB:Q9H244	P2Y purinoceptor 12		GO:0007599		UniProt	NCBITaxon:9606	NAS		PANTHER:PTHR24233	protein	UniProtKB:Q9H244	PMID:11196645	20011004
UniProtKB:Q9H244	P2Y purinoceptor 12		GO:0030168		Reactome	NCBITaxon:9606	TAS		PANTHER:PTHR24233	protein	UniProtKB:Q9H244	Reactome:R-HSA-392170	20241117
UniProtKB:Q9H244	P2Y purinoceptor 12		GO:0070527		UniProt	NCBITaxon:9606	IMP		PANTHER:PTHR24233	protein	UniProtKB:Q9H244	PMID:12578987	20140606
UniProtKB:Q16539	Mitogen-activated protein kinase 14		GO:0030168		Reactome	NCBITaxon:9606	TAS		PANTHER:PTHR24055	protein	UniProtKB:Q16539	Reactome:R-HSA-418592	20241117
UniProtKB:P27708	Multifunctional protein CAD		GO:0007595		Ensembl	NCBITaxon:9606	IEA	UniProtKB:A0A8I5ZMM2|ensembl:ENSRNOP00000079396	PANTHER:PTHR11405	protein	UniProtKB:P27708	GO_REF:0000107	20250313
UniProtKB:Q9UK55	Protein Z-dependent protease inhibitor		GO:0007596		InterPro	NCBITaxon:9606	IEA	InterPro:IPR033835	PANTHER:PTHR11461	protein	UniProtKB:Q9UK55	GO_REF:0000002	20250429
UniProtKB:Q9UK55	Protein Z-dependent protease inhibitor		GO:0007596		UniProt	NCBITaxon:9606	IEA	UniProtKB-KW:KW-0094	PANTHER:PTHR11461	protein	UniProtKB:Q9UK55	GO_REF:0000043	20250428
UniProtKB:Q9UK55	Protein Z-dependent protease inhibitor		GO:0007599		UniProt	NCBITaxon:9606	IEA	UniProtKB-KW:KW-0356	PANTHER:PTHR11461	protein	UniProtKB:Q9UK55	GO_REF:0000043	20250428
UniProtKB:P07204	Thrombomodulin		GO:0030195		UniProt	NCBITaxon:9606	TAS		PANTHER:PTHR24036	protein	UniProtKB:P07204	PMID:15005336	20240613
UniProtKB:P07204	Thrombomodulin		GO:0007596		UniProt	NCBITaxon:9606	IEA	UniProtKB-KW:KW-0094	PANTHER:PTHR24036	protein	UniProtKB:P07204	GO_REF:0000043	20250428
UniProtKB:P07204	Thrombomodulin		GO:0007596		UniProt	NCBITaxon:9606	IEA	ARBA:ARBA00028854	PANTHER:PTHR24036	protein	UniProtKB:P07204	GO_REF:0000117	20250428
UniProtKB:P07204	Thrombomodulin		GO:0007596		PINC	NCBITaxon:9606	TAS		PANTHER:PTHR24036	protein	UniProtKB:P07204	PMID:9252393	20030904
UniProtKB:P07204	Thrombomodulin		GO:0007599		UniProt	NCBITaxon:9606	IEA	UniProtKB-KW:KW-0356	PANTHER:PTHR24036	protein	UniProtKB:P07204	GO_REF:0000043	20250428
UniProtKB:P07204	Thrombomodulin		GO:0010544		BHF-UCL	NCBITaxon:9606	TAS		PANTHER:PTHR24036	protein	UniProtKB:P07204	PMID:17379830	20100426
UniProtKB:P07204	Thrombomodulin		GO:0030195		UniProt	NCBITaxon:9606	IDA		PANTHER:PTHR24036	protein	UniProtKB:P07204	PMID:10761923	20240613
UniProtKB:P07204	Thrombomodulin		GO:0030195		ComplexPortal	NCBITaxon:9606	NAS		PANTHER:PTHR24036	protein	UniProtKB:P07204	PMID:12524220	20240823
UniProtKB:P07204	Thrombomodulin		GO:0030195		BHF-UCL	NCBITaxon:9606	TAS		PANTHER:PTHR24036	protein	UniProtKB:P07204	PMID:17379830	20100426
UniProtKB:P07204	Thrombomodulin		GO:0051918		BHF-UCL	NCBITaxon:9606	TAS		PANTHER:PTHR24036	protein	UniProtKB:P07204	PMID:17379830	20100426
UniProtKB:P07204	Thrombomodulin		GO:0072377		ComplexPortal	NCBITaxon:9606	NAS		PANTHER:PTHR24036	protein	UniProtKB:P07204	PMID:12524220	20240823
UniProtKB:P0DJI8	Serum amyloid A-1 protein		GO:0030168		UniProt	NCBITaxon:9606	NAS			protein	UniProtKB:P0DJI8	PMID:1697614	20120718
UniProtKB:Q96EU7	C1GALT1-specific chaperone 1		GO:0030168		Ensembl	NCBITaxon:9606	IEA	UniProtKB:Q9JMG2|ensembl:ENSMUSP00000059224	PANTHER:PTHR23033	protein	UniProtKB:Q96EU7	GO_REF:0000107	20250313
UniProtKB:P47989	Xanthine dehydrogenase/oxidase		GO:0007595		Ensembl	NCBITaxon:9606	IEA	UniProtKB:Q00519|ensembl:ENSMUSP00000024866	PANTHER:PTHR11908	protein	UniProtKB:P47989	GO_REF:0000107	20250313
UniProtKB:Q16236	Nuclear factor erythroid 2-related factor 2		GO:0030194		Ensembl	NCBITaxon:9606	IEA	UniProtKB:Q60795|ensembl:ENSMUSP00000099733	PANTHER:PTHR24411	protein	UniProtKB:Q16236	GO_REF:0000107	20250313
UniProtKB:P47900	P2Y purinoceptor 1		GO:0007596		UniProt	NCBITaxon:9606	IEA	UniProtKB-KW:KW-0094	PANTHER:PTHR24231	protein	UniProtKB:P47900	GO_REF:0000043	20250428
UniProtKB:P47900	P2Y purinoceptor 1		GO:0007599		UniProt	NCBITaxon:9606	IEA	UniProtKB-KW:KW-0356	PANTHER:PTHR24231	protein	UniProtKB:P47900	GO_REF:0000043	20250428
UniProtKB:P47900	P2Y purinoceptor 1		GO:0030168		InterPro	NCBITaxon:9606	IEA	InterPro:IPR000142	PANTHER:PTHR24231	protein	UniProtKB:P47900	GO_REF:0000002	20250429
UniProtKB:Q9Y6X5	Bis(5'-adenosyl)-triphosphatase ENPP4		GO:0007596		UniProt	NCBITaxon:9606	IEA	UniProtKB-KW:KW-0094	PANTHER:PTHR10151	protein	UniProtKB:Q9Y6X5	GO_REF:0000043	20250428
UniProtKB:Q9Y6X5	Bis(5'-adenosyl)-triphosphatase ENPP4		GO:0007599		UniProt	NCBITaxon:9606	IEA	UniProtKB-KW:KW-0356	PANTHER:PTHR10151	protein	UniProtKB:Q9Y6X5	GO_REF:0000043	20250428
UniProtKB:Q9Y6X5	Bis(5'-adenosyl)-triphosphatase ENPP4		GO:0030194		UniProt	NCBITaxon:9606	IDA		PANTHER:PTHR10151	protein	UniProtKB:Q9Y6X5	PMID:22995898	20130903
UniProtKB:Q9Y6T7	Diacylglycerol kinase beta		GO:0030168		UniProt	NCBITaxon:9606	IEA	ARBA:ARBA00027406	PANTHER:PTHR11255	protein	UniProtKB:Q9Y6T7	GO_REF:0000117	20250428
UniProtKB:Q9Y6T7	Diacylglycerol kinase beta		GO:0030168		Reactome	NCBITaxon:9606	TAS		PANTHER:PTHR11255	protein	UniProtKB:Q9Y6T7	Reactome:R-HSA-76002	20241117
UniProtKB:Q16661	Guanylate cyclase activator 2B		GO:0007589		Ensembl	NCBITaxon:9606	IEA	UniProtKB:O09051|ensembl:ENSMUSP00000043203	PANTHER:PTHR11318	protein	UniProtKB:Q16661	GO_REF:0000107	20250313
UniProtKB:P07359	Platelet glycoprotein Ib alpha chain		GO:0007596		MGI	NCBITaxon:9606	IMP		PANTHER:PTHR24373	protein	UniProtKB:P07359	PMID:21037087	20121207
UniProtKB:P07359	Platelet glycoprotein Ib alpha chain		GO:0007599		Ensembl	NCBITaxon:9606	IEA	UniProtKB:O35930|ensembl:ENSMUSP00000057563	PANTHER:PTHR24373	protein	UniProtKB:P07359	GO_REF:0000107	20250313
UniProtKB:P07359	Platelet glycoprotein Ib alpha chain		GO:0007596		UniProt	NCBITaxon:9606	IEA	UniProtKB-KW:KW-0094	PANTHER:PTHR24373	protein	UniProtKB:P07359	GO_REF:0000043	20250428
UniProtKB:P07359	Platelet glycoprotein Ib alpha chain		GO:0007596		Ensembl	NCBITaxon:9606	IEA	UniProtKB:O35930|ensembl:ENSMUSP00000057563	PANTHER:PTHR24373	protein	UniProtKB:P07359	GO_REF:0000107	20250313
UniProtKB:P07359	Platelet glycoprotein Ib alpha chain		GO:0007596		UniProt	NCBITaxon:9606	IEA	ARBA:ARBA00028854	PANTHER:PTHR24373	protein	UniProtKB:P07359	GO_REF:0000117	20250428
UniProtKB:P07359	Platelet glycoprotein Ib alpha chain		GO:0007597		ComplexPortal	NCBITaxon:9606	IPI		PANTHER:PTHR24373	protein	UniProtKB:P07359	PMID:10501658	20240823
UniProtKB:P07359	Platelet glycoprotein Ib alpha chain		GO:0007597		ComplexPortal	NCBITaxon:9606	NAS		PANTHER:PTHR24373	protein	UniProtKB:P07359	PMID:16293600	20250325
UniProtKB:P07359	Platelet glycoprotein Ib alpha chain		GO:0007599		UniProt	NCBITaxon:9606	IEA	UniProtKB-KW:KW-0356	PANTHER:PTHR24373	protein	UniProtKB:P07359	GO_REF:0000043	20250428
UniProtKB:P07359	Platelet glycoprotein Ib alpha chain		GO:0030168		UniProt	NCBITaxon:9606	TAS		PANTHER:PTHR24373	protein	UniProtKB:P07359	PMID:12855810	20040224
UniProtKB:P07359	Platelet glycoprotein Ib alpha chain		GO:0030193		UniProt	NCBITaxon:9606	TAS		PANTHER:PTHR24373	protein	UniProtKB:P07359	PMID:12855810	20040224
UniProtKB:P07359	Platelet glycoprotein Ib alpha chain		GO:0042730		UniProt	NCBITaxon:9606	IDA		PANTHER:PTHR24373	protein	UniProtKB:P07359	PMID:12855810	20040224
UniProtKB:P07359	Platelet glycoprotein Ib alpha chain		GO:0007597		GO_Central	NCBITaxon:9606	IBA	PANTHER:PTN000689319|UniProtKB:P07359	PANTHER:PTHR24373	protein		GO_REF:0000033	20250327
UniProtKB:Q16621	Transcription factor NF-E2 45 kDa subunit		GO:0007599		UniProt	NCBITaxon:9606	TAS		PANTHER:PTHR24411	protein	UniProtKB:Q16621	PMID:7774011	20220207
UniProtKB:Q9UKW4	Guanine nucleotide exchange factor VAV3		GO:0030168		UniProt	NCBITaxon:9606	IEA	ARBA:ARBA00027406	PANTHER:PTHR45818	protein	UniProtKB:Q9UKW4	GO_REF:0000117	20250428
UniProtKB:Q9UKW4	Guanine nucleotide exchange factor VAV3		GO:0030168		Reactome	NCBITaxon:9606	TAS		PANTHER:PTHR45818	protein	UniProtKB:Q9UKW4	Reactome:R-HSA-76002	20241117
UniProtKB:Q9UKU9	Angiopoietin-related protein 2		GO:0007596		InterPro	NCBITaxon:9606	IEA	InterPro:IPR037579	PANTHER:PTHR19143	protein	UniProtKB:Q9UKU9	GO_REF:0000002	20250429
UniProtKB:Q9UL45	Biogenesis of lysosome-related organelles complex 1 subunit 6		GO:0007596		Ensembl	NCBITaxon:9606	IEA	UniProtKB:Q9R0C0|ensembl:ENSMUSP00000005954	PANTHER:PTHR31328	protein	UniProtKB:Q9UL45	GO_REF:0000107	20250313
UniProtKB:P00451	Coagulation factor VIII		GO:0007596		UniProt	NCBITaxon:9606	IEA	UniProtKB-KW:KW-0094	PANTHER:PTHR24543	protein	UniProtKB:P00451	GO_REF:0000043	20250428
UniProtKB:P00451	Coagulation factor VIII		GO:0007596		PINC	NCBITaxon:9606	TAS		PANTHER:PTHR24543	protein	UniProtKB:P00451	PMID:8275087	20030904
UniProtKB:P00451	Coagulation factor VIII		GO:0007599		UniProt	NCBITaxon:9606	IEA	UniProtKB-KW:KW-0356	PANTHER:PTHR24543	protein	UniProtKB:P00451	GO_REF:0000043	20250428
UniProtKB:P00451	Coagulation factor VIII		GO:0007597		GO_Central	NCBITaxon:9606	IBA	PANTHER:PTN002815617|RGD:727845	PANTHER:PTHR24543	protein		GO_REF:0000033	20250325
UniProtKB:P00403	Cytochrome c oxidase subunit 2		GO:0007595		Ensembl	NCBITaxon:9606	IEA	UniProtKB:P00406|RefSeq:ENSRNOP00000046414	PANTHER:PTHR22888	protein	UniProtKB:P00403	GO_REF:0000107	20250313
UniProtKB:P10646	Tissue factor pathway inhibitor		GO:0007596		UniProt	NCBITaxon:9606	IEA	UniProtKB-KW:KW-0094	PANTHER:PTHR10083	protein	UniProtKB:P10646	GO_REF:0000043	20250428
UniProtKB:P10646	Tissue factor pathway inhibitor		GO:0007596		PINC	NCBITaxon:9606	TAS		PANTHER:PTHR10083	protein	UniProtKB:P10646	PMID:9252393	20030904
UniProtKB:P10646	Tissue factor pathway inhibitor		GO:0007599		UniProt	NCBITaxon:9606	IEA	UniProtKB-KW:KW-0356	PANTHER:PTHR10083	protein	UniProtKB:P10646	GO_REF:0000043	20250428
UniProtKB:P10646	Tissue factor pathway inhibitor		GO:0030195	"{""relationship"": {""relation"": [{""id"": ""BFO:0000066"", ""label"": ""occurs in""}], ""id"": ""CL:0000066"", ""label"": ""epithelial cell""}}"	UniProt	NCBITaxon:9606	IDA		PANTHER:PTHR10083	protein	UniProtKB:P10646	PMID:21868574	20171107
UniProtKB:Q9UIJ7	GTP:AMP phosphotransferase AK3, mitochondrial		GO:0007596		Reactome	NCBITaxon:9606	TAS		PANTHER:PTHR23359	protein	UniProtKB:Q9UIJ7	Reactome:R-HSA-109582	20241117
UniProtKB:P17342	Atrial natriuretic peptide receptor 3		GO:0035810		UniProt	NCBITaxon:9606	ISS	UniProtKB:P70180	PANTHER:PTHR44755	protein	UniProtKB:P17342	GO_REF:0000024	20110428
UniProtKB:P17342	Atrial natriuretic peptide receptor 3		GO:0035810		Ensembl	NCBITaxon:9606	IEA	UniProtKB:P70180|ensembl:ENSMUSP00000066737	PANTHER:PTHR44755	protein	UniProtKB:P17342	GO_REF:0000107	20250313
UniProtKB:Q9UMX6	Guanylyl cyclase-activating protein 2		GO:0007589		PINC	NCBITaxon:9606	TAS		PANTHER:PTHR23055	protein	UniProtKB:Q9UMX6	PMID:1327879	20030904
UniProtKB:Q16827	Receptor-type tyrosine-protein phosphatase O		GO:0003093		UniProt	NCBITaxon:9606	ISS	UniProtKB:E9Q612	PANTHER:PTHR47028	protein	UniProtKB:Q16827	GO_REF:0000024	20111005
UniProtKB:Q16827	Receptor-type tyrosine-protein phosphatase O		GO:0003093		Ensembl	NCBITaxon:9606	IEA	UniProtKB:E9Q612|ensembl:ENSMUSP00000076364	PANTHER:PTHR47028	protein	UniProtKB:Q16827	GO_REF:0000107	20250313
UniProtKB:Q16827	Receptor-type tyrosine-protein phosphatase O		GO:0003105		UniProt	NCBITaxon:9606	ISS	UniProtKB:Q28613	PANTHER:PTHR47028	protein	UniProtKB:Q16827	GO_REF:0000024	20111213
UniProtKB:Q16827	Receptor-type tyrosine-protein phosphatase O		GO:0003105		UniProt	NCBITaxon:9606	ISS	UniProtKB:Q62797	PANTHER:PTHR47028	protein	UniProtKB:Q16827	GO_REF:0000024	20111216
UniProtKB:Q16827	Receptor-type tyrosine-protein phosphatase O		GO:0003105		Ensembl	NCBITaxon:9606	IEA	UniProtKB:Q62797|ensembl:ENSRNOP00000044055	PANTHER:PTHR47028	protein	UniProtKB:Q16827	GO_REF:0000107	20250313
UniProtKB:Q16827	Receptor-type tyrosine-protein phosphatase O		GO:0003093		GO_Central	NCBITaxon:9606	IBA	PANTHER:PTN002931512|RGD:62068|MGI:MGI:1097152	PANTHER:PTHR47028	protein		GO_REF:0000033	20200214
UniProtKB:P61764	Syntaxin-binding protein 1		GO:0070527		UniProt	NCBITaxon:9606	IMP		PANTHER:PTHR11679	protein	UniProtKB:P61764	PMID:12773094	20090826
UniProtKB:Q86YL7	Podoplanin		GO:0030168		UniProt	NCBITaxon:9606	TAS		PANTHER:PTHR47390	protein	UniProtKB:Q86YL7	PMID:18215137	20170328
UniProtKB:Q86YH6	All trans-polyprenyl-diphosphate synthase PDSS2		GO:0050878		Ensembl	NCBITaxon:9606	IEA	UniProtKB:Q33DR3|ensembl:ENSMUSP00000093393	PANTHER:PTHR12001	protein	UniProtKB:Q86YH6	GO_REF:0000107	20250313
UniProtKB:P04792	Heat shock protein beta-1		GO:0070527		UniProt	NCBITaxon:9606	HMP		PANTHER:PTHR45640	protein	UniProtKB:P04792	PMID:23382103	20140721
UniProtKB:Q14393	Growth arrest-specific protein 6		GO:0007596		Ensembl	NCBITaxon:9606	IEA	UniProtKB:Q61592|ensembl:ENSMUSP00000033828	PANTHER:PTHR24040	protein	UniProtKB:Q14393	GO_REF:0000107	20250313
UniProtKB:Q14393	Growth arrest-specific protein 6		GO:0003104		UniProt	NCBITaxon:9606	ISS	UniProtKB:Q63772	PANTHER:PTHR24040	protein	UniProtKB:Q14393	GO_REF:0000024	20120224
UniProtKB:Q14393	Growth arrest-specific protein 6		GO:0003104		Ensembl	NCBITaxon:9606	IEA	UniProtKB:Q63772|ensembl:ENSRNOP00000024677	PANTHER:PTHR24040	protein	UniProtKB:Q14393	GO_REF:0000107	20250313
UniProtKB:O43827	Angiopoietin-related protein 7		GO:0007596		InterPro	NCBITaxon:9606	IEA	InterPro:IPR037579	PANTHER:PTHR19143	protein	UniProtKB:O43827	GO_REF:0000002	20250429
UniProtKB:Q14344	Guanine nucleotide-binding protein subunit alpha-13		GO:0030168		Ensembl	NCBITaxon:9606	IEA	UniProtKB:P27601|ensembl:ENSMUSP00000020930	PANTHER:PTHR10218	protein	UniProtKB:Q14344	GO_REF:0000107	20250313
UniProtKB:Q96EV8	Dysbindin		GO:0007596		Ensembl	NCBITaxon:9606	IEA	UniProtKB:Q91WZ8|ensembl:ENSMUSP00000072170	PANTHER:PTHR16294	protein	UniProtKB:Q96EV8	GO_REF:0000107	20250313
UniProtKB:P13498	Cytochrome b-245 light chain		GO:0070254		Ensembl	NCBITaxon:9606	IEA	UniProtKB:Q61462|ensembl:ENSMUSP00000017604	PANTHER:PTHR15168	protein	UniProtKB:P13498	GO_REF:0000107	20250313
UniProtKB:P13498	Cytochrome b-245 light chain		GO:0070257		Ensembl	NCBITaxon:9606	IEA	UniProtKB:Q61462|ensembl:ENSMUSP00000017604	PANTHER:PTHR15168	protein	UniProtKB:P13498	GO_REF:0000107	20250313
UniProtKB:P13498	Cytochrome b-245 light chain		GO:0003106		Ensembl	NCBITaxon:9606	IEA	UniProtKB:Q62737|ensembl:ENSRNOP00000017564	PANTHER:PTHR15168	protein	UniProtKB:P13498	GO_REF:0000107	20250313
UniProtKB:Q02156	Protein kinase C epsilon type		GO:0070254		Ensembl	NCBITaxon:9606	IEA	UniProtKB:P16054|ensembl:ENSMUSP00000094874	PANTHER:PTHR24356	protein	UniProtKB:Q02156	GO_REF:0000107	20250313
UniProtKB:Q02156	Protein kinase C epsilon type		GO:0070257		Ensembl	NCBITaxon:9606	IEA	UniProtKB:P16054|ensembl:ENSMUSP00000094874	PANTHER:PTHR24356	protein	UniProtKB:Q02156	GO_REF:0000107	20250313
UniProtKB:Q96Q91	Anion exchange protein 4		GO:0046541		Ensembl	NCBITaxon:9606	IEA	UniProtKB:A0A494BA31|ensembl:ENSMUSP00000157862	PANTHER:PTHR11453	protein	UniProtKB:Q96Q91	GO_REF:0000107	20250313
UniProtKB:P0CW18	Serine protease 56		GO:0007596		GO_Central	NCBITaxon:9606	IBA	PANTHER:PTN002385473|ZFIN:ZDB-GENE-010814-1|UniProtKB:P08709|MGI:MGI:88384|MGI:MGI:1860488|UniProtKB:P00740|MGI:MGI:109325	PANTHER:PTHR24278	protein		GO_REF:0000033	20240606
UniProtKB:P00813	Adenosine deaminase		GO:0070254		Ensembl	NCBITaxon:9606	IEA	UniProtKB:P03958|ensembl:ENSMUSP00000017841	PANTHER:PTHR11409	protein	UniProtKB:P00813	GO_REF:0000107	20250313
UniProtKB:P00813	Adenosine deaminase		GO:0070256		Ensembl	NCBITaxon:9606	IEA	UniProtKB:P03958|ensembl:ENSMUSP00000017841	PANTHER:PTHR11409	protein	UniProtKB:P00813	GO_REF:0000107	20250313
UniProtKB:P13987	CD59 glycoprotein		GO:0007596		PINC	NCBITaxon:9606	TAS		PANTHER:PTHR10036	protein	UniProtKB:P13987	PMID:1381503	20030904
UniProtKB:P13928	Annexin A8		GO:0007596		UniProt	NCBITaxon:9606	IEA	UniProtKB-KW:KW-0094	PANTHER:PTHR10502	protein	UniProtKB:P13928	GO_REF:0000043	20250428
UniProtKB:P13928	Annexin A8		GO:0007599		UniProt	NCBITaxon:9606	IEA	UniProtKB-KW:KW-0356	PANTHER:PTHR10502	protein	UniProtKB:P13928	GO_REF:0000043	20250428
UniProtKB:Q16760	Diacylglycerol kinase delta		GO:0030168		UniProt	NCBITaxon:9606	IEA	ARBA:ARBA00027406	PANTHER:PTHR11255	protein	UniProtKB:Q16760	GO_REF:0000117	20250428
UniProtKB:Q16760	Diacylglycerol kinase delta		GO:0030168		Reactome	NCBITaxon:9606	TAS		PANTHER:PTHR11255	protein	UniProtKB:Q16760	Reactome:R-HSA-76002	20241117
UniProtKB:P60709	Actin, cytoplasmic 1		GO:0070527		UniProt	NCBITaxon:9606	HMP		PANTHER:PTHR11937	protein	UniProtKB:P60709	PMID:23382103	20140721
UniProtKB:Q12913	Receptor-type tyrosine-protein phosphatase eta		GO:0007596		Ensembl	NCBITaxon:9606	IEA	UniProtKB:Q64455|ensembl:ENSMUSP00000129592	PANTHER:PTHR19134	protein	UniProtKB:Q12913	GO_REF:0000107	20250313
UniProtKB:P13688	Cell adhesion molecule CEACAM1		GO:0090331		UniProt	NCBITaxon:9606	ISS	UniProtKB:P31809	PANTHER:PTHR44427	protein	UniProtKB:P13688	GO_REF:0000024	20160428
UniProtKB:P03952	Plasma kallikrein		GO:0007596		UniProt	NCBITaxon:9606	IEA	UniProtKB-KW:KW-0094	PANTHER:PTHR24253	protein	UniProtKB:P03952	GO_REF:0000043	20250428
UniProtKB:P03952	Plasma kallikrein		GO:0007599		UniProt	NCBITaxon:9606	IEA	UniProtKB-KW:KW-0356	PANTHER:PTHR24253	protein	UniProtKB:P03952	GO_REF:0000043	20250428
UniProtKB:P03952	Plasma kallikrein		GO:0042730		UniProt	NCBITaxon:9606	IEA	UniProtKB-KW:KW-0280	PANTHER:PTHR24253	protein	UniProtKB:P03952	GO_REF:0000043	20250428
UniProtKB:P03952	Plasma kallikrein		GO:0051919		UniProt	NCBITaxon:9606	IEA	ARBA:ARBA00089948	PANTHER:PTHR24253	protein	UniProtKB:P03952	GO_REF:0000117	20250428
UniProtKB:P03952	Plasma kallikrein		GO:0051919		BHF-UCL	NCBITaxon:9606	IDA		PANTHER:PTHR24253	protein	UniProtKB:P03952	PMID:89876	20081015
UniProtKB:P03952	Plasma kallikrein		GO:0051919		GO_Central	NCBITaxon:9606	IBA	PANTHER:PTN002548665|UniProtKB:P03952|UniProtKB:P03951	PANTHER:PTHR24253	protein		GO_REF:0000033	20250403
UniProtKB:P03951	Coagulation factor XI		GO:0030193		Ensembl	NCBITaxon:9606	IEA	UniProtKB:Q91Y47|ensembl:ENSMUSP00000034064	PANTHER:PTHR24253	protein	UniProtKB:P03951	GO_REF:0000107	20250313
UniProtKB:P03951	Coagulation factor XI		GO:0007596		UniProt	NCBITaxon:9606	IEA	UniProtKB-KW:KW-0094	PANTHER:PTHR24253	protein	UniProtKB:P03951	GO_REF:0000043	20250428
UniProtKB:P03951	Coagulation factor XI		GO:0007596		PINC	NCBITaxon:9606	TAS		PANTHER:PTHR24253	protein	UniProtKB:P03951	PMID:10823824	20030904
UniProtKB:P03951	Coagulation factor XI		GO:0007596		BHF-UCL	NCBITaxon:9606	IDA		PANTHER:PTHR24253	protein	UniProtKB:P03951	PMID:9169594	20161221
UniProtKB:P03951	Coagulation factor XI		GO:0007596		UniProt	NCBITaxon:9606	NAS		PANTHER:PTHR24253	protein	UniProtKB:P03951	PMID:9593722	20021105
UniProtKB:P03951	Coagulation factor XI		GO:0007599		UniProt	NCBITaxon:9606	IEA	UniProtKB-KW:KW-0356	PANTHER:PTHR24253	protein	UniProtKB:P03951	GO_REF:0000043	20250428
UniProtKB:P03951	Coagulation factor XI		GO:0051919		UniProt	NCBITaxon:9606	IEA	ARBA:ARBA00089948	PANTHER:PTHR24253	protein	UniProtKB:P03951	GO_REF:0000117	20250428
UniProtKB:P03951	Coagulation factor XI		GO:0051919		BHF-UCL	NCBITaxon:9606	IDA		PANTHER:PTHR24253	protein	UniProtKB:P03951	PMID:89876	20081015
UniProtKB:P03951	Coagulation factor XI		GO:0051919		GO_Central	NCBITaxon:9606	IBA	PANTHER:PTN002548665|UniProtKB:P03952|UniProtKB:P03951	PANTHER:PTHR24253	protein		GO_REF:0000033	20250403
UniProtKB:P07355	Annexin A2		GO:0042730		Ensembl	NCBITaxon:9606	IEA	UniProtKB:P07356|ensembl:ENSMUSP00000034756	PANTHER:PTHR10502	protein	UniProtKB:P07355	GO_REF:0000107	20250313
UniProtKB:Q02928	Cytochrome P450 4A11		GO:0003091		UniProt	NCBITaxon:9606	IEP		PANTHER:PTHR24291	protein	UniProtKB:Q02928	PMID:10660572	20120127
UniProtKB:Q02928	Cytochrome P450 4A11		GO:0003095		UniProt	NCBITaxon:9606	IEP		PANTHER:PTHR24291	protein	UniProtKB:Q02928	PMID:10660572	20120127
UniProtKB:Q93063	Exostosin-2		GO:0050891		Ensembl	NCBITaxon:9606	IEA	UniProtKB:P70428|ensembl:ENSMUSP00000028623	PANTHER:PTHR11062	protein	UniProtKB:Q93063	GO_REF:0000107	20250313
ComplexPortal:CPX-362	Heparanase complex		GO:0030194		ComplexPortal	NCBITaxon:9606	IDA			protein_complex		PMID:20634491	20241021
UniProtKB:P13726	Tissue factor		GO:0002543		BHF-UCL	NCBITaxon:9606	IDA		PANTHER:PTHR20859	protein	UniProtKB:P13726	PMID:17469850	20250115
UniProtKB:P13726	Tissue factor		GO:0007596		InterPro	NCBITaxon:9606	IEA	InterPro:IPR001187	PANTHER:PTHR20859	protein	UniProtKB:P13726	GO_REF:0000002	20250429
UniProtKB:P13726	Tissue factor		GO:0007596		UniProt	NCBITaxon:9606	IEA	UniProtKB-KW:KW-0094	PANTHER:PTHR20859	protein	UniProtKB:P13726	GO_REF:0000043	20250428
UniProtKB:P13726	Tissue factor		GO:0007596		BHF-UCL	NCBITaxon:9606	IDA		PANTHER:PTHR20859	protein	UniProtKB:P13726	PMID:24998411	20160405
UniProtKB:P13726	Tissue factor		GO:0007596		BHF-UCL	NCBITaxon:9606	IDA		PANTHER:PTHR20859	protein	UniProtKB:P13726	PMID:8632006	20161221
UniProtKB:P13726	Tissue factor		GO:0007599		UniProt	NCBITaxon:9606	IEA	UniProtKB-KW:KW-0356	PANTHER:PTHR20859	protein	UniProtKB:P13726	GO_REF:0000043	20250428
UniProtKB:P01009	Alpha-1-antitrypsin		GO:0007596		UniProt	NCBITaxon:9606	IEA	UniProtKB-KW:KW-0094	PANTHER:PTHR11461	protein	UniProtKB:P01009	GO_REF:0000043	20250428
UniProtKB:P01009	Alpha-1-antitrypsin		GO:0007599		UniProt	NCBITaxon:9606	IEA	UniProtKB-KW:KW-0356	PANTHER:PTHR11461	protein	UniProtKB:P01009	GO_REF:0000043	20250428
UniProtKB:P01008	Antithrombin-III		GO:0007596		UniProt	NCBITaxon:9606	IEA	UniProtKB-KW:KW-0094	PANTHER:PTHR11461	protein	UniProtKB:P01008	GO_REF:0000043	20250428
UniProtKB:P01008	Antithrombin-III		GO:0007599		UniProt	NCBITaxon:9606	IEA	UniProtKB-KW:KW-0356	PANTHER:PTHR11461	protein	UniProtKB:P01008	GO_REF:0000043	20250428
UniProtKB:P01008	Antithrombin-III		GO:0030193		InterPro	NCBITaxon:9606	IEA	InterPro:IPR033829	PANTHER:PTHR11461	protein	UniProtKB:P01008	GO_REF:0000002	20250429
UniProtKB:P17301	Integrin alpha-2		GO:0007596		PINC	NCBITaxon:9606	TAS		PANTHER:PTHR23220	protein	UniProtKB:P17301	PMID:2933589	20030904
UniProtKB:P51170	Epithelial sodium channel subunit gamma		GO:0050891		UniProt	NCBITaxon:9606	IDA		PANTHER:PTHR11690	protein	UniProtKB:P51170	PMID:24124190	20140117
UniProtKB:P16234	Platelet-derived growth factor receptor alpha		GO:0010544		UniProt	NCBITaxon:9606	IDA		PANTHER:PTHR24416	protein	UniProtKB:P16234	PMID:8188664	20110930
UniProtKB:P16234	Platelet-derived growth factor receptor alpha		GO:0070527		UniProt	NCBITaxon:9606	IMP		PANTHER:PTHR24416	protein	UniProtKB:P16234	PMID:8188664	20110930
UniProtKB:P16220	Cyclic AMP-responsive element-binding protein 1		GO:0007595		Ensembl	NCBITaxon:9606	IEA	UniProtKB:Q01147|ensembl:ENSMUSP00000139995	PANTHER:PTHR45879	protein	UniProtKB:P16220	GO_REF:0000107	20250313
UniProtKB:Q07869	Peroxisome proliferator-activated receptor alpha		GO:0007595		Ensembl	NCBITaxon:9606	IEA	UniProtKB:P37230|ensembl:ENSRNOP00000038651	PANTHER:PTHR24082	protein	UniProtKB:Q07869	GO_REF:0000107	20250313
UniProtKB:P08758	Annexin A5		GO:0007596		UniProt	NCBITaxon:9606	IEA	UniProtKB-KW:KW-0094	PANTHER:PTHR10502	protein	UniProtKB:P08758	GO_REF:0000043	20250428
UniProtKB:P08758	Annexin A5		GO:0007599		UniProt	NCBITaxon:9606	IEA	UniProtKB-KW:KW-0356	PANTHER:PTHR10502	protein	UniProtKB:P08758	GO_REF:0000043	20250428
UniProtKB:P08709	Coagulation factor VII		GO:0007596		Ensembl	NCBITaxon:9606	IEA	UniProtKB:P70375|ensembl:ENSMUSP00000033820	PANTHER:PTHR24278	protein	UniProtKB:P08709	GO_REF:0000107	20250313
UniProtKB:P08709	Coagulation factor VII		GO:0007596		InterPro	NCBITaxon:9606	IEA	InterPro:IPR012224	PANTHER:PTHR24278	protein	UniProtKB:P08709	GO_REF:0000002	20250429
UniProtKB:P08709	Coagulation factor VII		GO:0007596		UniProt	NCBITaxon:9606	IEA	UniProtKB-KW:KW-0094	PANTHER:PTHR24278	protein	UniProtKB:P08709	GO_REF:0000043	20250428
UniProtKB:P08709	Coagulation factor VII		GO:0007596		BHF-UCL	NCBITaxon:9606	IDA		PANTHER:PTHR24278	protein	UniProtKB:P08709	PMID:24998411	20160620
UniProtKB:P08709	Coagulation factor VII		GO:0007596		PINC	NCBITaxon:9606	TAS		PANTHER:PTHR24278	protein	UniProtKB:P08709	PMID:3037537	20030904
UniProtKB:P08709	Coagulation factor VII		GO:0007596		BHF-UCL	NCBITaxon:9606	IDA		PANTHER:PTHR24278	protein	UniProtKB:P08709	PMID:8632006	20161221
UniProtKB:P08709	Coagulation factor VII		GO:0007599		UniProt	NCBITaxon:9606	IEA	UniProtKB-KW:KW-0356	PANTHER:PTHR24278	protein	UniProtKB:P08709	GO_REF:0000043	20250428
UniProtKB:P08709	Coagulation factor VII		GO:0030194		Ensembl	NCBITaxon:9606	IEA	UniProtKB:Q8K3U6|ensembl:ENSRNOP00000038466	PANTHER:PTHR24278	protein	UniProtKB:P08709	GO_REF:0000107	20250313
UniProtKB:P08709	Coagulation factor VII		GO:0050878		UniProt	NCBITaxon:9606	IEA	ARBA:ARBA00029145	PANTHER:PTHR24278	protein	UniProtKB:P08709	GO_REF:0000117	20250428
UniProtKB:P08709	Coagulation factor VII		GO:0007596		GO_Central	NCBITaxon:9606	IBA	PANTHER:PTN002385473|ZFIN:ZDB-GENE-010814-1|UniProtKB:P08709|MGI:MGI:88384|MGI:MGI:1860488|UniProtKB:P00740|MGI:MGI:109325	PANTHER:PTHR24278	protein		GO_REF:0000033	20240606
UniProtKB:P35070	Probetacellulin		GO:0035810		Ensembl	NCBITaxon:9606	IEA	UniProtKB:A0A8I6AQ55|ensembl:ENSRNOP00000095979	PANTHER:PTHR10740	protein	UniProtKB:P35070	GO_REF:0000107	20250313
ComplexPortal:CPX-4945	Coagulation factor IXa complex		GO:0007597		ComplexPortal	NCBITaxon:9606	IDA			protein_complex		PMID:8632006	20240823
UniProtKB:P08697	Alpha-2-antiplasmin		GO:0042730		Reactome	NCBITaxon:9606	TAS		PANTHER:PTHR11461	protein	UniProtKB:P08697	Reactome:R-HSA-75205	20241117
UniProtKB:P08697	Alpha-2-antiplasmin		GO:0051918		InterPro	NCBITaxon:9606	IEA	InterPro:IPR033833	PANTHER:PTHR11461	protein	UniProtKB:P08697	GO_REF:0000002	20250429
UniProtKB:P08697	Alpha-2-antiplasmin		GO:0051918		Ensembl	NCBITaxon:9606	IEA	UniProtKB:A0A8I6AQI7|ensembl:ENSRNOP00000096218	PANTHER:PTHR11461	protein	UniProtKB:P08697	GO_REF:0000107	20250313
UniProtKB:P08697	Alpha-2-antiplasmin		GO:0051918		BHF-UCL	NCBITaxon:9606	IDA		PANTHER:PTHR11461	protein	UniProtKB:P08697	PMID:134998	20111202
UniProtKB:P35414	Apelin receptor		GO:0050878		Ensembl	NCBITaxon:9606	IEA	UniProtKB:Q9JHG3|ensembl:ENSRNOP00000012379	PANTHER:PTHR24228	protein	UniProtKB:P35414	GO_REF:0000107	20250313
UniProtKB:P25116	Proteinase-activated receptor 1		GO:0030194		Ensembl	NCBITaxon:9606	IEA	UniProtKB:P30558|ensembl:ENSMUSP00000061754	PANTHER:PTHR24232	protein	UniProtKB:P25116	GO_REF:0000107	20250313
UniProtKB:P25116	Proteinase-activated receptor 1		GO:0003105		UniProt	NCBITaxon:9606	ISS	UniProtKB:P26824	PANTHER:PTHR24232	protein	UniProtKB:P25116	GO_REF:0000024	20120210
UniProtKB:P25116	Proteinase-activated receptor 1		GO:0007596		InterPro	NCBITaxon:9606	IEA	InterPro:IPR000935|InterPro:IPR003912	PANTHER:PTHR24232	protein	UniProtKB:P25116	GO_REF:0000002	20250429
UniProtKB:P25116	Proteinase-activated receptor 1		GO:0007596		UniProt	NCBITaxon:9606	IEA	UniProtKB-KW:KW-0094	PANTHER:PTHR24232	protein	UniProtKB:P25116	GO_REF:0000043	20250428
UniProtKB:P25116	Proteinase-activated receptor 1		GO:0007599		UniProt	NCBITaxon:9606	IEA	UniProtKB-KW:KW-0356	PANTHER:PTHR24232	protein	UniProtKB:P25116	GO_REF:0000043	20250428
UniProtKB:P25116	Proteinase-activated receptor 1		GO:0030168		BHF-UCL	NCBITaxon:9606	IDA		PANTHER:PTHR24232	protein	UniProtKB:P25116	PMID:9038223	20080425
UniProtKB:P25116	Proteinase-activated receptor 1		GO:0030193		BHF-UCL	NCBITaxon:9606	IDA		PANTHER:PTHR24232	protein	UniProtKB:P25116	PMID:17848177	20080215
UniProtKB:P25116	Proteinase-activated receptor 1		GO:0030194		BHF-UCL	NCBITaxon:9606	IDA		PANTHER:PTHR24232	protein	UniProtKB:P25116	PMID:9038223	20080425
UniProtKB:P25116	Proteinase-activated receptor 1		GO:0030194		GO_Central	NCBITaxon:9606	IBA	PANTHER:PTN002796613|UniProtKB:P25116|MGI:MGI:101802	PANTHER:PTHR24232	protein		GO_REF:0000033	20200330
UniProtKB:P35318	Pro-adrenomedullin		GO:0035809		UniProt	NCBITaxon:9606	IDA		PANTHER:PTHR23414	protein	UniProtKB:P35318	PMID:18434369	20170509
UniProtKB:P08913	Alpha-2A adrenergic receptor		GO:0030168		InterPro	NCBITaxon:9606	IEA	InterPro:IPR001946	PANTHER:PTHR24248	protein	UniProtKB:P08913	GO_REF:0000002	20250429
UniProtKB:P02671	Fibrinogen alpha chain		GO:0007596		InterPro	NCBITaxon:9606	IEA	InterPro:IPR037579	PANTHER:PTHR47221	protein	UniProtKB:P02671	GO_REF:0000002	20250429
UniProtKB:P02671	Fibrinogen alpha chain		GO:0007596		UniProt	NCBITaxon:9606	IEA	UniProtKB-KW:KW-0094	PANTHER:PTHR47221	protein	UniProtKB:P02671	GO_REF:0000043	20250428
UniProtKB:P02671	Fibrinogen alpha chain		GO:0007599		UniProt	NCBITaxon:9606	IEA	UniProtKB-KW:KW-0356	PANTHER:PTHR47221	protein	UniProtKB:P02671	GO_REF:0000043	20250428
UniProtKB:P02671	Fibrinogen alpha chain		GO:0030168		InterPro	NCBITaxon:9606	IEA	InterPro:IPR012290	PANTHER:PTHR47221	protein	UniProtKB:P02671	GO_REF:0000002	20250429
UniProtKB:P02671	Fibrinogen alpha chain		GO:0042730		UniProt	NCBITaxon:9606	IEA	ARBA:ARBA00088389	PANTHER:PTHR47221	protein	UniProtKB:P02671	GO_REF:0000117	20250428
UniProtKB:P02671	Fibrinogen alpha chain		GO:0042730		UniProt	NCBITaxon:9606	IDA		PANTHER:PTHR47221	protein	UniProtKB:P02671	PMID:16846481	20150430
UniProtKB:P02671	Fibrinogen alpha chain		GO:0070527		UniProt	NCBITaxon:9606	IEA	ARBA:ARBA00085186	PANTHER:PTHR47221	protein	UniProtKB:P02671	GO_REF:0000117	20250428
UniProtKB:P02671	Fibrinogen alpha chain		GO:0070527		UniProt	NCBITaxon:9606	HMP		PANTHER:PTHR47221	protein	UniProtKB:P02671	PMID:23382103	20140721
UniProtKB:P02671	Fibrinogen alpha chain		GO:0070527		BHF-UCL	NCBITaxon:9606	IDA		PANTHER:PTHR47221	protein	UniProtKB:P02671	PMID:6281794	20140410
UniProtKB:P02671	Fibrinogen alpha chain		GO:0072377		BHF-UCL	NCBITaxon:9606	IMP		PANTHER:PTHR47221	protein	UniProtKB:P02671-PRO_0000009022	PMID:10891444	20140409
UniProtKB:P02671	Fibrinogen alpha chain		GO:0072377		BHF-UCL	NCBITaxon:9606	IMP		PANTHER:PTHR47221	protein	UniProtKB:P02671	PMID:12706644	20140410
UniProtKB:P02671	Fibrinogen alpha chain		GO:0072378		UniProt	NCBITaxon:9606	IEA	ARBA:ARBA00090798	PANTHER:PTHR47221	protein	UniProtKB:P02671	GO_REF:0000117	20250428
UniProtKB:P02671	Fibrinogen alpha chain		GO:0072378		UniProt	NCBITaxon:9606	IDA		PANTHER:PTHR47221	protein	UniProtKB:P02671	PMID:16846481	20150430
UniProtKB:P02671	Fibrinogen alpha chain		GO:2000261		BHF-UCL	NCBITaxon:9606	TAS		PANTHER:PTHR47221	protein	UniProtKB:P02671-PRO_0000009021	PMID:11529842	20140409
UniProtKB:P02671	Fibrinogen alpha chain		GO:0072377		GO_Central	NCBITaxon:9606	IBA	PANTHER:PTN008715159|UniProtKB:P02671	PANTHER:PTHR47221	protein		GO_REF:0000033	20231129
UniProtKB:P02671	Fibrinogen alpha chain		GO:0070527		GO_Central	NCBITaxon:9606	IBA	PANTHER:PTN008715159|ZFIN:ZDB-GENE-031010-21|UniProtKB:P02671	PANTHER:PTHR47221	protein		GO_REF:0000033	20231129
UniProtKB:P02671	Fibrinogen alpha chain		GO:0042730		GO_Central	NCBITaxon:9606	IBA	PANTHER:PTN008715159|UniProtKB:P02671	PANTHER:PTHR47221	protein		GO_REF:0000033	20231129
UniProtKB:P02679	Fibrinogen gamma chain		GO:0007596		InterPro	NCBITaxon:9606	IEA	InterPro:IPR037579	PANTHER:PTHR19143	protein	UniProtKB:P02679	GO_REF:0000002	20250429
UniProtKB:P02679	Fibrinogen gamma chain		GO:0007596		UniProt	NCBITaxon:9606	IEA	UniProtKB-KW:KW-0094	PANTHER:PTHR19143	protein	UniProtKB:P02679	GO_REF:0000043	20250428
UniProtKB:P02679	Fibrinogen gamma chain		GO:0007599		UniProt	NCBITaxon:9606	IEA	UniProtKB-KW:KW-0356	PANTHER:PTHR19143	protein	UniProtKB:P02679	GO_REF:0000043	20250428
UniProtKB:P02679	Fibrinogen gamma chain		GO:0030168		InterPro	NCBITaxon:9606	IEA	InterPro:IPR012290	PANTHER:PTHR19143	protein	UniProtKB:P02679	GO_REF:0000002	20250429
UniProtKB:P02679	Fibrinogen gamma chain		GO:0042730		UniProt	NCBITaxon:9606	IEA	ARBA:ARBA00088389	PANTHER:PTHR19143	protein	UniProtKB:P02679	GO_REF:0000117	20250428
UniProtKB:P02679	Fibrinogen gamma chain		GO:0042730		UniProt	NCBITaxon:9606	IDA		PANTHER:PTHR19143	protein	UniProtKB:P02679	PMID:16846481	20150430
UniProtKB:P02679	Fibrinogen gamma chain		GO:0070527		UniProt	NCBITaxon:9606	IEA	ARBA:ARBA00085186	PANTHER:PTHR19143	protein	UniProtKB:P02679	GO_REF:0000117	20250428
UniProtKB:P02679	Fibrinogen gamma chain		GO:0070527		BHF-UCL	NCBITaxon:9606	IDA		PANTHER:PTHR19143	protein	UniProtKB:P02679	PMID:6281794	20140410
UniProtKB:P02679	Fibrinogen gamma chain		GO:0072378		UniProt	NCBITaxon:9606	IEA	ARBA:ARBA00090798	PANTHER:PTHR19143	protein	UniProtKB:P02679	GO_REF:0000117	20250428
UniProtKB:P02679	Fibrinogen gamma chain		GO:0072378		UniProt	NCBITaxon:9606	IMP		PANTHER:PTHR19143	protein	UniProtKB:P02679	PMID:11001902	20150430
UniProtKB:P02679	Fibrinogen gamma chain		GO:0072378		UniProt	NCBITaxon:9606	IDA		PANTHER:PTHR19143	protein	UniProtKB:P02679	PMID:16846481	20150430
UniProtKB:P02679	Fibrinogen gamma chain		GO:0070527		GO_Central	NCBITaxon:9606	IBA	PANTHER:PTN002709696|UniProtKB:P02679	PANTHER:PTHR19143	protein		GO_REF:0000033	20200206
UniProtKB:P18825	Alpha-2C adrenergic receptor		GO:0030168		InterPro	NCBITaxon:9606	IEA	InterPro:IPR000735	PANTHER:PTHR24248	protein	UniProtKB:P18825	GO_REF:0000002	20250429
UniProtKB:P08567	Pleckstrin		GO:0070527		BHF-UCL	NCBITaxon:9606	ISS	UniProtKB:Q9JHK5	PANTHER:PTHR12092	protein	UniProtKB:P08567	GO_REF:0000024	20090506
UniProtKB:P08567	Pleckstrin		GO:0070527		Ensembl	NCBITaxon:9606	IEA	UniProtKB:Q9JHK5|ensembl:ENSMUSP00000099945	PANTHER:PTHR12092	protein	UniProtKB:P08567	GO_REF:0000107	20250313
UniProtKB:P08567	Pleckstrin		GO:0070527		UniProt	NCBITaxon:9606	HMP		PANTHER:PTHR12092	protein	UniProtKB:P08567	PMID:23382103	20140721
UniProtKB:P02730	Band 3 anion transport protein		GO:0007596		Ensembl	NCBITaxon:9606	IEA	UniProtKB:P04919|ensembl:ENSMUSP00000006749	PANTHER:PTHR11453	protein	UniProtKB:P02730	GO_REF:0000107	20250313
UniProtKB:P02730	Band 3 anion transport protein		GO:0035811		Ensembl	NCBITaxon:9606	IEA	UniProtKB:P04919|ensembl:ENSMUSP00000006749	PANTHER:PTHR11453	protein	UniProtKB:P02730	GO_REF:0000107	20250313
UniProtKB:P55198	Protein AF-17		GO:0035811		Ensembl	NCBITaxon:9606	IEA	UniProtKB:B1AR10|ensembl:ENSMUSP00000103212	PANTHER:PTHR13793	protein	UniProtKB:P55198	GO_REF:0000107	20250313
UniProtKB:P55198	Protein AF-17		GO:0070295		Ensembl	NCBITaxon:9606	IEA	UniProtKB:B1AR10|ensembl:ENSMUSP00000103212	PANTHER:PTHR13793	protein	UniProtKB:P55198	GO_REF:0000107	20250313
UniProtKB:P11831	Serum response factor		GO:0030168		Ensembl	NCBITaxon:9606	IEA	UniProtKB:Q9JM73|ensembl:ENSMUSP00000015749	PANTHER:PTHR48019	protein	UniProtKB:P11831	GO_REF:0000107	20250313
UniProtKB:P21731	Thromboxane A2 receptor		GO:0030194		Ensembl	NCBITaxon:9606	IEA	UniProtKB:P34978|ensembl:ENSRNOP00000027932	PANTHER:PTHR11866	protein	UniProtKB:P21731	GO_REF:0000107	20250313
UniProtKB:P01236	Prolactin		GO:0007595		UniProt	NCBITaxon:9606	IEA	UniProtKB-KW:KW-0421	PANTHER:PTHR11417	protein	UniProtKB:P01236	GO_REF:0000043	20250428
UniProtKB:P01236	Prolactin		GO:1903489		GO_Central	NCBITaxon:9606	IBA	PANTHER:PTN000151833|UniProtKB:P01239	PANTHER:PTHR11417	protein		GO_REF:0000033	20170616
UniProtKB:P36382	Gap junction alpha-5 protein		GO:0003105		Ensembl	NCBITaxon:9606	IEA	UniProtKB:P28234|ensembl:ENSRNOP00000023488	PANTHER:PTHR11984	protein	UniProtKB:P36382	GO_REF:0000107	20250313
UniProtKB:P11473	Vitamin D3 receptor		GO:0007595		Ensembl	NCBITaxon:9606	IEA	UniProtKB:P48281|ensembl:ENSMUSP00000023119	PANTHER:PTHR24082	protein	UniProtKB:P11473	GO_REF:0000107	20250313
UniProtKB:P01185	Vasopressin-neurophysin 2-copeptin		GO:0070295		UniProt	NCBITaxon:9606	IDA		PANTHER:PTHR11681	protein	UniProtKB:P01185	PMID:19440390	20250410
UniProtKB:P01185	Vasopressin-neurophysin 2-copeptin		GO:0050891		Ensembl	NCBITaxon:9606	IEA	UniProtKB:P01186|ensembl:ENSRNOP00000028833	PANTHER:PTHR11681	protein	UniProtKB:P01185	GO_REF:0000107	20250313
UniProtKB:P01185	Vasopressin-neurophysin 2-copeptin		GO:0070295		UniProt	NCBITaxon:9606	TAS		PANTHER:PTHR11681	protein	UniProtKB:P01185	PMID:33742150	20250410
UniProtKB:P01178	Oxytocin-neurophysin 1		GO:0035811		Ensembl	NCBITaxon:9606	IEA	UniProtKB:P01179|ensembl:ENSRNOP00000028829	PANTHER:PTHR11681	protein	UniProtKB:P01178	GO_REF:0000107	20250313
UniProtKB:P01127	Platelet-derived growth factor subunit B		GO:0003104		UniProt	NCBITaxon:9606	ISS	UniProtKB:P31240	PANTHER:PTHR11633	protein	UniProtKB:P01127	GO_REF:0000024	20110314
UniProtKB:P01127	Platelet-derived growth factor subunit B		GO:0010544		BHF-UCL	NCBITaxon:9606	IDA		PANTHER:PTHR11633	protein	UniProtKB:P01127	PMID:2538439	20080428
UniProtKB:P08183	ATP-dependent translocase ABCB1		GO:0007595		Ensembl	NCBITaxon:9606	IEA	UniProtKB:F7FKA8|ensembl:ENSRNOP00000098457	PANTHER:PTHR24221	protein	UniProtKB:P08183	GO_REF:0000107	20250313
UniProtKB:P21926	CD9 antigen		GO:0030168		UniProt	NCBITaxon:9606	NAS		PANTHER:PTHR19282	protein	UniProtKB:P21926	PMID:2037603	20040212
UniProtKB:P21926	CD9 antigen		GO:0090331		UniProt	NCBITaxon:9606	IDA		PANTHER:PTHR19282	protein	UniProtKB:P21926	PMID:18541721	20170512
UniProtKB:Q5KSL6	Diacylglycerol kinase kappa		GO:0030168		UniProt	NCBITaxon:9606	IEA	ARBA:ARBA00027406	PANTHER:PTHR11255	protein	UniProtKB:Q5KSL6	GO_REF:0000117	20250428
UniProtKB:Q5KSL6	Diacylglycerol kinase kappa		GO:0030168		Reactome	NCBITaxon:9606	TAS		PANTHER:PTHR11255	protein	UniProtKB:Q5KSL6	Reactome:R-HSA-76002	20241117
UniProtKB:Q9BXJ1	Complement C1q tumor necrosis factor-related protein 1		GO:0010544		UniProt	NCBITaxon:9606	IDA		PANTHER:PTHR22923	protein	UniProtKB:Q9BXJ1	PMID:16195328	20131211
UniProtKB:Q9BXJ1	Complement C1q tumor necrosis factor-related protein 1		GO:0090331		UniProt	NCBITaxon:9606	IDA		PANTHER:PTHR22923	protein	UniProtKB:Q9BXJ1	PMID:16195328	20131211
UniProtKB:Q7Z3B1	Neuronal growth regulator 1		GO:0046878		Ensembl	NCBITaxon:9606	IEA	UniProtKB:Q80Z24|ensembl:ENSMUSP00000073664	PANTHER:PTHR42757	protein	UniProtKB:Q7Z3B1	GO_REF:0000107	20250313
UniProtKB:P11229	Muscarinic acetylcholine receptor M1		GO:0046541		InterPro	NCBITaxon:9606	IEA	InterPro:IPR002228	PANTHER:PTHR24247	protein	UniProtKB:P11229	GO_REF:0000002	20250429
UniProtKB:P38435	Vitamin K-dependent gamma-carboxylase		GO:0007596		PINC	NCBITaxon:9606	TAS		PANTHER:PTHR12639	protein	UniProtKB:P38435	PMID:9845520	20030904
UniProtKB:P31645	Sodium-dependent serotonin transporter		GO:0070527		UniProt	NCBITaxon:9606	ISS	UniProtKB:Q60857	PANTHER:PTHR11616	protein	UniProtKB:P31645	GO_REF:0000024	20230316
UniProtKB:P31645	Sodium-dependent serotonin transporter		GO:0070527		Ensembl	NCBITaxon:9606	IEA	UniProtKB:Q60857|ensembl:ENSMUSP00000104039	PANTHER:PTHR11616	protein	UniProtKB:P31645	GO_REF:0000107	20250313
UniProtKB:P35670	Copper-transporting ATPase 2		GO:0007595		Ensembl	NCBITaxon:9606	IEA	UniProtKB:Q64446|ensembl:ENSMUSP00000006742	PANTHER:PTHR43520	protein	UniProtKB:P35670	GO_REF:0000107	20250313
UniProtKB:P22415	Upstream stimulatory factor 1		GO:0051918		BHF-UCL	NCBITaxon:9606	IC	GO:0000981	PANTHER:PTHR46117	protein	UniProtKB:P22415	PMID:18234320	20080624
UniProtKB:P15121	Aldo-keto reductase family 1 member B1		GO:0003091		Ensembl	NCBITaxon:9606	IEA	UniProtKB:P45376|ensembl:ENSMUSP00000100045	PANTHER:PTHR11732	protein	UniProtKB:P15121	GO_REF:0000107	20250313
UniProtKB:P15121	Aldo-keto reductase family 1 member B1		GO:0035809		Ensembl	NCBITaxon:9606	IEA	UniProtKB:P45376|ensembl:ENSMUSP00000100045	PANTHER:PTHR11732	protein	UniProtKB:P15121	GO_REF:0000107	20250313
UniProtKB:P18089	Alpha-2B adrenergic receptor		GO:0030168		InterPro	NCBITaxon:9606	IEA	InterPro:IPR000207	PANTHER:PTHR24248	protein	UniProtKB:P18089	GO_REF:0000002	20250429
UniProtKB:P18054	Polyunsaturated fatty acid lipoxygenase ALOX12		GO:0090331		UniProt	NCBITaxon:9606	ISS	UniProtKB:P39655	PANTHER:PTHR11771	protein	UniProtKB:P18054	GO_REF:0000024	20130710
UniProtKB:P18054	Polyunsaturated fatty acid lipoxygenase ALOX12		GO:0090331		Ensembl	NCBITaxon:9606	IEA	UniProtKB:P39655|ensembl:ENSMUSP00000000329	PANTHER:PTHR11771	protein	UniProtKB:P18054	GO_REF:0000107	20250313
UniProtKB:Q4KMQ2	Anoctamin-6		GO:0002543		UniProt	NCBITaxon:9606	IMP		PANTHER:PTHR12308	protein	UniProtKB:Q4KMQ2	PMID:21107324	20110406
UniProtKB:Q4KMQ2	Anoctamin-6		GO:0007596		UniProt	NCBITaxon:9606	ISS	UniProtKB:Q6P9J9	PANTHER:PTHR12308	protein	UniProtKB:Q4KMQ2	GO_REF:0000024	20121118
UniProtKB:Q4KMQ2	Anoctamin-6		GO:0097045		UniProt	NCBITaxon:9606	IMP		PANTHER:PTHR12308	protein	UniProtKB:Q4KMQ2	PMID:21107324	20110429
UniProtKB:O76050	E3 ubiquitin-protein ligase NEURL1		GO:0007595		Ensembl	NCBITaxon:9606	IEA	UniProtKB:Q923S6|ensembl:ENSMUSP00000107439	PANTHER:PTHR12429	protein	UniProtKB:O76050	GO_REF:0000107	20250313
UniProtKB:O76024	Wolframin		GO:0003091		BHF-UCL	NCBITaxon:9606	IMP		PANTHER:PTHR13098	protein	UniProtKB:O76024	PMID:9817917	20080506
UniProtKB:P01042	Kininogen-1		GO:0007596		UniProt	NCBITaxon:9606	IEA	UniProtKB-KW:KW-0094	PANTHER:PTHR13814	protein	UniProtKB:P01042	GO_REF:0000043	20250428
UniProtKB:P01042	Kininogen-1		GO:0007599		UniProt	NCBITaxon:9606	IEA	UniProtKB-KW:KW-0356	PANTHER:PTHR13814	protein	UniProtKB:P01042	GO_REF:0000043	20250428
UniProtKB:P01042	Kininogen-1		GO:0030195		UniProt	NCBITaxon:9606	IDA		PANTHER:PTHR13814	protein	UniProtKB:P01042	PMID:11970955	20040708
UniProtKB:P01042	Kininogen-1		GO:0030195		GO_Central	NCBITaxon:9606	IBA	PANTHER:PTN002674771|UniProtKB:P01042	PANTHER:PTHR13814	protein		GO_REF:0000033	20200319
UniProtKB:P48736	Phosphatidylinositol 4,5-bisphosphate 3-kinase catalytic subunit gamma isoform		GO:0070527		UniProt	NCBITaxon:9606	TAS		PANTHER:PTHR10048	protein	UniProtKB:P48736	PMID:21035500	20120103
UniProtKB:P55087	Aquaporin-4		GO:0003091		Reactome	NCBITaxon:9606	TAS		PANTHER:PTHR19139	protein	UniProtKB:P55087	Reactome:R-HSA-432040	20241117
UniProtKB:P55087	Aquaporin-4		GO:0050891		UniProt	NCBITaxon:9606	ISS	UniProtKB:P55088	PANTHER:PTHR19139	protein	UniProtKB:P55087	GO_REF:0000024	20221025
UniProtKB:P55087	Aquaporin-4		GO:0050891	"{""relationship"": {""relation"": [{""id"": ""BFO:0000066"", ""label"": ""occurs in""}], ""id"": ""UBERON:0000955"", ""label"": ""brain""}}"	UniProt	NCBITaxon:9606	IEP		PANTHER:PTHR19139	protein	UniProtKB:P55087	PMID:16814974	20140812
UniProtKB:P55087	Aquaporin-4		GO:0050891	"{""relationship"": {""relation"": [{""id"": ""BFO:0000066"", ""label"": ""occurs in""}], ""id"": ""UBERON:0000955"", ""label"": ""brain""}}"	UniProt	NCBITaxon:9606	IEP		PANTHER:PTHR19139	protein	UniProtKB:P55087	PMID:17645239	20140812
UniProtKB:P55085	Proteinase-activated receptor 2		GO:0003104		UniProt	NCBITaxon:9606	ISS	UniProtKB:Q63645	PANTHER:PTHR24232	protein	UniProtKB:P55085	GO_REF:0000024	20120210
UniProtKB:P55085	Proteinase-activated receptor 2		GO:0003104		Ensembl	NCBITaxon:9606	IEA	UniProtKB:Q63645|ensembl:ENSRNOP00000058298	PANTHER:PTHR24232	protein	UniProtKB:P55085	GO_REF:0000107	20250313
UniProtKB:P55085	Proteinase-activated receptor 2		GO:0007596		InterPro	NCBITaxon:9606	IEA	InterPro:IPR003912	PANTHER:PTHR24232	protein	UniProtKB:P55085	GO_REF:0000002	20250429
UniProtKB:P55085	Proteinase-activated receptor 2		GO:0030193		BHF-UCL	NCBITaxon:9606	IDA		PANTHER:PTHR24232	protein	UniProtKB:P55085	PMID:17848177	20080215
UniProtKB:P55055	Oxysterols receptor LXR-beta		GO:0090187		Ensembl	NCBITaxon:9606	IEA	UniProtKB:Q60644|ensembl:ENSMUSP00000073188	PANTHER:PTHR24082	protein	UniProtKB:P55055	GO_REF:0000107	20250313
UniProtKB:P15498	Proto-oncogene vav		GO:0030168		UniProt	NCBITaxon:9606	IEA	ARBA:ARBA00027406	PANTHER:PTHR45818	protein	UniProtKB:P15498	GO_REF:0000117	20250428
UniProtKB:P15498	Proto-oncogene vav		GO:0030168		Reactome	NCBITaxon:9606	TAS		PANTHER:PTHR45818	protein	UniProtKB:P15498	Reactome:R-HSA-76002	20241117
UniProtKB:P15408	Fos-related antigen 2		GO:0070254		Ensembl	NCBITaxon:9606	IEA	UniProtKB:P47930|ensembl:ENSMUSP00000031017	PANTHER:PTHR23351	protein	UniProtKB:P15408	GO_REF:0000107	20250313
UniProtKB:P05160	Coagulation factor XIII B chain		GO:0007596		UniProt	NCBITaxon:9606	IEA	UniProtKB-KW:KW-0094	PANTHER:PTHR45785	protein	UniProtKB:P05160	GO_REF:0000043	20250428
UniProtKB:P05160	Coagulation factor XIII B chain		GO:0007596		Ensembl	NCBITaxon:9606	IEA	UniProtKB:Q07968|ensembl:ENSMUSP00000027615	PANTHER:PTHR45785	protein	UniProtKB:P05160	GO_REF:0000107	20250313
UniProtKB:P05160	Coagulation factor XIII B chain		GO:0007596		PINC	NCBITaxon:9606	TAS		PANTHER:PTHR45785	protein	UniProtKB:P05160	PMID:2334637	20030904
UniProtKB:P05160	Coagulation factor XIII B chain		GO:0007599		UniProt	NCBITaxon:9606	IEA	UniProtKB-KW:KW-0356	PANTHER:PTHR45785	protein	UniProtKB:P05160	GO_REF:0000043	20250428
UniProtKB:P05160	Coagulation factor XIII B chain		GO:0072378		ComplexPortal	NCBITaxon:9606	IDA		PANTHER:PTHR45785	protein	UniProtKB:P05160	PMID:27363989	20240823
UniProtKB:P05160	Coagulation factor XIII B chain		GO:0007596		GO_Central	NCBITaxon:9606	IBA	PANTHER:PTN001455694|UniProtKB:P05160|MGI:MGI:88379	PANTHER:PTHR45785	protein		GO_REF:0000033	20250413
UniProtKB:P05155	Plasma protease C1 inhibitor		GO:0007596		UniProt	NCBITaxon:9606	IEA	UniProtKB-KW:KW-0094	PANTHER:PTHR11461	protein	UniProtKB:P05155	GO_REF:0000043	20250428
UniProtKB:P05155	Plasma protease C1 inhibitor		GO:0007599		UniProt	NCBITaxon:9606	IEA	UniProtKB-KW:KW-0356	PANTHER:PTHR11461	protein	UniProtKB:P05155	GO_REF:0000043	20250428
UniProtKB:P05155	Plasma protease C1 inhibitor		GO:0042730		UniProt	NCBITaxon:9606	IEA	UniProtKB-KW:KW-0280	PANTHER:PTHR11461	protein	UniProtKB:P05155	GO_REF:0000043	20250428
UniProtKB:P05121	Plasminogen activator inhibitor 1		GO:0030194		BHF-UCL	NCBITaxon:9606	IMP		PANTHER:PTHR11461	protein	UniProtKB:P05121	PMID:9207454	20100219
UniProtKB:P05121	Plasminogen activator inhibitor 1		GO:0030195		BHF-UCL	NCBITaxon:9606	IDA		PANTHER:PTHR11461	protein	UniProtKB:P05121	PMID:1695900	20250215
UniProtKB:P05121	Plasminogen activator inhibitor 1		GO:0042730		Reactome	NCBITaxon:9606	TAS		PANTHER:PTHR11461	protein	UniProtKB:P05121	Reactome:R-HSA-75205	20241117
UniProtKB:P05121	Plasminogen activator inhibitor 1		GO:0051918		ComplexPortal	NCBITaxon:9606	NAS		PANTHER:PTHR11461	protein	UniProtKB:P05121	PMID:1695900	20250310
UniProtKB:P05121	Plasminogen activator inhibitor 1		GO:0051918		BHF-UCL	NCBITaxon:9606	IDA		PANTHER:PTHR11461	protein	UniProtKB:P05121	PMID:2503541	20100219
UniProtKB:P05121	Plasminogen activator inhibitor 1		GO:0051918		ComplexPortal	NCBITaxon:9606	NAS		PANTHER:PTHR11461	protein	UniProtKB:P05121	PMID:8508955	20250127
UniProtKB:P05120	Plasminogen activator inhibitor 2		GO:0042730		Reactome	NCBITaxon:9606	TAS		PANTHER:PTHR11461	protein	UniProtKB:P05120	Reactome:R-HSA-75205	20241117
UniProtKB:P05106	Integrin beta-3		GO:0070527		Ensembl	NCBITaxon:9606	IEA	UniProtKB:O54890|ensembl:ENSMUSP00000021028	PANTHER:PTHR10082	protein	UniProtKB:P05106	GO_REF:0000107	20250313
UniProtKB:P05106	Integrin beta-3		GO:0072378		Ensembl	NCBITaxon:9606	IEA	UniProtKB:O54890|ensembl:ENSMUSP00000021028	PANTHER:PTHR10082	protein	UniProtKB:P05106	GO_REF:0000107	20250313
UniProtKB:P05106	Integrin beta-3		GO:0007596		PINC	NCBITaxon:9606	TAS		PANTHER:PTHR10082	protein	UniProtKB:P05106	PMID:1438206	20030904
UniProtKB:P05106	Integrin beta-3		GO:0030168		UniProt	NCBITaxon:9606	IMP		PANTHER:PTHR10082	protein	UniProtKB:P05106	PMID:15466936	20111207
UniProtKB:P05106	Integrin beta-3		GO:0070527		UniProt	NCBITaxon:9606	IMP		PANTHER:PTHR10082	protein	UniProtKB:P05106	PMID:15466936	20111207
UniProtKB:P05106	Integrin beta-3		GO:0070527		GO_Central	NCBITaxon:9606	IBA	PANTHER:PTN002560728|UniProtKB:P05106|MGI:MGI:96612	PANTHER:PTHR10082	protein		GO_REF:0000033	20230926
UniProtKB:P15313	V-type proton ATPase subunit B, kidney isoform		GO:0003091		Ensembl	NCBITaxon:9606	IEA	UniProtKB:Q91YH6|ensembl:ENSMUSP00000006431	PANTHER:PTHR43389	protein	UniProtKB:P15313	GO_REF:0000107	20250313
UniProtKB:P62937	Peptidyl-prolyl cis-trans isomerase A		GO:0030168		UniProt	NCBITaxon:9606	ISS	UniProtKB:P17742	PANTHER:PTHR11071	protein	UniProtKB:P62937	GO_REF:0000024	20200623
UniProtKB:P62937	Peptidyl-prolyl cis-trans isomerase A		GO:0030168		Ensembl	NCBITaxon:9606	IEA	UniProtKB:P17742|ensembl:ENSMUSP00000117987	PANTHER:PTHR11071	protein	UniProtKB:P62937	GO_REF:0000107	20250313
UniProtKB:P62937	Peptidyl-prolyl cis-trans isomerase A		GO:0070527		UniProt	NCBITaxon:9606	ISS	UniProtKB:P17742	PANTHER:PTHR11071	protein	UniProtKB:P62937	GO_REF:0000024	20200623
UniProtKB:P62937	Peptidyl-prolyl cis-trans isomerase A		GO:0070527		Ensembl	NCBITaxon:9606	IEA	UniProtKB:P17742|ensembl:ENSMUSP00000117987	PANTHER:PTHR11071	protein	UniProtKB:P62937	GO_REF:0000107	20250313
UniProtKB:P05814	Beta-casein		GO:0007595		UniProt	NCBITaxon:9606	IDA		PANTHER:PTHR11500	protein	UniProtKB:P05814	PMID:7979373	20140603
UniProtKB:P32119	Peroxiredoxin-2		GO:0030194		Ensembl	NCBITaxon:9606	IEA	UniProtKB:Q61171|ensembl:ENSMUSP00000105356	PANTHER:PTHR10681	protein	UniProtKB:P32119	GO_REF:0000107	20250313
UniProtKB:O43306	Adenylate cyclase type 6		GO:0003091		UniProt	NCBITaxon:9606	ISS	UniProtKB:Q01341	PANTHER:PTHR45627	protein	UniProtKB:O43306	GO_REF:0000024	20150805
UniProtKB:O43306	Adenylate cyclase type 6		GO:0035811		UniProt	NCBITaxon:9606	ISS	UniProtKB:Q01341	PANTHER:PTHR45627	protein	UniProtKB:O43306	GO_REF:0000024	20150805
UniProtKB:P42338	Phosphatidylinositol 4,5-bisphosphate 3-kinase catalytic subunit beta isoform		GO:0030168		Ensembl	NCBITaxon:9606	IEA	UniProtKB:Q8BTI9|ensembl:ENSMUSP00000035037	PANTHER:PTHR10048	protein	UniProtKB:P42338	GO_REF:0000107	20250313
UniProtKB:P42338	Phosphatidylinositol 4,5-bisphosphate 3-kinase catalytic subunit beta isoform		GO:0030168		UniProt	NCBITaxon:9606	TAS		PANTHER:PTHR10048	protein	UniProtKB:P42338	PMID:21035500	20120103
UniProtKB:P42338	Phosphatidylinositol 4,5-bisphosphate 3-kinase catalytic subunit beta isoform		GO:0070527		UniProt	NCBITaxon:9606	TAS		PANTHER:PTHR10048	protein	UniProtKB:P42338	PMID:21035500	20120103
UniProtKB:P42336	Phosphatidylinositol 4,5-bisphosphate 3-kinase catalytic subunit alpha isoform		GO:0030168		UniProt	NCBITaxon:9606	TAS		PANTHER:PTHR10048	protein	UniProtKB:P42336	PMID:21035500	20120103
UniProtKB:P04085	Platelet-derived growth factor subunit A		GO:0010544		BHF-UCL	NCBITaxon:9606	IDA		PANTHER:PTHR11633	protein	UniProtKB:P04085	PMID:2538439	20080428
UniProtKB:P25942	Tumor necrosis factor receptor superfamily member 5		GO:0030168		UniProt	NCBITaxon:9606	NAS		PANTHER:PTHR46875	protein	UniProtKB:P25942	PMID:9468137	20030718
UniProtKB:P15692	Vascular endothelial growth factor A, long form		GO:0007595		Ensembl	NCBITaxon:9606	IEA	UniProtKB:Q00731|ensembl:ENSMUSP00000115883	PANTHER:PTHR12025	protein	UniProtKB:P15692	GO_REF:0000107	20250313
UniProtKB:P15692	Vascular endothelial growth factor A, long form		GO:0007595		BHF-UCL	NCBITaxon:9606	ISS	UniProtKB:Q00731	PANTHER:PTHR12025	protein	UniProtKB:P15692	GO_REF:0000024	20120920
UniProtKB:Q14644	Ras GTPase-activating protein 3		GO:0030168		BHF-UCL	NCBITaxon:9606	IDA		PANTHER:PTHR10194	protein	UniProtKB:Q14644	PMID:10828023	20240614
UniProtKB:P05305	Endothelin-1		GO:0007589		Ensembl	NCBITaxon:9606	IEA	UniProtKB:P22387|ensembl:ENSMUSP00000021796	PANTHER:PTHR13874	protein	UniProtKB:P05305	GO_REF:0000107	20250313
UniProtKB:P05305	Endothelin-1		GO:0035810		Ensembl	NCBITaxon:9606	IEA	UniProtKB:P22387|ensembl:ENSMUSP00000021796	PANTHER:PTHR13874	protein	UniProtKB:P05305	GO_REF:0000107	20250313
UniProtKB:P05305	Endothelin-1		GO:0030195		BHF-UCL	NCBITaxon:9606	TAS		PANTHER:PTHR13874	protein	UniProtKB:P05305	PMID:16820593	20080215
UniProtKB:P52789	Hexokinase-2		GO:0007595		Ensembl	NCBITaxon:9606	IEA	UniProtKB:P27881|ensembl:ENSRNOP00000008813	PANTHER:PTHR19443	protein	UniProtKB:P52789	GO_REF:0000107	20250313
ComplexPortal:CPX-1922	Fibrinogen complex		GO:0072378		ComplexPortal	NCBITaxon:9606	IDA			protein_complex		PMID:16846481	20241126
UniProtKB:P42229	Signal transducer and activator of transcription 5A		GO:0007595		Ensembl	NCBITaxon:9606	IEA	UniProtKB:P42230|ensembl:ENSMUSP00000004145	PANTHER:PTHR11801	protein	UniProtKB:P42229	GO_REF:0000107	20250313
UniProtKB:P42229	Signal transducer and activator of transcription 5A		GO:0007595		UniProt	NCBITaxon:9606	IEA	UniProtKB-KW:KW-0421	PANTHER:PTHR11801	protein	UniProtKB:P42229	GO_REF:0000043	20250428
UniProtKB:P52429	Diacylglycerol kinase epsilon		GO:0030168		UniProt	NCBITaxon:9606	IEA	ARBA:ARBA00027406	PANTHER:PTHR11255	protein	UniProtKB:P52429	GO_REF:0000117	20250428
UniProtKB:P52429	Diacylglycerol kinase epsilon		GO:0030168		Reactome	NCBITaxon:9606	TAS		PANTHER:PTHR11255	protein	UniProtKB:P52429	Reactome:R-HSA-76002	20241117
UniProtKB:P05546	Heparin cofactor 2		GO:0007596		InterPro	NCBITaxon:9606	IEA	InterPro:IPR033831	PANTHER:PTHR11461	protein	UniProtKB:P05546	GO_REF:0000002	20250429
UniProtKB:P05546	Heparin cofactor 2		GO:0007596		UniProt	NCBITaxon:9606	IEA	UniProtKB-KW:KW-0094	PANTHER:PTHR11461	protein	UniProtKB:P05546	GO_REF:0000043	20250428
UniProtKB:P05546	Heparin cofactor 2		GO:0007599		UniProt	NCBITaxon:9606	IEA	UniProtKB-KW:KW-0356	PANTHER:PTHR11461	protein	UniProtKB:P05546	GO_REF:0000043	20250428
UniProtKB:P59044	NACHT, LRR and PYD domains-containing protein 6		GO:0070255		Ensembl	NCBITaxon:9606	IEA	UniProtKB:Q91WS2|ensembl:ENSMUSP00000139170	PANTHER:PTHR45690	protein	UniProtKB:P59044	GO_REF:0000107	20250313
UniProtKB:P15531	Nucleoside diphosphate kinase A		GO:0007595		Ensembl	NCBITaxon:9606	IEA	UniProtKB:P15532|ensembl:ENSMUSP00000117022	PANTHER:PTHR11349	protein	UniProtKB:P15531	GO_REF:0000107	20250313
UniProtKB:P49257	Protein ERGIC-53		GO:0007596		PINC	NCBITaxon:9606	TAS		PANTHER:PTHR12223	protein	UniProtKB:P49257	PMID:9546392	20030904
UniProtKB:Q14573	Inositol 1,4,5-trisphosphate-gated calcium channel ITPR3		GO:0030168		BHF-UCL	NCBITaxon:9606	IDA		PANTHER:PTHR13715	protein	UniProtKB:Q14573	PMID:10828023	20240614
UniProtKB:P05231	Interleukin-6		GO:0030168		BHF-UCL	NCBITaxon:9606	TAS		PANTHER:PTHR48494	protein	UniProtKB:P05231	PMID:7831669	20081103
UniProtKB:P52824	Diacylglycerol kinase theta		GO:0030168		UniProt	NCBITaxon:9606	IEA	ARBA:ARBA00027406	PANTHER:PTHR11255	protein	UniProtKB:P52824	GO_REF:0000117	20250428
UniProtKB:P52824	Diacylglycerol kinase theta		GO:0030168		Reactome	NCBITaxon:9606	TAS		PANTHER:PTHR11255	protein	UniProtKB:P52824	Reactome:R-HSA-76002	20241117
UniProtKB:P52735	Guanine nucleotide exchange factor VAV2		GO:0030168		UniProt	NCBITaxon:9606	IEA	ARBA:ARBA00027406	PANTHER:PTHR45818	protein	UniProtKB:P52735	GO_REF:0000117	20250428
UniProtKB:P52735	Guanine nucleotide exchange factor VAV2		GO:0030168		Reactome	NCBITaxon:9606	TAS		PANTHER:PTHR45818	protein	UniProtKB:P52735	Reactome:R-HSA-76002	20241117
UniProtKB:O43427	Acidic fibroblast growth factor intracellular-binding protein		GO:0070527		UniProt	NCBITaxon:9606	HMP		PANTHER:PTHR13223	protein	UniProtKB:O43427	PMID:23382103	20140721
UniProtKB:P15976	Erythroid transcription factor		GO:0070527		Ensembl	NCBITaxon:9606	IEA	UniProtKB:P17679|ensembl:ENSMUSP00000033502	PANTHER:PTHR10071	protein	UniProtKB:P15976	GO_REF:0000107	20250313
UniProtKB:P15976	Erythroid transcription factor		GO:0070527		BHF-UCL	NCBITaxon:9606	IMP		PANTHER:PTHR10071	protein	UniProtKB:P15976	PMID:15701726	20110512
UniProtKB:Q04756	Hepatocyte growth factor activator serine protease		GO:0007596		GO_Central	NCBITaxon:9606	IBA	PANTHER:PTN002800021|MGI:MGI:1891012	PANTHER:PTHR24264	protein		GO_REF:0000033	20230603
UniProtKB:P42768	Actin nucleation-promoting factor WAS		GO:0007596		PINC	NCBITaxon:9606	TAS			protein	UniProtKB:P42768	PMID:8069912	20030904
UniProtKB:P21291	Cysteine and glycine-rich protein 1		GO:0070527		UniProt	NCBITaxon:9606	HMP		PANTHER:PTHR24215	protein	UniProtKB:P21291	PMID:23382103	20140721
UniProtKB:Q15389	Angiopoietin-1		GO:0030195		UniProt	NCBITaxon:9606	IDA		PANTHER:PTHR19143	protein	UniProtKB:Q15389	PMID:10761923	20240613
UniProtKB:Q15389	Angiopoietin-1		GO:0030195		UniProt	NCBITaxon:9606	TAS		PANTHER:PTHR19143	protein	UniProtKB:Q15389	PMID:15005336	20240613
UniProtKB:Q15389	Angiopoietin-1		GO:0007596		InterPro	NCBITaxon:9606	IEA	InterPro:IPR037579	PANTHER:PTHR19143	protein	UniProtKB:Q15389	GO_REF:0000002	20250429
UniProtKB:P68871	Hemoglobin subunit beta		GO:0070527		UniProt	NCBITaxon:9606	HMP		PANTHER:PTHR11442	protein	UniProtKB:P68871	PMID:23382103	20140721
UniProtKB:P16471	Prolactin receptor		GO:0007595		Ensembl	NCBITaxon:9606	IEA	UniProtKB:Q08501|ensembl:ENSMUSP00000122219	PANTHER:PTHR23036	protein	UniProtKB:P16471	GO_REF:0000107	20250313
UniProtKB:P16471	Prolactin receptor		GO:0007595		PINC	NCBITaxon:9606	TAS		PANTHER:PTHR23036	protein	UniProtKB:P16471	PMID:9009200	20030904
UniProtKB:P48307	Tissue factor pathway inhibitor 2		GO:0007596		UniProt	NCBITaxon:9606	IEA	UniProtKB-KW:KW-0094	PANTHER:PTHR10083	protein	UniProtKB:P48307	GO_REF:0000043	20250428
UniProtKB:P48307	Tissue factor pathway inhibitor 2		GO:0007599		UniProt	NCBITaxon:9606	IEA	UniProtKB-KW:KW-0356	PANTHER:PTHR10083	protein	UniProtKB:P48307	GO_REF:0000043	20250428
UniProtKB:P51575	P2X purinoceptor 1		GO:0030168		Ensembl	NCBITaxon:9606	IEA	UniProtKB:P51576|ensembl:ENSMUSP00000021141	PANTHER:PTHR10125	protein	UniProtKB:P51575	GO_REF:0000107	20250313
UniProtKB:Q86XP1	Diacylglycerol kinase eta		GO:0030168		UniProt	NCBITaxon:9606	IEA	ARBA:ARBA00027406	PANTHER:PTHR11255	protein	UniProtKB:Q86XP1	GO_REF:0000117	20250428
UniProtKB:Q86XP1	Diacylglycerol kinase eta		GO:0030168		Reactome	NCBITaxon:9606	TAS		PANTHER:PTHR11255	protein	UniProtKB:Q86XP1	Reactome:R-HSA-76002	20241117
UniProtKB:P41235	Hepatocyte nuclear factor 4-alpha		GO:0007596		BHF-UCL	NCBITaxon:9606	IDA		PANTHER:PTHR24083	protein	UniProtKB:P41235	PMID:12911579	20080421
UniProtKB:Q9HCN6	Platelet glycoprotein VI		GO:0070527		Ensembl	NCBITaxon:9606	IEA	UniProtKB:P0C191|ensembl:ENSMUSP00000145740	PANTHER:PTHR11738	protein	UniProtKB:Q9HCN6	GO_REF:0000107	20250313
UniProtKB:Q9HCN6	Platelet glycoprotein VI		GO:0007596		UniProt	NCBITaxon:9606	IEA	UniProtKB-KW:KW-0094	PANTHER:PTHR11738	protein	UniProtKB:Q9HCN6	GO_REF:0000043	20250428
UniProtKB:Q9HCN6	Platelet glycoprotein VI		GO:0007599		UniProt	NCBITaxon:9606	IEA	UniProtKB-KW:KW-0356	PANTHER:PTHR11738	protein	UniProtKB:Q9HCN6	GO_REF:0000043	20250428
UniProtKB:Q9HCN6	Platelet glycoprotein VI		GO:0030168		UniProt	NCBITaxon:9606	NAS		PANTHER:PTHR11738	protein	UniProtKB:Q9HCN6	PMID:11027634	20010830
UniProtKB:Q9HCN6	Platelet glycoprotein VI		GO:0070527		Ensembl	NCBITaxon:9606	IEA	UniProtKB:A6KNL2|ensembl:ENSRNOP00000065697	PANTHER:PTHR11738	protein	UniProtKB:Q9HCN6	GO_REF:0000107	20250313
UniProtKB:Q9HCN6	Platelet glycoprotein VI		GO:0070527		Ensembl	NCBITaxon:9606	IEA	UniProtKB:M0R8A3|ensembl:ENSRNOP00000065697	PANTHER:PTHR11738	protein	UniProtKB:Q9HCN6	GO_REF:0000107	20250313
UniProtKB:P04899	Guanine nucleotide-binding protein G(i) subunit alpha-2		GO:0035810		Ensembl	NCBITaxon:9606	IEA	UniProtKB:P04897|ensembl:ENSRNOP00000022550	PANTHER:PTHR10218	protein	UniProtKB:P04899	GO_REF:0000107	20250313
UniProtKB:Q99853	Forkhead box protein B1		GO:0007595		UniProt	NCBITaxon:9606	ISS	UniProtKB:Q64732	PANTHER:PTHR11829	protein	UniProtKB:Q99853	GO_REF:0000024	20101105
UniProtKB:Q99853	Forkhead box protein B1		GO:0007595		Ensembl	NCBITaxon:9606	IEA	UniProtKB:Q64732|ensembl:ENSMUSP00000096197	PANTHER:PTHR11829	protein	UniProtKB:Q99853	GO_REF:0000107	20250313
UniProtKB:Q86YV9	BLOC-2 complex member HPS6		GO:0007596		Ensembl	NCBITaxon:9606	IEA	UniProtKB:Q8BLY7|ensembl:ENSMUSP00000096991	PANTHER:PTHR14696	protein	UniProtKB:Q86YV9	GO_REF:0000107	20250313
UniProtKB:Q9HBI6	Cytochrome P450 4F11		GO:0007596		UniProt	NCBITaxon:9606	TAS		PANTHER:PTHR24291	protein	UniProtKB:Q9HBI6	PMID:24138531	20140828
UniProtKB:Q9HBA0	Transient receptor potential cation channel subfamily V member 4		GO:0050891		Ensembl	NCBITaxon:9606	IEA	UniProtKB:Q9ERZ8|ensembl:ENSRNOP00000001586	PANTHER:PTHR10582	protein	UniProtKB:Q9HBA0	GO_REF:0000107	20250313
UniProtKB:Q9HBA0	Transient receptor potential cation channel subfamily V member 4		GO:0050891		UniProt	NCBITaxon:9606	IMP		PANTHER:PTHR10582	protein	UniProtKB:Q9HBA0	PMID:23136043	20150729
UniProtKB:P41181	Aquaporin-2		GO:0003091		Ensembl	NCBITaxon:9606	IEA	UniProtKB:P56402|ensembl:ENSMUSP00000023752	PANTHER:PTHR19139	protein	UniProtKB:P41181	GO_REF:0000107	20250313
UniProtKB:P41181	Aquaporin-2		GO:0003097		Ensembl	NCBITaxon:9606	IEA	UniProtKB:P56402|ensembl:ENSMUSP00000023752	PANTHER:PTHR19139	protein	UniProtKB:P41181	GO_REF:0000107	20250313
UniProtKB:P41181	Aquaporin-2		GO:0003091		UniProt	NCBITaxon:9606	IMP		PANTHER:PTHR19139	protein	UniProtKB:P41181	PMID:8140421	20190304
UniProtKB:P41181	Aquaporin-2		GO:0003091		Reactome	NCBITaxon:9606	TAS		PANTHER:PTHR19139	protein	UniProtKB:P41181	Reactome:R-HSA-432040	20241117
