bioentity	bioentity_name	qualifier	annotation_class	annotation_extension_json	assigned_by	taxon	evidence_type	evidence_with	panther_family	type	bioentity_isoform	reference	date	bioentity_label	taxon_label	isa_partof_closure_label	regulates_closure_label	annotation_class_label	annotation_extension_class_labelannotation_extension_class_closure_label	has_participant_closure_label	term
UniProtKB:P68400	Casein kinase II subunit alpha		GO:0051879		UniProt	NCBITaxon:9606	TAS		PANTHER:PTHR24054	protein	UniProtKB:P68400	PMID:19387550	20111207	CSNK2A1	Homo sapiens	heat shock protein binding,protein binding,Hsp90 protein binding,binding,molecular_function	heat shock protein binding,protein binding,Hsp90 protein binding,binding,molecular_function	Hsp90 protein binding			heat_shock_protein_binding
UniProtKB:P53041	Serine/threonine-protein phosphatase 5		GO:0030544		Ensembl	NCBITaxon:9606	IEA	UniProtKB:P53042,ensembl:ENSRNOP00000023078	PANTHER:PTHR45668	protein	UniProtKB:P53041	GO_REF:0000107	20250313	PPP5C	Homo sapiens	heat shock protein binding,protein binding,protein-folding chaperone binding,binding,molecular_function,Hsp70 protein binding	heat shock protein binding,protein binding,protein-folding chaperone binding,binding,molecular_function,Hsp70 protein binding	Hsp70 protein binding			heat_shock_protein_binding
UniProtKB:P53041	Serine/threonine-protein phosphatase 5		GO:0031072		Ensembl	NCBITaxon:9606	IEA	UniProtKB:P53042,ensembl:ENSRNOP00000023078	PANTHER:PTHR45668	protein	UniProtKB:P53041	GO_REF:0000107	20250313	PPP5C	Homo sapiens	heat shock protein binding,protein binding,binding,molecular_function	heat shock protein binding,protein binding,binding,molecular_function	heat shock protein binding			heat_shock_protein_binding
UniProtKB:P53041	Serine/threonine-protein phosphatase 5		GO:0051879		Ensembl	NCBITaxon:9606	IEA	UniProtKB:P53042,ensembl:ENSRNOP00000023078	PANTHER:PTHR45668	protein	UniProtKB:P53041	GO_REF:0000107	20250313	PPP5C	Homo sapiens	heat shock protein binding,protein binding,Hsp90 protein binding,binding,molecular_function	heat shock protein binding,protein binding,Hsp90 protein binding,binding,molecular_function	Hsp90 protein binding			heat_shock_protein_binding
UniProtKB:P53041	Serine/threonine-protein phosphatase 5		GO:0051879		CAFA	NCBITaxon:9606	IPI	UniProtKB:P07900	PANTHER:PTHR45668	protein	UniProtKB:P53041	PMID:15713458	20170110	PPP5C	Homo sapiens	heat shock protein binding,protein binding,Hsp90 protein binding,binding,molecular_function	heat shock protein binding,protein binding,Hsp90 protein binding,binding,molecular_function	Hsp90 protein binding			heat_shock_protein_binding
UniProtKB:P53041	Serine/threonine-protein phosphatase 5		GO:0051879		CAFA	NCBITaxon:9606	IPI	UniProtKB:P08238	PANTHER:PTHR45668	protein	UniProtKB:P53041	PMID:15713458	20170110	PPP5C	Homo sapiens	heat shock protein binding,protein binding,Hsp90 protein binding,binding,molecular_function	heat shock protein binding,protein binding,Hsp90 protein binding,binding,molecular_function	Hsp90 protein binding			heat_shock_protein_binding
UniProtKB:O94966	Ubiquitin carboxyl-terminal hydrolase 19		GO:0051879		ParkinsonsUK-UCL	NCBITaxon:9606	IDA		PANTHER:PTHR21646	protein	UniProtKB:O94966	PMID:24356957	20150430	USP19	Homo sapiens	heat shock protein binding,protein binding,Hsp90 protein binding,binding,molecular_function	heat shock protein binding,protein binding,Hsp90 protein binding,binding,molecular_function	Hsp90 protein binding			heat_shock_protein_binding
UniProtKB:Q99743	Neuronal PAS domain-containing protein 2		GO:0051879		BHF-UCL	NCBITaxon:9606	IDA		PANTHER:PTHR46055	protein	UniProtKB:Q99743	PMID:9079689	20080522	NPAS2	Homo sapiens	heat shock protein binding,protein binding,Hsp90 protein binding,binding,molecular_function	heat shock protein binding,protein binding,Hsp90 protein binding,binding,molecular_function	Hsp90 protein binding			heat_shock_protein_binding
UniProtKB:P26651	mRNA decay activator protein ZFP36		GO:0031072		UniProt	NCBITaxon:9606	IDA		PANTHER:PTHR12547	protein	UniProtKB:P26651	PMID:20221403	20160803	ZFP36	Homo sapiens	heat shock protein binding,protein binding,binding,molecular_function	heat shock protein binding,protein binding,binding,molecular_function	heat shock protein binding			heat_shock_protein_binding
UniProtKB:P23396	Small ribosomal subunit protein uS3		GO:0030544	"{""relationship"": {""relation"": [{""id"": ""RO:0002092""\, ""label"": ""happens during""}]\, ""id"": ""GO:0034614""\, ""label"": ""cellular response to reactive oxygen species""}}"	UniProt	NCBITaxon:9606	IDA		PANTHER:PTHR11760	protein	UniProtKB:P23396	PMID:23911537	20200304	RPS3	Homo sapiens	heat shock protein binding,protein binding,protein-folding chaperone binding,binding,molecular_function,Hsp70 protein binding	heat shock protein binding,protein binding,protein-folding chaperone binding,binding,molecular_function,Hsp70 protein binding	Hsp70 protein binding			heat_shock_protein_binding
UniProtKB:P23396	Small ribosomal subunit protein uS3		GO:0051879		UniProt	NCBITaxon:9606	IDA		PANTHER:PTHR11760	protein	UniProtKB:P23396	PMID:23911537	20150929	RPS3	Homo sapiens	heat shock protein binding,protein binding,Hsp90 protein binding,binding,molecular_function	heat shock protein binding,protein binding,Hsp90 protein binding,binding,molecular_function	Hsp90 protein binding			heat_shock_protein_binding
UniProtKB:O15354	Prosaposin receptor GPR37		GO:0030544		ParkinsonsUK-UCL	NCBITaxon:9606	IPI	UniProtKB:P11142	PANTHER:PTHR46216	protein	UniProtKB:O15354	PMID:12150907	20140813	GPR37	Homo sapiens	heat shock protein binding,protein binding,protein-folding chaperone binding,binding,molecular_function,Hsp70 protein binding	heat shock protein binding,protein binding,protein-folding chaperone binding,binding,molecular_function,Hsp70 protein binding	Hsp70 protein binding			heat_shock_protein_binding
UniProtKB:O15354	Prosaposin receptor GPR37		GO:0031072		ParkinsonsUK-UCL	NCBITaxon:9606	IPI	UniProtKB:P31689	PANTHER:PTHR46216	protein	UniProtKB:O15354	PMID:12150907	20140813	GPR37	Homo sapiens	heat shock protein binding,protein binding,binding,molecular_function	heat shock protein binding,protein binding,binding,molecular_function	heat shock protein binding			heat_shock_protein_binding
UniProtKB:Q99543	DnaJ homolog subfamily C member 2		GO:0030544		InterPro	NCBITaxon:9606	IEA	InterPro:IPR044634	PANTHER:PTHR43999	protein	UniProtKB:Q99543	GO_REF:0000002	20250429	DNAJC2	Homo sapiens	heat shock protein binding,protein binding,protein-folding chaperone binding,binding,molecular_function,Hsp70 protein binding	heat shock protein binding,protein binding,protein-folding chaperone binding,binding,molecular_function,Hsp70 protein binding	Hsp70 protein binding			heat_shock_protein_binding
UniProtKB:Q99543	DnaJ homolog subfamily C member 2		GO:0030544		UniProt	NCBITaxon:9606	IPI	UniProtKB:Q0VDF9	PANTHER:PTHR43999	protein	UniProtKB:Q99543	PMID:16002468	20110120	DNAJC2	Homo sapiens	heat shock protein binding,protein binding,protein-folding chaperone binding,binding,molecular_function,Hsp70 protein binding	heat shock protein binding,protein binding,protein-folding chaperone binding,binding,molecular_function,Hsp70 protein binding	Hsp70 protein binding			heat_shock_protein_binding
UniProtKB:Q99543	DnaJ homolog subfamily C member 2		GO:0030544		GO_Central	NCBITaxon:9606	IBA	PANTHER:PTN001181375,UniProtKB:Q99543	PANTHER:PTHR43999	protein		GO_REF:0000033	20210811	DNAJC2	Homo sapiens	heat shock protein binding,protein binding,protein-folding chaperone binding,binding,molecular_function,Hsp70 protein binding	heat shock protein binding,protein binding,protein-folding chaperone binding,binding,molecular_function,Hsp70 protein binding	Hsp70 protein binding			heat_shock_protein_binding
UniProtKB:Q02218	2-oxoglutarate dehydrogenase complex component E1		GO:0031072		Ensembl	NCBITaxon:9606	IEA	UniProtKB:Q5XI78,ensembl:ENSRNOP00000054026	PANTHER:PTHR23152	protein	UniProtKB:Q02218	GO_REF:0000107	20250313	OGDH	Homo sapiens	heat shock protein binding,protein binding,binding,molecular_function	heat shock protein binding,protein binding,binding,molecular_function	heat shock protein binding			heat_shock_protein_binding
UniProtKB:Q15785	Mitochondrial import receptor subunit TOM34		GO:0031072		UniProt	NCBITaxon:9606	IPI	UniProtKB:P07900	PANTHER:PTHR45984	protein	UniProtKB:Q15785	PMID:9660753	20090511	TOMM34	Homo sapiens	heat shock protein binding,protein binding,binding,molecular_function	heat shock protein binding,protein binding,binding,molecular_function	heat shock protein binding			heat_shock_protein_binding
UniProtKB:Q15785	Mitochondrial import receptor subunit TOM34		GO:0031072		GO_Central	NCBITaxon:9606	IBA	PANTHER:PTN002505448,UniProtKB:Q15785	PANTHER:PTHR45984	protein		GO_REF:0000033	20190815	TOMM34	Homo sapiens	heat shock protein binding,protein binding,binding,molecular_function	heat shock protein binding,protein binding,binding,molecular_function	heat shock protein binding			heat_shock_protein_binding
UniProtKB:P06493	Cyclin-dependent kinase 1		GO:0030544		Ensembl	NCBITaxon:9606	IEA	UniProtKB:P11440,ensembl:ENSMUSP00000020099	PANTHER:PTHR24056	protein	UniProtKB:P06493	GO_REF:0000107	20250313	CDK1	Homo sapiens	heat shock protein binding,protein binding,protein-folding chaperone binding,binding,molecular_function,Hsp70 protein binding	heat shock protein binding,protein binding,protein-folding chaperone binding,binding,molecular_function,Hsp70 protein binding	Hsp70 protein binding			heat_shock_protein_binding
UniProtKB:Q8WXB1	Protein N-lysine methyltransferase METTL21A		GO:0030544		BHF-UCL	NCBITaxon:9606	IPI	UniProtKB:P0DMV8,UniProtKB:P0DMV9	PANTHER:PTHR14614	protein	UniProtKB:Q8WXB1	PMID:23921388	20150616	METTL21A	Homo sapiens	heat shock protein binding,protein binding,protein-folding chaperone binding,binding,molecular_function,Hsp70 protein binding	heat shock protein binding,protein binding,protein-folding chaperone binding,binding,molecular_function,Hsp70 protein binding	Hsp70 protein binding			heat_shock_protein_binding
UniProtKB:Q8WXB1	Protein N-lysine methyltransferase METTL21A		GO:0030544		BHF-UCL	NCBITaxon:9606	IPI	UniProtKB:P11021	PANTHER:PTHR14614	protein	UniProtKB:Q8WXB1	PMID:23921388	20140416	METTL21A	Homo sapiens	heat shock protein binding,protein binding,protein-folding chaperone binding,binding,molecular_function,Hsp70 protein binding	heat shock protein binding,protein binding,protein-folding chaperone binding,binding,molecular_function,Hsp70 protein binding	Hsp70 protein binding			heat_shock_protein_binding
UniProtKB:Q8WXB1	Protein N-lysine methyltransferase METTL21A		GO:0030544		BHF-UCL	NCBITaxon:9606	IPI	UniProtKB:P17066	PANTHER:PTHR14614	protein	UniProtKB:Q8WXB1	PMID:23921388	20140416	METTL21A	Homo sapiens	heat shock protein binding,protein binding,protein-folding chaperone binding,binding,molecular_function,Hsp70 protein binding	heat shock protein binding,protein binding,protein-folding chaperone binding,binding,molecular_function,Hsp70 protein binding	Hsp70 protein binding			heat_shock_protein_binding
UniProtKB:Q8WXB1	Protein N-lysine methyltransferase METTL21A		GO:0030544		BHF-UCL	NCBITaxon:9606	IPI	UniProtKB:P54652	PANTHER:PTHR14614	protein	UniProtKB:Q8WXB1	PMID:23921388	20140416	METTL21A	Homo sapiens	heat shock protein binding,protein binding,protein-folding chaperone binding,binding,molecular_function,Hsp70 protein binding	heat shock protein binding,protein binding,protein-folding chaperone binding,binding,molecular_function,Hsp70 protein binding	Hsp70 protein binding			heat_shock_protein_binding
UniProtKB:Q8WXB1	Protein N-lysine methyltransferase METTL21A		GO:0031072		UniProt	NCBITaxon:9606	IPI	UniProtKB:P0DMV8	PANTHER:PTHR14614	protein	UniProtKB:Q8WXB1	PMID:23349634	20170523	METTL21A	Homo sapiens	heat shock protein binding,protein binding,binding,molecular_function	heat shock protein binding,protein binding,binding,molecular_function	heat shock protein binding			heat_shock_protein_binding
UniProtKB:Q8WXB1	Protein N-lysine methyltransferase METTL21A		GO:0031072		UniProt	NCBITaxon:9606	IPI	UniProtKB:P0DMV9	PANTHER:PTHR14614	protein	UniProtKB:Q8WXB1	PMID:23349634	20170523	METTL21A	Homo sapiens	heat shock protein binding,protein binding,binding,molecular_function	heat shock protein binding,protein binding,binding,molecular_function	heat shock protein binding			heat_shock_protein_binding
UniProtKB:Q8WXB1	Protein N-lysine methyltransferase METTL21A		GO:0031072		UniProt	NCBITaxon:9606	IPI	UniProtKB:Q92598	PANTHER:PTHR14614	protein	UniProtKB:Q8WXB1	PMID:23349634	20170523	METTL21A	Homo sapiens	heat shock protein binding,protein binding,binding,molecular_function	heat shock protein binding,protein binding,binding,molecular_function	heat shock protein binding			heat_shock_protein_binding
UniProtKB:Q8WWF6	DnaJ homolog subfamily B member 3		GO:0030544		InterPro	NCBITaxon:9606	IEA	InterPro:IPR043183		protein	UniProtKB:Q8WWF6	GO_REF:0000002	20250429	DNAJB3	Homo sapiens	heat shock protein binding,protein binding,protein-folding chaperone binding,binding,molecular_function,Hsp70 protein binding	heat shock protein binding,protein binding,protein-folding chaperone binding,binding,molecular_function,Hsp70 protein binding	Hsp70 protein binding			heat_shock_protein_binding
UniProtKB:Q8WW22	DnaJ homolog subfamily A member 4		GO:0030544		InterPro	NCBITaxon:9606	IEA	InterPro:IPR044713	PANTHER:PTHR43888	protein	UniProtKB:Q8WW22	GO_REF:0000002	20250429	DNAJA4	Homo sapiens	heat shock protein binding,protein binding,protein-folding chaperone binding,binding,molecular_function,Hsp70 protein binding	heat shock protein binding,protein binding,protein-folding chaperone binding,binding,molecular_function,Hsp70 protein binding	Hsp70 protein binding			heat_shock_protein_binding
UniProtKB:Q8WW22	DnaJ homolog subfamily A member 4		GO:0031072		InterPro	NCBITaxon:9606	IEA	InterPro:IPR001305	PANTHER:PTHR43888	protein	UniProtKB:Q8WW22	GO_REF:0000002	20250429	DNAJA4	Homo sapiens	heat shock protein binding,protein binding,binding,molecular_function	heat shock protein binding,protein binding,binding,molecular_function	heat shock protein binding			heat_shock_protein_binding
UniProtKB:Q16665	Hypoxia-inducible factor 1-alpha		GO:0051879		BHF-UCL	NCBITaxon:9606	IDA		PANTHER:PTHR23043	protein	UniProtKB:Q16665	PMID:9079689	20080522	HIF1A	Homo sapiens	heat shock protein binding,protein binding,Hsp90 protein binding,binding,molecular_function	heat shock protein binding,protein binding,Hsp90 protein binding,binding,molecular_function	Hsp90 protein binding			heat_shock_protein_binding
UniProtKB:P02652	Apolipoprotein A-II		GO:0031072		CAFA	NCBITaxon:9606	IPI	UniProtKB:P10809	PANTHER:PTHR11027	protein	UniProtKB:P02652	PMID:11027668	20160301	APOA2	Homo sapiens	heat shock protein binding,protein binding,binding,molecular_function	heat shock protein binding,protein binding,binding,molecular_function	heat shock protein binding			heat_shock_protein_binding
UniProtKB:P02647	Apolipoprotein A-I		GO:0031072		CAFA	NCBITaxon:9606	IPI	UniProtKB:P10809	PANTHER:PTHR18976	protein	UniProtKB:P02647	PMID:11027668	20160301	APOA1	Homo sapiens	heat shock protein binding,protein binding,binding,molecular_function	heat shock protein binding,protein binding,binding,molecular_function	heat shock protein binding			heat_shock_protein_binding
UniProtKB:Q6ZRF8	RING finger protein 207		GO:0030544		InterPro	NCBITaxon:9606	IEA	InterPro:IPR039320	PANTHER:PTHR22635	protein	UniProtKB:Q6ZRF8	GO_REF:0000002	20250429	RNF207	Homo sapiens	heat shock protein binding,protein binding,protein-folding chaperone binding,binding,molecular_function,Hsp70 protein binding	heat shock protein binding,protein binding,protein-folding chaperone binding,binding,molecular_function,Hsp70 protein binding	Hsp70 protein binding			heat_shock_protein_binding
UniProtKB:Q6ZRF8	RING finger protein 207		GO:0030544		BHF-UCL	NCBITaxon:9606	IPI	UniProtKB:P0DMV8	PANTHER:PTHR22635	protein	UniProtKB:Q6ZRF8	PMID:25281747	20150816	RNF207	Homo sapiens	heat shock protein binding,protein binding,protein-folding chaperone binding,binding,molecular_function,Hsp70 protein binding	heat shock protein binding,protein binding,protein-folding chaperone binding,binding,molecular_function,Hsp70 protein binding	Hsp70 protein binding			heat_shock_protein_binding
UniProtKB:Q6ZRF8	RING finger protein 207		GO:0030544		BHF-UCL	NCBITaxon:9606	IPI	UniProtKB:P0DMV9	PANTHER:PTHR22635	protein	UniProtKB:Q6ZRF8	PMID:25281747	20150816	RNF207	Homo sapiens	heat shock protein binding,protein binding,protein-folding chaperone binding,binding,molecular_function,Hsp70 protein binding	heat shock protein binding,protein binding,protein-folding chaperone binding,binding,molecular_function,Hsp70 protein binding	Hsp70 protein binding			heat_shock_protein_binding
UniProtKB:Q6ZRF8	RING finger protein 207		GO:0030544		GO_Central	NCBITaxon:9606	IBA	PANTHER:PTN000505164,UniProtKB:Q6ZRF8	PANTHER:PTHR22635	protein		GO_REF:0000033	20210604	RNF207	Homo sapiens	heat shock protein binding,protein binding,protein-folding chaperone binding,binding,molecular_function,Hsp70 protein binding	heat shock protein binding,protein binding,protein-folding chaperone binding,binding,molecular_function,Hsp70 protein binding	Hsp70 protein binding			heat_shock_protein_binding
UniProtKB:O60884	DnaJ homolog subfamily A member 2		GO:0030544		InterPro	NCBITaxon:9606	IEA	InterPro:IPR044713	PANTHER:PTHR43888	protein	UniProtKB:O60884	GO_REF:0000002	20250429	DNAJA2	Homo sapiens	heat shock protein binding,protein binding,protein-folding chaperone binding,binding,molecular_function,Hsp70 protein binding	heat shock protein binding,protein binding,protein-folding chaperone binding,binding,molecular_function,Hsp70 protein binding	Hsp70 protein binding			heat_shock_protein_binding
UniProtKB:O60884	DnaJ homolog subfamily A member 2		GO:0031072		InterPro	NCBITaxon:9606	IEA	InterPro:IPR001305	PANTHER:PTHR43888	protein	UniProtKB:O60884	GO_REF:0000002	20250429	DNAJA2	Homo sapiens	heat shock protein binding,protein binding,binding,molecular_function	heat shock protein binding,protein binding,binding,molecular_function	heat shock protein binding			heat_shock_protein_binding
UniProtKB:Q9BVA6	Protein adenylyltransferase FICD		GO:0030544		UniProt	NCBITaxon:9606	IEA	ARBA:ARBA00086949	PANTHER:PTHR13504	protein	UniProtKB:Q9BVA6	GO_REF:0000117	20250428	FICD	Homo sapiens	heat shock protein binding,protein binding,protein-folding chaperone binding,binding,molecular_function,Hsp70 protein binding	heat shock protein binding,protein binding,protein-folding chaperone binding,binding,molecular_function,Hsp70 protein binding	Hsp70 protein binding			heat_shock_protein_binding
UniProtKB:Q9BVA6	Protein adenylyltransferase FICD		GO:0030544		UniProt	NCBITaxon:9606	IPI	UniProtKB:P11021	PANTHER:PTHR13504	protein	UniProtKB:Q9BVA6	PMID:25601083	20180123	FICD	Homo sapiens	heat shock protein binding,protein binding,protein-folding chaperone binding,binding,molecular_function,Hsp70 protein binding	heat shock protein binding,protein binding,protein-folding chaperone binding,binding,molecular_function,Hsp70 protein binding	Hsp70 protein binding			heat_shock_protein_binding
UniProtKB:Q92574	Hamartin		GO:0030544		UniProt	NCBITaxon:9606	IDA		PANTHER:PTHR15154	protein	UniProtKB:Q92574	PMID:29127155	20180306	TSC1	Homo sapiens	heat shock protein binding,protein binding,protein-folding chaperone binding,binding,molecular_function,Hsp70 protein binding	heat shock protein binding,protein binding,protein-folding chaperone binding,binding,molecular_function,Hsp70 protein binding	Hsp70 protein binding			heat_shock_protein_binding
UniProtKB:Q92574	Hamartin		GO:0051879		UniProt	NCBITaxon:9606	IPI	UniProtKB:P07900	PANTHER:PTHR15154	protein	UniProtKB:Q92574	PMID:29127155	20180306	TSC1	Homo sapiens	heat shock protein binding,protein binding,Hsp90 protein binding,binding,molecular_function	heat shock protein binding,protein binding,Hsp90 protein binding,binding,molecular_function	Hsp90 protein binding			heat_shock_protein_binding
UniProtKB:Q92574	Hamartin		GO:0051879		UniProt	NCBITaxon:9606	IPI	UniProtKB:P07900,UniProtKB:P49815	PANTHER:PTHR15154	protein	UniProtKB:Q92574	PMID:29127155	20180306	TSC1	Homo sapiens	heat shock protein binding,protein binding,Hsp90 protein binding,binding,molecular_function	heat shock protein binding,protein binding,Hsp90 protein binding,binding,molecular_function	Hsp90 protein binding			heat_shock_protein_binding
UniProtKB:Q8TBM8	DnaJ homolog subfamily B member 14		GO:0030544		UniProt	NCBITaxon:9606	IPI	UniProtKB:P11142	PANTHER:PTHR43908	protein	UniProtKB:Q8TBM8	PMID:27916661	20170307	DNAJB14	Homo sapiens	heat shock protein binding,protein binding,protein-folding chaperone binding,binding,molecular_function,Hsp70 protein binding	heat shock protein binding,protein binding,protein-folding chaperone binding,binding,molecular_function,Hsp70 protein binding	Hsp70 protein binding			heat_shock_protein_binding
UniProtKB:Q8TBM8	DnaJ homolog subfamily B member 14		GO:0030544		GO_Central	NCBITaxon:9606	IBA	PANTHER:PTN001940805,UniProtKB:Q8TBM8,UniProtKB:Q9NXW2	PANTHER:PTHR43908	protein		GO_REF:0000033	20181004	DNAJB14	Homo sapiens	heat shock protein binding,protein binding,protein-folding chaperone binding,binding,molecular_function,Hsp70 protein binding	heat shock protein binding,protein binding,protein-folding chaperone binding,binding,molecular_function,Hsp70 protein binding	Hsp70 protein binding			heat_shock_protein_binding
UniProtKB:P46379	Large proline-rich protein BAG6		GO:0030544		Ensembl	NCBITaxon:9606	IEA	UniProtKB:Q9Z1R2,ensembl:ENSMUSP00000025250	PANTHER:PTHR15204	protein	UniProtKB:P46379	GO_REF:0000107	20250313	BAG6	Homo sapiens	heat shock protein binding,protein binding,protein-folding chaperone binding,binding,molecular_function,Hsp70 protein binding	heat shock protein binding,protein binding,protein-folding chaperone binding,binding,molecular_function,Hsp70 protein binding	Hsp70 protein binding			heat_shock_protein_binding
UniProtKB:Q9BY41	Histone deacetylase 8		GO:0030544		BHF-UCL	NCBITaxon:9606	IPI	UniProtKB:P0DMV8	PANTHER:PTHR10625	protein	UniProtKB:Q9BY41	PMID:16809764	20151117	HDAC8	Homo sapiens	heat shock protein binding,protein binding,protein-folding chaperone binding,binding,molecular_function,Hsp70 protein binding	heat shock protein binding,protein binding,protein-folding chaperone binding,binding,molecular_function,Hsp70 protein binding	Hsp70 protein binding			heat_shock_protein_binding
UniProtKB:Q9BY41	Histone deacetylase 8		GO:0030544		BHF-UCL	NCBITaxon:9606	IPI	UniProtKB:P0DMV9	PANTHER:PTHR10625	protein	UniProtKB:Q9BY41	PMID:16809764	20151117	HDAC8	Homo sapiens	heat shock protein binding,protein binding,protein-folding chaperone binding,binding,molecular_function,Hsp70 protein binding	heat shock protein binding,protein binding,protein-folding chaperone binding,binding,molecular_function,Hsp70 protein binding	Hsp70 protein binding			heat_shock_protein_binding
UniProtKB:Q9BY41	Histone deacetylase 8		GO:0051879		BHF-UCL	NCBITaxon:9606	IPI	UniProtKB:P07900	PANTHER:PTHR10625	protein	UniProtKB:Q9BY41	PMID:16809764	20151117	HDAC8	Homo sapiens	heat shock protein binding,protein binding,Hsp90 protein binding,binding,molecular_function	heat shock protein binding,protein binding,Hsp90 protein binding,binding,molecular_function	Hsp90 protein binding			heat_shock_protein_binding
UniProtKB:Q9BY41	Histone deacetylase 8		GO:0051879		BHF-UCL	NCBITaxon:9606	IPI	UniProtKB:P08238	PANTHER:PTHR10625	protein	UniProtKB:Q9BY41	PMID:16809764	20151117	HDAC8	Homo sapiens	heat shock protein binding,protein binding,Hsp90 protein binding,binding,molecular_function	heat shock protein binding,protein binding,Hsp90 protein binding,binding,molecular_function	Hsp90 protein binding			heat_shock_protein_binding
UniProtKB:P55011	Solute carrier family 12 member 2		GO:0051879		ARUK-UCL	NCBITaxon:9606	IPI	UniProtKB:P07900	PANTHER:PTHR11827	protein	UniProtKB:P55011	PMID:15347682	20200114	SLC12A2	Homo sapiens	heat shock protein binding,protein binding,Hsp90 protein binding,binding,molecular_function	heat shock protein binding,protein binding,Hsp90 protein binding,binding,molecular_function	Hsp90 protein binding			heat_shock_protein_binding
UniProtKB:P29692	Elongation factor 1-delta		GO:0031072		UniProt	NCBITaxon:9606	IPI	UniProtKB:Q00613	PANTHER:PTHR11595	protein	UniProtKB:P29692-2	PMID:21597468	20150121	EEF1D	Homo sapiens	heat shock protein binding,protein binding,binding,molecular_function	heat shock protein binding,protein binding,binding,molecular_function	heat shock protein binding			heat_shock_protein_binding
UniProtKB:P16150	Leukosialin		GO:0030544		CAFA	NCBITaxon:9606	IPI	UniProtKB:A0A0H3L5C8	PANTHER:PTHR35265	protein	UniProtKB:P16150	PMID:20633027	20160601	SPN	Homo sapiens	heat shock protein binding,protein binding,protein-folding chaperone binding,binding,molecular_function,Hsp70 protein binding	heat shock protein binding,protein binding,protein-folding chaperone binding,binding,molecular_function,Hsp70 protein binding	Hsp70 protein binding			heat_shock_protein_binding
UniProtKB:P16150	Leukosialin		GO:0031072		Ensembl	NCBITaxon:9606	IEA	UniProtKB:P15702,ensembl:ENSMUSP00000049534	PANTHER:PTHR35265	protein	UniProtKB:P16150	GO_REF:0000107	20250313	SPN	Homo sapiens	heat shock protein binding,protein binding,binding,molecular_function	heat shock protein binding,protein binding,binding,molecular_function	heat shock protein binding			heat_shock_protein_binding
UniProtKB:P16150	Leukosialin		GO:0031072		CAFA	NCBITaxon:9606	IPI	UniProtKB:A0A0H3LCC3	PANTHER:PTHR35265	protein	UniProtKB:P16150	PMID:20633027	20160601	SPN	Homo sapiens	heat shock protein binding,protein binding,binding,molecular_function	heat shock protein binding,protein binding,binding,molecular_function	heat shock protein binding			heat_shock_protein_binding
UniProtKB:P16150	Leukosialin		GO:0031072		GO_Central	NCBITaxon:9606	IBA	PANTHER:PTN002173915,MGI:MGI:98384,UniProtKB:P16150	PANTHER:PTHR35265	protein		GO_REF:0000033	20200702	SPN	Homo sapiens	heat shock protein binding,protein binding,binding,molecular_function	heat shock protein binding,protein binding,binding,molecular_function	heat shock protein binding			heat_shock_protein_binding
UniProtKB:Q92769	Histone deacetylase 2		GO:0031072		Ensembl	NCBITaxon:9606	IEA	UniProtKB:F7ENH8,ensembl:ENSRNOP00000000742	PANTHER:PTHR10625	protein	UniProtKB:Q92769	GO_REF:0000107	20250313	HDAC2	Homo sapiens	heat shock protein binding,protein binding,binding,molecular_function	heat shock protein binding,protein binding,binding,molecular_function	heat shock protein binding			heat_shock_protein_binding
UniProtKB:Q8IXQ9	Electron transfer flavoprotein beta subunit lysine methyltransferase		GO:0031072		UniProt	NCBITaxon:9606	IPI	UniProtKB:P10809	PANTHER:PTHR43648	protein	UniProtKB:Q8IXQ9	PMID:23349634	20170523	ETFBKMT	Homo sapiens	heat shock protein binding,protein binding,binding,molecular_function	heat shock protein binding,protein binding,binding,molecular_function	heat shock protein binding			heat_shock_protein_binding
UniProtKB:Q15185	Prostaglandin E synthase 3		GO:0051879		InterPro	NCBITaxon:9606	IEA	InterPro:IPR045250	PANTHER:PTHR22932	protein	UniProtKB:Q15185	GO_REF:0000002	20250429	PTGES3	Homo sapiens	heat shock protein binding,protein binding,Hsp90 protein binding,binding,molecular_function	heat shock protein binding,protein binding,Hsp90 protein binding,binding,molecular_function	Hsp90 protein binding			heat_shock_protein_binding
UniProtKB:Q15185	Prostaglandin E synthase 3		GO:0051879		CAFA	NCBITaxon:9606	IPI	UniProtKB:P08238	PANTHER:PTHR22932	protein	UniProtKB:Q15185	PMID:10543959	20170110	PTGES3	Homo sapiens	heat shock protein binding,protein binding,Hsp90 protein binding,binding,molecular_function	heat shock protein binding,protein binding,Hsp90 protein binding,binding,molecular_function	Hsp90 protein binding			heat_shock_protein_binding
UniProtKB:Q15185	Prostaglandin E synthase 3		GO:0051879		CAFA	NCBITaxon:9606	IPI	UniProtKB:P08238	PANTHER:PTHR22932	protein	UniProtKB:Q15185	PMID:10811660	20170110	PTGES3	Homo sapiens	heat shock protein binding,protein binding,Hsp90 protein binding,binding,molecular_function	heat shock protein binding,protein binding,Hsp90 protein binding,binding,molecular_function	Hsp90 protein binding			heat_shock_protein_binding
UniProtKB:Q15185	Prostaglandin E synthase 3		GO:0051879		BHF-UCL	NCBITaxon:9606	IPI	UniProtKB:P07900	PANTHER:PTHR22932	protein	UniProtKB:Q15185	PMID:19740745	20161212	PTGES3	Homo sapiens	heat shock protein binding,protein binding,Hsp90 protein binding,binding,molecular_function	heat shock protein binding,protein binding,Hsp90 protein binding,binding,molecular_function	Hsp90 protein binding			heat_shock_protein_binding
UniProtKB:Q15185	Prostaglandin E synthase 3		GO:0051879		GO_Central	NCBITaxon:9606	IBA	PANTHER:PTN000532593,TAIR:locus:504955859,RGD:1561913,TAIR:locus:2133269,UniProtKB:Q15185	PANTHER:PTHR22932	protein		GO_REF:0000033	20220924	PTGES3	Homo sapiens	heat shock protein binding,protein binding,Hsp90 protein binding,binding,molecular_function	heat shock protein binding,protein binding,Hsp90 protein binding,binding,molecular_function	Hsp90 protein binding			heat_shock_protein_binding
UniProtKB:P02786	Transferrin receptor protein 1		GO:0030544		Ensembl	NCBITaxon:9606	IEA	UniProtKB:Q99376,ensembl:ENSRNOP00000002407	PANTHER:PTHR10404	protein	UniProtKB:P02786	GO_REF:0000107	20250313	TFRC	Homo sapiens	heat shock protein binding,protein binding,protein-folding chaperone binding,binding,molecular_function,Hsp70 protein binding	heat shock protein binding,protein binding,protein-folding chaperone binding,binding,molecular_function,Hsp70 protein binding	Hsp70 protein binding			heat_shock_protein_binding
UniProtKB:Q9BUU2	Methyltransferase-like protein 22		GO:0031072		UniProt	NCBITaxon:9606	IPI	UniProtKB:P07900	PANTHER:PTHR23108	protein	UniProtKB:Q9BUU2	PMID:23349634	20170523	METTL22	Homo sapiens	heat shock protein binding,protein binding,binding,molecular_function	heat shock protein binding,protein binding,binding,molecular_function	heat shock protein binding			heat_shock_protein_binding
UniProtKB:Q9BUU2	Methyltransferase-like protein 22		GO:0031072		UniProt	NCBITaxon:9606	IPI	UniProtKB:P08238	PANTHER:PTHR23108	protein	UniProtKB:Q9BUU2	PMID:23349634	20170523	METTL22	Homo sapiens	heat shock protein binding,protein binding,binding,molecular_function	heat shock protein binding,protein binding,binding,molecular_function	heat shock protein binding			heat_shock_protein_binding
UniProtKB:Q9BUU2	Methyltransferase-like protein 22		GO:0031072		UniProt	NCBITaxon:9606	IPI	UniProtKB:P0DMV8	PANTHER:PTHR23108	protein	UniProtKB:Q9BUU2	PMID:23349634	20170523	METTL22	Homo sapiens	heat shock protein binding,protein binding,binding,molecular_function	heat shock protein binding,protein binding,binding,molecular_function	heat shock protein binding			heat_shock_protein_binding
UniProtKB:Q9BUU2	Methyltransferase-like protein 22		GO:0031072		UniProt	NCBITaxon:9606	IPI	UniProtKB:P0DMV9	PANTHER:PTHR23108	protein	UniProtKB:Q9BUU2	PMID:23349634	20170523	METTL22	Homo sapiens	heat shock protein binding,protein binding,binding,molecular_function	heat shock protein binding,protein binding,binding,molecular_function	heat shock protein binding			heat_shock_protein_binding
UniProtKB:Q15139	Serine/threonine-protein kinase D1		GO:0031072		Ensembl	NCBITaxon:9606	IEA	UniProtKB:Q9WTQ1,ensembl:ENSRNOP00000063159	PANTHER:PTHR22968	protein	UniProtKB:Q15139	GO_REF:0000107	20250313	PRKD1	Homo sapiens	heat shock protein binding,protein binding,binding,molecular_function	heat shock protein binding,protein binding,binding,molecular_function	heat shock protein binding			heat_shock_protein_binding
UniProtKB:Q8IXB1	DnaJ homolog subfamily C member 10		GO:0030544		UniProt	NCBITaxon:9606	IPI	UniProtKB:P11021	PANTHER:PTHR44340	protein	UniProtKB:Q8IXB1	PMID:23769672	20130716	DNAJC10	Homo sapiens	heat shock protein binding,protein binding,protein-folding chaperone binding,binding,molecular_function,Hsp70 protein binding	heat shock protein binding,protein binding,protein-folding chaperone binding,binding,molecular_function,Hsp70 protein binding	Hsp70 protein binding			heat_shock_protein_binding
UniProtKB:Q8IWX7	Protein unc-45 homolog B		GO:0051879		Ensembl	NCBITaxon:9606	IEA	UniProtKB:Q8CGY6,ensembl:ENSMUSP00000103795	PANTHER:PTHR45994	protein	UniProtKB:Q8IWX7	GO_REF:0000107	20250313	UNC45B	Homo sapiens	heat shock protein binding,protein binding,Hsp90 protein binding,binding,molecular_function	heat shock protein binding,protein binding,Hsp90 protein binding,binding,molecular_function	Hsp90 protein binding			heat_shock_protein_binding
UniProtKB:Q8IWX7	Protein unc-45 homolog B		GO:0051879		GO_Central	NCBITaxon:9606	IBA	PANTHER:PTN002339981,MGI:MGI:2142246,MGI:MGI:2443377	PANTHER:PTHR45994	protein		GO_REF:0000033	20220323	UNC45B	Homo sapiens	heat shock protein binding,protein binding,Hsp90 protein binding,binding,molecular_function	heat shock protein binding,protein binding,Hsp90 protein binding,binding,molecular_function	Hsp90 protein binding			heat_shock_protein_binding
UniProtKB:Q9H819	DnaJ homolog subfamily C member 18		GO:0030544		GO_Central	NCBITaxon:9606	IBA	PANTHER:PTN001940805,UniProtKB:Q8TBM8,UniProtKB:Q9NXW2	PANTHER:PTHR43908	protein		GO_REF:0000033	20181004	DNAJC18	Homo sapiens	heat shock protein binding,protein binding,protein-folding chaperone binding,binding,molecular_function,Hsp70 protein binding	heat shock protein binding,protein binding,protein-folding chaperone binding,binding,molecular_function,Hsp70 protein binding	Hsp70 protein binding			heat_shock_protein_binding
UniProtKB:O60260	E3 ubiquitin-protein ligase parkin		GO:0030544		ParkinsonsUK-UCL	NCBITaxon:9606	IPI	UniProtKB:P11142	PANTHER:PTHR11685	protein	UniProtKB:O60260	PMID:12150907	20140813	PRKN	Homo sapiens	heat shock protein binding,protein binding,protein-folding chaperone binding,binding,molecular_function,Hsp70 protein binding	heat shock protein binding,protein binding,protein-folding chaperone binding,binding,molecular_function,Hsp70 protein binding	Hsp70 protein binding			heat_shock_protein_binding
UniProtKB:O60260	E3 ubiquitin-protein ligase parkin		GO:0030544		ParkinsonsUK-UCL	NCBITaxon:9606	IPI	UniProtKB:P38646	PANTHER:PTHR11685	protein	UniProtKB:O60260	PMID:21753002	20141028	PRKN	Homo sapiens	heat shock protein binding,protein binding,protein-folding chaperone binding,binding,molecular_function,Hsp70 protein binding	heat shock protein binding,protein binding,protein-folding chaperone binding,binding,molecular_function,Hsp70 protein binding	Hsp70 protein binding			heat_shock_protein_binding
UniProtKB:O60260	E3 ubiquitin-protein ligase parkin		GO:0031072		ParkinsonsUK-UCL	NCBITaxon:9606	IPI	UniProtKB:P31689	PANTHER:PTHR11685	protein	UniProtKB:O60260	PMID:12150907	20140813	PRKN	Homo sapiens	heat shock protein binding,protein binding,binding,molecular_function	heat shock protein binding,protein binding,binding,molecular_function	heat shock protein binding			heat_shock_protein_binding
UniProtKB:Q8WXX5	DnaJ homolog subfamily C member 9		GO:0031072		UniProt	NCBITaxon:9606	IPI	UniProtKB:P0DMV8	PANTHER:PTHR44144	protein	UniProtKB:Q8WXX5	PMID:17182002	20150731	DNAJC9	Homo sapiens	heat shock protein binding,protein binding,binding,molecular_function	heat shock protein binding,protein binding,binding,molecular_function	heat shock protein binding			heat_shock_protein_binding
UniProtKB:Q8WXX5	DnaJ homolog subfamily C member 9		GO:0031072		UniProt	NCBITaxon:9606	IPI	UniProtKB:P0DMV9	PANTHER:PTHR44144	protein	UniProtKB:Q8WXX5	PMID:17182002	20150731	DNAJC9	Homo sapiens	heat shock protein binding,protein binding,binding,molecular_function	heat shock protein binding,protein binding,binding,molecular_function	heat shock protein binding			heat_shock_protein_binding
UniProtKB:Q8WXX5	DnaJ homolog subfamily C member 9		GO:0031072		UniProt	NCBITaxon:9606	IPI	UniProtKB:P11142	PANTHER:PTHR44144	protein	UniProtKB:Q8WXX5	PMID:17182002	20150731	DNAJC9	Homo sapiens	heat shock protein binding,protein binding,binding,molecular_function	heat shock protein binding,protein binding,binding,molecular_function	heat shock protein binding			heat_shock_protein_binding
UniProtKB:Q8WXX5	DnaJ homolog subfamily C member 9		GO:0031072		UniProt	NCBITaxon:9606	IPI	UniProtKB:P34931	PANTHER:PTHR44144	protein	UniProtKB:Q8WXX5	PMID:17182002	20150731	DNAJC9	Homo sapiens	heat shock protein binding,protein binding,binding,molecular_function	heat shock protein binding,protein binding,binding,molecular_function	heat shock protein binding			heat_shock_protein_binding
UniProtKB:Q8WXX5	DnaJ homolog subfamily C member 9		GO:0031072		GO_Central	NCBITaxon:9606	IBA	PANTHER:PTN001940217,UniProtKB:Q8WXX5	PANTHER:PTHR44144	protein		GO_REF:0000033	20180209	DNAJC9	Homo sapiens	heat shock protein binding,protein binding,binding,molecular_function	heat shock protein binding,protein binding,binding,molecular_function	heat shock protein binding			heat_shock_protein_binding
UniProtKB:P53667	LIM domain kinase 1		GO:0031072		BHF-UCL	NCBITaxon:9606	IDA		PANTHER:PTHR46485	protein	UniProtKB:P53667	PMID:17512523	20091216	LIMK1	Homo sapiens	heat shock protein binding,protein binding,binding,molecular_function	heat shock protein binding,protein binding,binding,molecular_function	heat shock protein binding			heat_shock_protein_binding
UniProtKB:P53602	Diphosphomevalonate decarboxylase		GO:0030544		UniProt	NCBITaxon:9606	IPI	UniProtKB:P38647	PANTHER:PTHR10977	protein	UniProtKB:P53602	PMID:12646231	20090707	MVD	Homo sapiens	heat shock protein binding,protein binding,protein-folding chaperone binding,binding,molecular_function,Hsp70 protein binding	heat shock protein binding,protein binding,protein-folding chaperone binding,binding,molecular_function,Hsp70 protein binding	Hsp70 protein binding			heat_shock_protein_binding
UniProtKB:P34931	Heat shock 70 kDa protein 1-like		GO:0031072		UniProt	NCBITaxon:9606	IEA	ARBA:ARBA00084805	PANTHER:PTHR19375	protein	UniProtKB:P34931	GO_REF:0000117	20250428	HSPA1L	Homo sapiens	heat shock protein binding,protein binding,binding,molecular_function	heat shock protein binding,protein binding,binding,molecular_function	heat shock protein binding			heat_shock_protein_binding
UniProtKB:P34931	Heat shock 70 kDa protein 1-like		GO:0031072		UniProt	NCBITaxon:9606	IPI	UniProtKB:Q8WXX5	PANTHER:PTHR19375	protein	UniProtKB:P34931	PMID:17182002	20150731	HSPA1L	Homo sapiens	heat shock protein binding,protein binding,binding,molecular_function	heat shock protein binding,protein binding,binding,molecular_function	heat shock protein binding			heat_shock_protein_binding
UniProtKB:P34931	Heat shock 70 kDa protein 1-like		GO:0031072		GO_Central	NCBITaxon:9606	IBA	PANTHER:PTN000452648,UniProtKB:Q8IB24,RGD:1311806,UniProtKB:P0DMV8,UniProtKB:P17066,UniProtKB:P11142,UniProtKB:K7NTP5,UniProtKB:P0DMV9,UniProtKB:P34931	PANTHER:PTHR19375	protein		GO_REF:0000033	20230603	HSPA1L	Homo sapiens	heat shock protein binding,protein binding,binding,molecular_function	heat shock protein binding,protein binding,binding,molecular_function	heat shock protein binding			heat_shock_protein_binding
UniProtKB:Q13451	Peptidyl-prolyl cis-trans isomerase FKBP5		GO:0031072		UniProt	NCBITaxon:9606	IEA	ARBA:ARBA00084805	PANTHER:PTHR10516	protein	UniProtKB:Q13451	GO_REF:0000117	20250428	FKBP5	Homo sapiens	heat shock protein binding,protein binding,binding,molecular_function	heat shock protein binding,protein binding,binding,molecular_function	heat shock protein binding			heat_shock_protein_binding
UniProtKB:Q13451	Peptidyl-prolyl cis-trans isomerase FKBP5		GO:0031072		UniProt	NCBITaxon:9606	IPI	UniProtKB:P07900	PANTHER:PTHR10516	protein	UniProtKB:Q13451	PMID:9660753	20090511	FKBP5	Homo sapiens	heat shock protein binding,protein binding,binding,molecular_function	heat shock protein binding,protein binding,binding,molecular_function	heat shock protein binding			heat_shock_protein_binding
UniProtKB:P04150	Glucocorticoid receptor		GO:0051879		UniProt	NCBITaxon:9606	IPI	UniProtKB:Q18688	PANTHER:PTHR48092	protein	UniProtKB:P04150	PMID:26593036	20170317	NR3C1	Homo sapiens	heat shock protein binding,protein binding,Hsp90 protein binding,binding,molecular_function	heat shock protein binding,protein binding,Hsp90 protein binding,binding,molecular_function	Hsp90 protein binding			heat_shock_protein_binding
UniProtKB:Q9NXW2	DnaJ homolog subfamily B member 12		GO:0030544		UniProt	NCBITaxon:9606	IPI	UniProtKB:P11142	PANTHER:PTHR43908	protein	UniProtKB:Q9NXW2	PMID:21148293	20170307	DNAJB12	Homo sapiens	heat shock protein binding,protein binding,protein-folding chaperone binding,binding,molecular_function,Hsp70 protein binding	heat shock protein binding,protein binding,protein-folding chaperone binding,binding,molecular_function,Hsp70 protein binding	Hsp70 protein binding			heat_shock_protein_binding
UniProtKB:Q9NXW2	DnaJ homolog subfamily B member 12		GO:0030544		UniProt	NCBITaxon:9606	IPI	UniProtKB:P11142	PANTHER:PTHR43908	protein	UniProtKB:Q9NXW2	PMID:21150129	20170307	DNAJB12	Homo sapiens	heat shock protein binding,protein binding,protein-folding chaperone binding,binding,molecular_function,Hsp70 protein binding	heat shock protein binding,protein binding,protein-folding chaperone binding,binding,molecular_function,Hsp70 protein binding	Hsp70 protein binding			heat_shock_protein_binding
UniProtKB:Q9NXW2	DnaJ homolog subfamily B member 12		GO:0030544		UniProt	NCBITaxon:9606	IPI	UniProtKB:P11142	PANTHER:PTHR43908	protein	UniProtKB:Q9NXW2	PMID:27916661	20170307	DNAJB12	Homo sapiens	heat shock protein binding,protein binding,protein-folding chaperone binding,binding,molecular_function,Hsp70 protein binding	heat shock protein binding,protein binding,protein-folding chaperone binding,binding,molecular_function,Hsp70 protein binding	Hsp70 protein binding			heat_shock_protein_binding
UniProtKB:Q9NXW2	DnaJ homolog subfamily B member 12		GO:0030544		GO_Central	NCBITaxon:9606	IBA	PANTHER:PTN001940805,UniProtKB:Q8TBM8,UniProtKB:Q9NXW2	PANTHER:PTHR43908	protein		GO_REF:0000033	20181004	DNAJB12	Homo sapiens	heat shock protein binding,protein binding,protein-folding chaperone binding,binding,molecular_function,Hsp70 protein binding	heat shock protein binding,protein binding,protein-folding chaperone binding,binding,molecular_function,Hsp70 protein binding	Hsp70 protein binding			heat_shock_protein_binding
UniProtKB:Q7Z6W7	DnaJ homolog subfamily B member 7		GO:0030544		InterPro	NCBITaxon:9606	IEA	InterPro:IPR043183	PANTHER:PTHR43948	protein	UniProtKB:Q7Z6W7	GO_REF:0000002	20250429	DNAJB7	Homo sapiens	heat shock protein binding,protein binding,protein-folding chaperone binding,binding,molecular_function,Hsp70 protein binding	heat shock protein binding,protein binding,protein-folding chaperone binding,binding,molecular_function,Hsp70 protein binding	Hsp70 protein binding			heat_shock_protein_binding
UniProtKB:E9PB15	Putative protein PTGES3L		GO:0051879		InterPro	NCBITaxon:9606	IEA	InterPro:IPR045250	PANTHER:PTHR22932	protein	UniProtKB:E9PB15	GO_REF:0000002	20250429	PTGES3L	Homo sapiens	heat shock protein binding,protein binding,Hsp90 protein binding,binding,molecular_function	heat shock protein binding,protein binding,Hsp90 protein binding,binding,molecular_function	Hsp90 protein binding			heat_shock_protein_binding
UniProtKB:E9PB15	Putative protein PTGES3L		GO:0051879		GO_Central	NCBITaxon:9606	IBA	PANTHER:PTN000532593,TAIR:locus:504955859,RGD:1561913,TAIR:locus:2133269,UniProtKB:Q15185	PANTHER:PTHR22932	protein		GO_REF:0000033	20220924	PTGES3L	Homo sapiens	heat shock protein binding,protein binding,Hsp90 protein binding,binding,molecular_function	heat shock protein binding,protein binding,Hsp90 protein binding,binding,molecular_function	Hsp90 protein binding			heat_shock_protein_binding
UniProtKB:Q96M98	Parkin coregulated gene protein		GO:0030544		ParkinsonsUK-UCL	NCBITaxon:9606	IDA		PANTHER:PTHR21207	protein	UniProtKB:Q96M98	PMID:14532270	20150622	PACRG	Homo sapiens	heat shock protein binding,protein binding,protein-folding chaperone binding,binding,molecular_function,Hsp70 protein binding	heat shock protein binding,protein binding,protein-folding chaperone binding,binding,molecular_function,Hsp70 protein binding	Hsp70 protein binding			heat_shock_protein_binding
UniProtKB:Q96M98	Parkin coregulated gene protein		GO:0031072		ParkinsonsUK-UCL	NCBITaxon:9606	IPI	UniProtKB:P11142	PANTHER:PTHR21207	protein	UniProtKB:Q96M98	PMID:14532270	20140918	PACRG	Homo sapiens	heat shock protein binding,protein binding,binding,molecular_function	heat shock protein binding,protein binding,binding,molecular_function	heat shock protein binding			heat_shock_protein_binding
UniProtKB:Q96M98	Parkin coregulated gene protein		GO:0051879		ParkinsonsUK-UCL	NCBITaxon:9606	IDA		PANTHER:PTHR21207	protein	UniProtKB:Q96M98	PMID:14532270	20140918	PACRG	Homo sapiens	heat shock protein binding,protein binding,Hsp90 protein binding,binding,molecular_function	heat shock protein binding,protein binding,Hsp90 protein binding,binding,molecular_function	Hsp90 protein binding			heat_shock_protein_binding
UniProtKB:Q96M98	Parkin coregulated gene protein		GO:0051879		GO_Central	NCBITaxon:9606	IBA	PANTHER:PTN000476437,UniProtKB:Q96M98	PANTHER:PTHR21207	protein		GO_REF:0000033	20170502	PACRG	Homo sapiens	heat shock protein binding,protein binding,Hsp90 protein binding,binding,molecular_function	heat shock protein binding,protein binding,Hsp90 protein binding,binding,molecular_function	Hsp90 protein binding			heat_shock_protein_binding
UniProtKB:Q96M98	Parkin coregulated gene protein		GO:0030544		GO_Central	NCBITaxon:9606	IBA	PANTHER:PTN000476437,UniProtKB:Q96M98	PANTHER:PTHR21207	protein		GO_REF:0000033	20170502	PACRG	Homo sapiens	heat shock protein binding,protein binding,protein-folding chaperone binding,binding,molecular_function,Hsp70 protein binding	heat shock protein binding,protein binding,protein-folding chaperone binding,binding,molecular_function,Hsp70 protein binding	Hsp70 protein binding			heat_shock_protein_binding
UniProtKB:O75937	DnaJ homolog subfamily C member 8		GO:0030544		UniProt	NCBITaxon:9606	IPI	UniProtKB:P0DMV8,UniProtKB:P0DMV9	PANTHER:PTHR15606	protein	UniProtKB:O75937	PMID:27133716	20170710	DNAJC8	Homo sapiens	heat shock protein binding,protein binding,protein-folding chaperone binding,binding,molecular_function,Hsp70 protein binding	heat shock protein binding,protein binding,protein-folding chaperone binding,binding,molecular_function,Hsp70 protein binding	Hsp70 protein binding			heat_shock_protein_binding
UniProtKB:O14727	Apoptotic protease-activating factor 1		GO:0031072		Ensembl	NCBITaxon:9606	IEA	UniProtKB:Q9EPV5,ensembl:ENSRNOP00000010869	PANTHER:PTHR22845	protein	UniProtKB:O14727	GO_REF:0000107	20250313	APAF1	Homo sapiens	heat shock protein binding,protein binding,binding,molecular_function	heat shock protein binding,protein binding,binding,molecular_function	heat shock protein binding			heat_shock_protein_binding
UniProtKB:P54652	Heat shock-related 70 kDa protein 2		GO:0031072		GO_Central	NCBITaxon:9606	IBA	PANTHER:PTN000452648,UniProtKB:Q8IB24,RGD:1311806,UniProtKB:P0DMV8,UniProtKB:P17066,UniProtKB:P11142,UniProtKB:K7NTP5,UniProtKB:P0DMV9,UniProtKB:P34931	PANTHER:PTHR19375	protein		GO_REF:0000033	20230603	HSPA2	Homo sapiens	heat shock protein binding,protein binding,binding,molecular_function	heat shock protein binding,protein binding,binding,molecular_function	heat shock protein binding			heat_shock_protein_binding
UniProtKB:Q9UNE7	E3 ubiquitin-protein ligase CHIP		GO:0030544		HGNC-UCL	NCBITaxon:9606	IDA		PANTHER:PTHR46803	protein	UniProtKB:Q9UNE7	PMID:10330192	20070418	STUB1	Homo sapiens	heat shock protein binding,protein binding,protein-folding chaperone binding,binding,molecular_function,Hsp70 protein binding	heat shock protein binding,protein binding,protein-folding chaperone binding,binding,molecular_function,Hsp70 protein binding	Hsp70 protein binding			heat_shock_protein_binding
UniProtKB:Q9UNE7	E3 ubiquitin-protein ligase CHIP		GO:0030544		ParkinsonsUK-UCL	NCBITaxon:9606	IDA		PANTHER:PTHR46803	protein	UniProtKB:Q9UNE7	PMID:23990462	20150526	STUB1	Homo sapiens	heat shock protein binding,protein binding,protein-folding chaperone binding,binding,molecular_function,Hsp70 protein binding	heat shock protein binding,protein binding,protein-folding chaperone binding,binding,molecular_function,Hsp70 protein binding	Hsp70 protein binding			heat_shock_protein_binding
UniProtKB:Q9UNE7	E3 ubiquitin-protein ligase CHIP		GO:0030544		UniProt	NCBITaxon:9606	IPI	UniProtKB:P0DMV8	PANTHER:PTHR46803	protein	UniProtKB:Q9UNE7	PMID:24613385	20161013	STUB1	Homo sapiens	heat shock protein binding,protein binding,protein-folding chaperone binding,binding,molecular_function,Hsp70 protein binding	heat shock protein binding,protein binding,protein-folding chaperone binding,binding,molecular_function,Hsp70 protein binding	Hsp70 protein binding			heat_shock_protein_binding
UniProtKB:Q9UNE7	E3 ubiquitin-protein ligase CHIP		GO:0031072		ARUK-UCL	NCBITaxon:9606	IPI	UniProtKB:P07900	PANTHER:PTHR46803	protein	UniProtKB:Q9UNE7	PMID:16207813	20180305	STUB1	Homo sapiens	heat shock protein binding,protein binding,binding,molecular_function	heat shock protein binding,protein binding,binding,molecular_function	heat shock protein binding			heat_shock_protein_binding
UniProtKB:Q9UNE7	E3 ubiquitin-protein ligase CHIP		GO:0031072		ARUK-UCL	NCBITaxon:9606	IPI	UniProtKB:P08238	PANTHER:PTHR46803	protein	UniProtKB:Q9UNE7	PMID:16207813	20180305	STUB1	Homo sapiens	heat shock protein binding,protein binding,binding,molecular_function	heat shock protein binding,protein binding,binding,molecular_function	heat shock protein binding			heat_shock_protein_binding
UniProtKB:Q9UNE7	E3 ubiquitin-protein ligase CHIP		GO:0031072		ARUK-UCL	NCBITaxon:9606	IPI	UniProtKB:Q9NZL4	PANTHER:PTHR46803	protein	UniProtKB:Q9UNE7	PMID:16207813	20180305	STUB1	Homo sapiens	heat shock protein binding,protein binding,binding,molecular_function	heat shock protein binding,protein binding,binding,molecular_function	heat shock protein binding			heat_shock_protein_binding
UniProtKB:Q9UNE7	E3 ubiquitin-protein ligase CHIP		GO:0051879		HGNC-UCL	NCBITaxon:9606	IDA		PANTHER:PTHR46803	protein	UniProtKB:Q9UNE7	PMID:11146632	20070418	STUB1	Homo sapiens	heat shock protein binding,protein binding,Hsp90 protein binding,binding,molecular_function	heat shock protein binding,protein binding,Hsp90 protein binding,binding,molecular_function	Hsp90 protein binding			heat_shock_protein_binding
UniProtKB:Q9UNE7	E3 ubiquitin-protein ligase CHIP		GO:0051879		BHF-UCL	NCBITaxon:9606	IDA		PANTHER:PTHR46803	protein	UniProtKB:Q9UNE7	PMID:11146632	20090803	STUB1	Homo sapiens	heat shock protein binding,protein binding,Hsp90 protein binding,binding,molecular_function	heat shock protein binding,protein binding,Hsp90 protein binding,binding,molecular_function	Hsp90 protein binding			heat_shock_protein_binding
UniProtKB:Q9NUL3	Double-stranded RNA-binding protein Staufen homolog 2		GO:0030544		Ensembl	NCBITaxon:9606	IEA	UniProtKB:Q68SB1,ensembl:ENSRNOP00000087673	PANTHER:PTHR46054	protein	UniProtKB:Q9NUL3	GO_REF:0000107	20250313	STAU2	Homo sapiens	heat shock protein binding,protein binding,protein-folding chaperone binding,binding,molecular_function,Hsp70 protein binding	heat shock protein binding,protein binding,protein-folding chaperone binding,binding,molecular_function,Hsp70 protein binding	Hsp70 protein binding			heat_shock_protein_binding
UniProtKB:P11021	Endoplasmic reticulum chaperone BiP		GO:0031072		GO_Central	NCBITaxon:9606	IBA	PANTHER:PTN000452648,UniProtKB:Q8IB24,RGD:1311806,UniProtKB:P0DMV8,UniProtKB:P17066,UniProtKB:P11142,UniProtKB:K7NTP5,UniProtKB:P0DMV9,UniProtKB:P34931	PANTHER:PTHR19375	protein		GO_REF:0000033	20230603	HSPA5	Homo sapiens	heat shock protein binding,protein binding,binding,molecular_function	heat shock protein binding,protein binding,binding,molecular_function	heat shock protein binding			heat_shock_protein_binding
UniProtKB:Q9NZJ5	Eukaryotic translation initiation factor 2-alpha kinase 3		GO:0051879		Ensembl	NCBITaxon:9606	IEA	UniProtKB:Q9Z1Z1,ensembl:ENSRNOP00000008451	PANTHER:PTHR11042	protein	UniProtKB:Q9NZJ5	GO_REF:0000107	20250313	EIF2AK3	Homo sapiens	heat shock protein binding,protein binding,Hsp90 protein binding,binding,molecular_function	heat shock protein binding,protein binding,Hsp90 protein binding,binding,molecular_function	Hsp90 protein binding			heat_shock_protein_binding
UniProtKB:Q9NZJ4	Sacsin		GO:0030544		BHF-UCL	NCBITaxon:9606	IPI	UniProtKB:A1A766	PANTHER:PTHR15600	protein	UniProtKB:Q9NZJ4	PMID:19208651	20091209	SACS	Homo sapiens	heat shock protein binding,protein binding,protein-folding chaperone binding,binding,molecular_function,Hsp70 protein binding	heat shock protein binding,protein binding,protein-folding chaperone binding,binding,molecular_function,Hsp70 protein binding	Hsp70 protein binding			heat_shock_protein_binding
UniProtKB:Q9NZJ4	Sacsin		GO:0030544		GO_Central	NCBITaxon:9606	IBA	PANTHER:PTN000400890,UniProtKB:Q9NZJ4	PANTHER:PTHR15600	protein		GO_REF:0000033	20190726	SACS	Homo sapiens	heat shock protein binding,protein binding,protein-folding chaperone binding,binding,molecular_function,Hsp70 protein binding	heat shock protein binding,protein binding,protein-folding chaperone binding,binding,molecular_function,Hsp70 protein binding	Hsp70 protein binding			heat_shock_protein_binding
UniProtKB:Q9Y692	Glucocorticoid modulatory element-binding protein 1		GO:0051008		ARUK-UCL	NCBITaxon:9606	IPI	UniProtKB:P04792	PANTHER:PTHR10417	protein	UniProtKB:Q9Y692	PMID:10386584	20200520	GMEB1	Homo sapiens	heat shock protein binding,protein binding,Hsp27 protein binding,binding,molecular_function	heat shock protein binding,protein binding,Hsp27 protein binding,binding,molecular_function	Hsp27 protein binding			heat_shock_protein_binding
UniProtKB:Q9Y2M2	Protein SSUH2 homolog		GO:0031072		InterPro	NCBITaxon:9606	IEA	InterPro:IPR001305	PANTHER:PTHR48465	protein	UniProtKB:Q9Y2M2	GO_REF:0000002	20250429	SSUH2	Homo sapiens	heat shock protein binding,protein binding,binding,molecular_function	heat shock protein binding,protein binding,binding,molecular_function	heat shock protein binding			heat_shock_protein_binding
UniProtKB:Q96AZ1	EEF1A lysine methyltransferase 3		GO:0031072		UniProt	NCBITaxon:9606	IPI	UniProtKB:P07900	PANTHER:PTHR14614	protein	UniProtKB:Q96AZ1	PMID:23349634	20170523	EEF1AKMT3	Homo sapiens	heat shock protein binding,protein binding,binding,molecular_function	heat shock protein binding,protein binding,binding,molecular_function	heat shock protein binding			heat_shock_protein_binding
UniProtKB:Q96AZ1	EEF1A lysine methyltransferase 3		GO:0031072		UniProt	NCBITaxon:9606	IPI	UniProtKB:P08238	PANTHER:PTHR14614	protein	UniProtKB:Q96AZ1	PMID:23349634	20170523	EEF1AKMT3	Homo sapiens	heat shock protein binding,protein binding,binding,molecular_function	heat shock protein binding,protein binding,binding,molecular_function	heat shock protein binding			heat_shock_protein_binding
UniProtKB:Q96AZ1	EEF1A lysine methyltransferase 3		GO:0031072		UniProt	NCBITaxon:9606	IPI	UniProtKB:P0DMV8	PANTHER:PTHR14614	protein	UniProtKB:Q96AZ1	PMID:23349634	20170523	EEF1AKMT3	Homo sapiens	heat shock protein binding,protein binding,binding,molecular_function	heat shock protein binding,protein binding,binding,molecular_function	heat shock protein binding			heat_shock_protein_binding
UniProtKB:Q96AZ1	EEF1A lysine methyltransferase 3		GO:0031072		UniProt	NCBITaxon:9606	IPI	UniProtKB:P0DMV9	PANTHER:PTHR14614	protein	UniProtKB:Q96AZ1	PMID:23349634	20170523	EEF1AKMT3	Homo sapiens	heat shock protein binding,protein binding,binding,molecular_function	heat shock protein binding,protein binding,binding,molecular_function	heat shock protein binding			heat_shock_protein_binding
UniProtKB:O75344	Inactive peptidyl-prolyl cis-trans isomerase FKBP6		GO:0051879		UniProt	NCBITaxon:9606	ISS	UniProtKB:Q91XW8	PANTHER:PTHR46674	protein	UniProtKB:O75344	GO_REF:0000024	20140307	FKBP6	Homo sapiens	heat shock protein binding,protein binding,Hsp90 protein binding,binding,molecular_function	heat shock protein binding,protein binding,Hsp90 protein binding,binding,molecular_function	Hsp90 protein binding			heat_shock_protein_binding
UniProtKB:O75344	Inactive peptidyl-prolyl cis-trans isomerase FKBP6		GO:0051879		Ensembl	NCBITaxon:9606	IEA	UniProtKB:Q91XW8,ensembl:ENSMUSP00000144381	PANTHER:PTHR46674	protein	UniProtKB:O75344	GO_REF:0000107	20250313	FKBP6	Homo sapiens	heat shock protein binding,protein binding,Hsp90 protein binding,binding,molecular_function	heat shock protein binding,protein binding,Hsp90 protein binding,binding,molecular_function	Hsp90 protein binding			heat_shock_protein_binding
UniProtKB:O75344	Inactive peptidyl-prolyl cis-trans isomerase FKBP6		GO:0051879		GO_Central	NCBITaxon:9606	IBA	PANTHER:PTN000828519,MGI:MGI:2137612	PANTHER:PTHR46674	protein		GO_REF:0000033	20220330	FKBP6	Homo sapiens	heat shock protein binding,protein binding,Hsp90 protein binding,binding,molecular_function	heat shock protein binding,protein binding,Hsp90 protein binding,binding,molecular_function	Hsp90 protein binding			heat_shock_protein_binding
UniProtKB:P17066	Heat shock 70 kDa protein 6		GO:0031072		UniProt	NCBITaxon:9606	IPI	UniProtKB:O60884	PANTHER:PTHR19375	protein	UniProtKB:P17066	PMID:21231916	20140404	HSPA6	Homo sapiens	heat shock protein binding,protein binding,binding,molecular_function	heat shock protein binding,protein binding,binding,molecular_function	heat shock protein binding			heat_shock_protein_binding
UniProtKB:P17066	Heat shock 70 kDa protein 6		GO:0031072		UniProt	NCBITaxon:9606	IPI	UniProtKB:O75190	PANTHER:PTHR19375	protein	UniProtKB:P17066	PMID:21231916	20140404	HSPA6	Homo sapiens	heat shock protein binding,protein binding,binding,molecular_function	heat shock protein binding,protein binding,binding,molecular_function	heat shock protein binding			heat_shock_protein_binding
UniProtKB:P17066	Heat shock 70 kDa protein 6		GO:0031072		UniProt	NCBITaxon:9606	IPI	UniProtKB:O75953	PANTHER:PTHR19375	protein	UniProtKB:P17066	PMID:21231916	20140404	HSPA6	Homo sapiens	heat shock protein binding,protein binding,binding,molecular_function	heat shock protein binding,protein binding,binding,molecular_function	heat shock protein binding			heat_shock_protein_binding
UniProtKB:P17066	Heat shock 70 kDa protein 6		GO:0031072		UniProt	NCBITaxon:9606	IPI	UniProtKB:P25685	PANTHER:PTHR19375	protein	UniProtKB:P17066	PMID:21231916	20140404	HSPA6	Homo sapiens	heat shock protein binding,protein binding,binding,molecular_function	heat shock protein binding,protein binding,binding,molecular_function	heat shock protein binding			heat_shock_protein_binding
UniProtKB:P17066	Heat shock 70 kDa protein 6		GO:0031072		UniProt	NCBITaxon:9606	IPI	UniProtKB:P25686	PANTHER:PTHR19375	protein	UniProtKB:P17066	PMID:21231916	20140404	HSPA6	Homo sapiens	heat shock protein binding,protein binding,binding,molecular_function	heat shock protein binding,protein binding,binding,molecular_function	heat shock protein binding			heat_shock_protein_binding
UniProtKB:P17066	Heat shock 70 kDa protein 6		GO:0031072		UniProt	NCBITaxon:9606	IPI	UniProtKB:P31689	PANTHER:PTHR19375	protein	UniProtKB:P17066	PMID:21231916	20140404	HSPA6	Homo sapiens	heat shock protein binding,protein binding,binding,molecular_function	heat shock protein binding,protein binding,binding,molecular_function	heat shock protein binding			heat_shock_protein_binding
UniProtKB:P17066	Heat shock 70 kDa protein 6		GO:0031072		UniProt	NCBITaxon:9606	IPI	UniProtKB:Q7Z6W7	PANTHER:PTHR19375	protein	UniProtKB:P17066	PMID:21231916	20140404	HSPA6	Homo sapiens	heat shock protein binding,protein binding,binding,molecular_function	heat shock protein binding,protein binding,binding,molecular_function	heat shock protein binding			heat_shock_protein_binding
UniProtKB:P17066	Heat shock 70 kDa protein 6		GO:0031072		UniProt	NCBITaxon:9606	IPI	UniProtKB:Q8NHS0	PANTHER:PTHR19375	protein	UniProtKB:P17066	PMID:21231916	20140404	HSPA6	Homo sapiens	heat shock protein binding,protein binding,binding,molecular_function	heat shock protein binding,protein binding,binding,molecular_function	heat shock protein binding			heat_shock_protein_binding
UniProtKB:P17066	Heat shock 70 kDa protein 6		GO:0031072		UniProt	NCBITaxon:9606	IPI	UniProtKB:Q8WW22	PANTHER:PTHR19375	protein	UniProtKB:P17066	PMID:21231916	20140404	HSPA6	Homo sapiens	heat shock protein binding,protein binding,binding,molecular_function	heat shock protein binding,protein binding,binding,molecular_function	heat shock protein binding			heat_shock_protein_binding
UniProtKB:P17066	Heat shock 70 kDa protein 6		GO:0031072		UniProt	NCBITaxon:9606	IPI	UniProtKB:Q9UDY4	PANTHER:PTHR19375	protein	UniProtKB:P17066	PMID:21231916	20140404	HSPA6	Homo sapiens	heat shock protein binding,protein binding,binding,molecular_function	heat shock protein binding,protein binding,binding,molecular_function	heat shock protein binding			heat_shock_protein_binding
UniProtKB:P17066	Heat shock 70 kDa protein 6		GO:0031072		GO_Central	NCBITaxon:9606	IBA	PANTHER:PTN000452648,UniProtKB:Q8IB24,RGD:1311806,UniProtKB:P0DMV8,UniProtKB:P17066,UniProtKB:P11142,UniProtKB:K7NTP5,UniProtKB:P0DMV9,UniProtKB:P34931	PANTHER:PTHR19375	protein		GO_REF:0000033	20230603	HSPA6	Homo sapiens	heat shock protein binding,protein binding,binding,molecular_function	heat shock protein binding,protein binding,binding,molecular_function	heat shock protein binding			heat_shock_protein_binding
UniProtKB:O75061	Auxilin		GO:0031072		UniProt	NCBITaxon:9606	ISS	UniProtKB:Q27974	PANTHER:PTHR23172	protein	UniProtKB:O75061	GO_REF:0000024	20231026	DNAJC6	Homo sapiens	heat shock protein binding,protein binding,binding,molecular_function	heat shock protein binding,protein binding,binding,molecular_function	heat shock protein binding			heat_shock_protein_binding
UniProtKB:O75190	DnaJ homolog subfamily B member 6		GO:0030544		InterPro	NCBITaxon:9606	IEA	InterPro:IPR043183	PANTHER:PTHR43948	protein	UniProtKB:O75190	GO_REF:0000002	20250429	DNAJB6	Homo sapiens	heat shock protein binding,protein binding,protein-folding chaperone binding,binding,molecular_function,Hsp70 protein binding	heat shock protein binding,protein binding,protein-folding chaperone binding,binding,molecular_function,Hsp70 protein binding	Hsp70 protein binding			heat_shock_protein_binding
UniProtKB:O75190	DnaJ homolog subfamily B member 6		GO:0031072		UniProt	NCBITaxon:9606	IDA		PANTHER:PTHR43948	protein	UniProtKB:O75190	PMID:10954706	20110314	DNAJB6	Homo sapiens	heat shock protein binding,protein binding,binding,molecular_function	heat shock protein binding,protein binding,binding,molecular_function	heat shock protein binding			heat_shock_protein_binding
UniProtKB:Q9UBS3	DnaJ homolog subfamily B member 9		GO:0030544		Ensembl	NCBITaxon:9606	IEA	UniProtKB:Q9QYI6,ensembl:ENSMUSP00000015049	PANTHER:PTHR44360	protein	UniProtKB:Q9UBS3	GO_REF:0000107	20250313	DNAJB9	Homo sapiens	heat shock protein binding,protein binding,protein-folding chaperone binding,binding,molecular_function,Hsp70 protein binding	heat shock protein binding,protein binding,protein-folding chaperone binding,binding,molecular_function,Hsp70 protein binding	Hsp70 protein binding			heat_shock_protein_binding
UniProtKB:Q9UBN7	Protein deacetylase HDAC6		GO:0051879		BHF-UCL	NCBITaxon:9606	IDA		PANTHER:PTHR10625	protein	UniProtKB:Q9UBN7	PMID:15916966	20090724	HDAC6	Homo sapiens	heat shock protein binding,protein binding,Hsp90 protein binding,binding,molecular_function	heat shock protein binding,protein binding,Hsp90 protein binding,binding,molecular_function	Hsp90 protein binding			heat_shock_protein_binding
UniProtKB:P30542	Adenosine receptor A1		GO:0031072		Ensembl	NCBITaxon:9606	IEA	UniProtKB:P25099,ensembl:ENSRNOP00000104393	PANTHER:PTHR24246	protein	UniProtKB:P30542	GO_REF:0000107	20250313	ADORA1	Homo sapiens	heat shock protein binding,protein binding,binding,molecular_function	heat shock protein binding,protein binding,binding,molecular_function	heat shock protein binding			heat_shock_protein_binding
UniProtKB:Q9UER7	Death domain-associated protein 6		GO:0031072		UniProt	NCBITaxon:9606	TAS		PANTHER:PTHR12766	protein	UniProtKB:Q9UER7	PMID:15572661	20050627	DAXX	Homo sapiens	heat shock protein binding,protein binding,binding,molecular_function	heat shock protein binding,protein binding,binding,molecular_function	heat shock protein binding			heat_shock_protein_binding
UniProtKB:Q9Y4R8	Telomere length regulation protein TEL2 homolog		GO:0051879		UniProt	NCBITaxon:9606	IPI	UniProtKB:P07900	PANTHER:PTHR15830	protein	UniProtKB:Q9Y4R8	PMID:20864032	20151020	TELO2	Homo sapiens	heat shock protein binding,protein binding,Hsp90 protein binding,binding,molecular_function	heat shock protein binding,protein binding,Hsp90 protein binding,binding,molecular_function	Hsp90 protein binding			heat_shock_protein_binding
UniProtKB:Q9Y4R8	Telomere length regulation protein TEL2 homolog		GO:0051879		GO_Central	NCBITaxon:9606	IBA	PANTHER:PTN000406418,UniProtKB:Q9Y4R8	PANTHER:PTHR15830	protein		GO_REF:0000033	20190524	TELO2	Homo sapiens	heat shock protein binding,protein binding,Hsp90 protein binding,binding,molecular_function	heat shock protein binding,protein binding,Hsp90 protein binding,binding,molecular_function	Hsp90 protein binding			heat_shock_protein_binding
UniProtKB:P49815	Tuberin		GO:0051879		UniProt	NCBITaxon:9606	IPI	UniProtKB:P07900,UniProtKB:Q92574	PANTHER:PTHR10063	protein	UniProtKB:P49815	PMID:29127155	20180306	TSC2	Homo sapiens	heat shock protein binding,protein binding,Hsp90 protein binding,binding,molecular_function	heat shock protein binding,protein binding,Hsp90 protein binding,binding,molecular_function	Hsp90 protein binding			heat_shock_protein_binding
UniProtKB:P42858	Huntingtin		GO:0031072		CAFA	NCBITaxon:9606	IPI	UniProtKB:P0DMV8	PANTHER:PTHR10170	protein	UniProtKB:P42858	PMID:21909508	20160929	HTT	Homo sapiens	heat shock protein binding,protein binding,binding,molecular_function	heat shock protein binding,protein binding,binding,molecular_function	heat shock protein binding			heat_shock_protein_binding
UniProtKB:Q5VZV1	Protein-lysine methyltransferase METTL21C		GO:0031072		UniProt	NCBITaxon:9606	IPI	UniProtKB:P0DMV8	PANTHER:PTHR14614	protein	UniProtKB:Q5VZV1	PMID:23349634	20170523	METTL21C	Homo sapiens	heat shock protein binding,protein binding,binding,molecular_function	heat shock protein binding,protein binding,binding,molecular_function	heat shock protein binding			heat_shock_protein_binding
UniProtKB:Q5VZV1	Protein-lysine methyltransferase METTL21C		GO:0031072		UniProt	NCBITaxon:9606	IPI	UniProtKB:P0DMV9	PANTHER:PTHR14614	protein	UniProtKB:Q5VZV1	PMID:23349634	20170523	METTL21C	Homo sapiens	heat shock protein binding,protein binding,binding,molecular_function	heat shock protein binding,protein binding,binding,molecular_function	heat shock protein binding			heat_shock_protein_binding
UniProtKB:P12270	Nucleoprotein TPR		GO:0031072		UniProt	NCBITaxon:9606	IDA		PANTHER:PTHR18898	protein	UniProtKB:P12270	PMID:17897941	20130118	TPR	Homo sapiens	heat shock protein binding,protein binding,binding,molecular_function	heat shock protein binding,protein binding,binding,molecular_function	heat shock protein binding			heat_shock_protein_binding
UniProtKB:Q9H095	Dynein regulatory complex protein 9		GO:0030544		UniProt	NCBITaxon:9606	IPI	UniProtKB:P11142	PANTHER:PTHR14871	protein	UniProtKB:Q9H095	PMID:24787902	20160610	IQCG	Homo sapiens	heat shock protein binding,protein binding,protein-folding chaperone binding,binding,molecular_function,Hsp70 protein binding	heat shock protein binding,protein binding,protein-folding chaperone binding,binding,molecular_function,Hsp70 protein binding	Hsp70 protein binding			heat_shock_protein_binding
UniProtKB:O95816	BAG family molecular chaperone regulator 2		GO:0031072		Ensembl	NCBITaxon:9606	IEA	UniProtKB:Q91YN9,ensembl:ENSMUSP00000042009	PANTHER:PTHR12334	protein	UniProtKB:O95816	GO_REF:0000107	20250313	BAG2	Homo sapiens	heat shock protein binding,protein binding,binding,molecular_function	heat shock protein binding,protein binding,binding,molecular_function	heat shock protein binding			heat_shock_protein_binding
UniProtKB:O95801	Tetratricopeptide repeat protein 4		GO:0051879		InterPro	NCBITaxon:9606	IEA	InterPro:IPR044059	PANTHER:PTHR46035	protein	UniProtKB:O95801	GO_REF:0000002	20250429	TTC4	Homo sapiens	heat shock protein binding,protein binding,Hsp90 protein binding,binding,molecular_function	heat shock protein binding,protein binding,Hsp90 protein binding,binding,molecular_function	Hsp90 protein binding			heat_shock_protein_binding
UniProtKB:O95801	Tetratricopeptide repeat protein 4		GO:0030544		GO_Central	NCBITaxon:9606	IBA	PANTHER:PTN002340063,FB:FBgn0266518,SGD:S000000359	PANTHER:PTHR46035	protein		GO_REF:0000033	20220323	TTC4	Homo sapiens	heat shock protein binding,protein binding,protein-folding chaperone binding,binding,molecular_function,Hsp70 protein binding	heat shock protein binding,protein binding,protein-folding chaperone binding,binding,molecular_function,Hsp70 protein binding	Hsp70 protein binding			heat_shock_protein_binding
UniProtKB:O95801	Tetratricopeptide repeat protein 4		GO:0051879		GO_Central	NCBITaxon:9606	IBA	PANTHER:PTN002340063,FB:FBgn0266518,SGD:S000000359,TAIR:locus:2020225	PANTHER:PTHR46035	protein		GO_REF:0000033	20220323	TTC4	Homo sapiens	heat shock protein binding,protein binding,Hsp90 protein binding,binding,molecular_function	heat shock protein binding,protein binding,Hsp90 protein binding,binding,molecular_function	Hsp90 protein binding			heat_shock_protein_binding
UniProtKB:O75594	Peptidoglycan recognition protein 1		GO:0030544	"{""relationship"": {""relation"": [{""id"": ""BFO:0000066""\, ""label"": ""occurs in""}]\, ""id"": ""GO:0005615""\, ""label"": ""extracellular space""}},{""relationship"": {""relation"": [{""id"": ""RO:0002233""\, ""label"": ""has input""}]\, ""id"": ""UniProtKB:P38646""\, ""label"": ""UniProtKB:P38646""}},{""relationship"": {""relation"": [{""id"": ""RO:0002629""\, ""label"": ""directly positively regulates""}]\, ""id"": ""GO:0038177""\, ""label"": ""death receptor agonist activity""}}"	UniProt	NCBITaxon:9606	IDA		PANTHER:PTHR11022	protein	UniProtKB:O75594	PMID:14585845	20210108	PGLYRP1	Homo sapiens	heat shock protein binding,protein binding,protein-folding chaperone binding,binding,molecular_function,Hsp70 protein binding	heat shock protein binding,protein binding,protein-folding chaperone binding,binding,molecular_function,Hsp70 protein binding	Hsp70 protein binding			heat_shock_protein_binding
UniProtKB:Q16543	Hsp90 co-chaperone Cdc37		GO:0031072		UniProt	NCBITaxon:9606	IPI	UniProtKB:P07900	PANTHER:PTHR12800	protein	UniProtKB:Q16543	PMID:9660753	20090511	CDC37	Homo sapiens	heat shock protein binding,protein binding,binding,molecular_function	heat shock protein binding,protein binding,binding,molecular_function	heat shock protein binding			heat_shock_protein_binding
UniProtKB:Q16543	Hsp90 co-chaperone Cdc37		GO:0051879		Ensembl	NCBITaxon:9606	IEA	UniProtKB:Q61081,ensembl:ENSMUSP00000019615	PANTHER:PTHR12800	protein	UniProtKB:Q16543	GO_REF:0000107	20250313	CDC37	Homo sapiens	heat shock protein binding,protein binding,Hsp90 protein binding,binding,molecular_function	heat shock protein binding,protein binding,Hsp90 protein binding,binding,molecular_function	Hsp90 protein binding			heat_shock_protein_binding
UniProtKB:Q16543	Hsp90 co-chaperone Cdc37		GO:0031072		GO_Central	NCBITaxon:9606	IBA	PANTHER:PTN000980613,UniProtKB:Q16543,MGI:MGI:109531,PomBase:SPBC9B6.10	PANTHER:PTHR12800	protein		GO_REF:0000033	20170228	CDC37	Homo sapiens	heat shock protein binding,protein binding,binding,molecular_function	heat shock protein binding,protein binding,binding,molecular_function	heat shock protein binding			heat_shock_protein_binding
UniProtKB:O75460	Serine/threonine-protein kinase/endoribonuclease IRE1		GO:0030544		ParkinsonsUK-UCL	NCBITaxon:9606	IPI	UniProtKB:P0DMV8	PANTHER:PTHR13954	protein	UniProtKB:O75460	PMID:20625543	20150622	ERN1	Homo sapiens	heat shock protein binding,protein binding,protein-folding chaperone binding,binding,molecular_function,Hsp70 protein binding	heat shock protein binding,protein binding,protein-folding chaperone binding,binding,molecular_function,Hsp70 protein binding	Hsp70 protein binding			heat_shock_protein_binding
UniProtKB:O75460	Serine/threonine-protein kinase/endoribonuclease IRE1		GO:0051879		ParkinsonsUK-UCL	NCBITaxon:9606	IDA		PANTHER:PTHR13954	protein	UniProtKB:O75460	PMID:12446770	20150217	ERN1	Homo sapiens	heat shock protein binding,protein binding,Hsp90 protein binding,binding,molecular_function	heat shock protein binding,protein binding,Hsp90 protein binding,binding,molecular_function	Hsp90 protein binding			heat_shock_protein_binding
UniProtKB:Q96EY1	DnaJ homolog subfamily A member 3, mitochondrial		GO:0030544		Ensembl	NCBITaxon:9606	IEA	UniProtKB:A0A0G2K5E4,ensembl:ENSRNOP00000073394	PANTHER:PTHR44145	protein	UniProtKB:Q96EY1	GO_REF:0000107	20250313	DNAJA3	Homo sapiens	heat shock protein binding,protein binding,protein-folding chaperone binding,binding,molecular_function,Hsp70 protein binding	heat shock protein binding,protein binding,protein-folding chaperone binding,binding,molecular_function,Hsp70 protein binding	Hsp70 protein binding			heat_shock_protein_binding
UniProtKB:Q96EY1	DnaJ homolog subfamily A member 3, mitochondrial		GO:0030544		Ensembl	NCBITaxon:9606	IEA	UniProtKB:A6K4R9,ensembl:ENSRNOP00000073394	PANTHER:PTHR44145	protein	UniProtKB:Q96EY1	GO_REF:0000107	20250313	DNAJA3	Homo sapiens	heat shock protein binding,protein binding,protein-folding chaperone binding,binding,molecular_function,Hsp70 protein binding	heat shock protein binding,protein binding,protein-folding chaperone binding,binding,molecular_function,Hsp70 protein binding	Hsp70 protein binding			heat_shock_protein_binding
UniProtKB:Q96EY1	DnaJ homolog subfamily A member 3, mitochondrial		GO:0031072		InterPro	NCBITaxon:9606	IEA	InterPro:IPR001305	PANTHER:PTHR44145	protein	UniProtKB:Q96EY1	GO_REF:0000002	20250429	DNAJA3	Homo sapiens	heat shock protein binding,protein binding,binding,molecular_function	heat shock protein binding,protein binding,binding,molecular_function	heat shock protein binding			heat_shock_protein_binding
UniProtKB:Q8NHS0	DnaJ homolog subfamily B member 8		GO:0030544		InterPro	NCBITaxon:9606	IEA	InterPro:IPR043183	PANTHER:PTHR43948	protein	UniProtKB:Q8NHS0	GO_REF:0000002	20250429	DNAJB8	Homo sapiens	heat shock protein binding,protein binding,protein-folding chaperone binding,binding,molecular_function,Hsp70 protein binding	heat shock protein binding,protein binding,protein-folding chaperone binding,binding,molecular_function,Hsp70 protein binding	Hsp70 protein binding			heat_shock_protein_binding
UniProtKB:Q9UHD1	Cysteine and histidine-rich domain-containing protein 1		GO:0051879		UniProt	NCBITaxon:9606	IPI	UniProtKB:P07900	PANTHER:PTHR12621	protein	UniProtKB:Q9UHD1	PMID:19875381	20101221	CHORDC1	Homo sapiens	heat shock protein binding,protein binding,Hsp90 protein binding,binding,molecular_function	heat shock protein binding,protein binding,Hsp90 protein binding,binding,molecular_function	Hsp90 protein binding			heat_shock_protein_binding
UniProtKB:Q96EQ0	Small glutamine-rich tetratricopeptide repeat-containing protein beta		GO:0030544		Ensembl	NCBITaxon:9606	IEA	UniProtKB:Q80W98,ensembl:ENSRNOP00000016129	PANTHER:PTHR45831	protein	UniProtKB:Q96EQ0	GO_REF:0000107	20250313	SGTB	Homo sapiens	heat shock protein binding,protein binding,protein-folding chaperone binding,binding,molecular_function,Hsp70 protein binding	heat shock protein binding,protein binding,protein-folding chaperone binding,binding,molecular_function,Hsp70 protein binding	Hsp70 protein binding			heat_shock_protein_binding
UniProtKB:Q16611	Bcl-2 homologous antagonist/killer		GO:0031072		Ensembl	NCBITaxon:9606	IEA	UniProtKB:A6JJK6,ensembl:ENSRNOP00000000576	PANTHER:PTHR11256	protein	UniProtKB:Q16611	GO_REF:0000107	20250313	BAK1	Homo sapiens	heat shock protein binding,protein binding,binding,molecular_function	heat shock protein binding,protein binding,binding,molecular_function	heat shock protein binding			heat_shock_protein_binding
UniProtKB:Q16611	Bcl-2 homologous antagonist/killer		GO:0031072		Ensembl	NCBITaxon:9606	IEA	UniProtKB:F7EQF3,ensembl:ENSRNOP00000000576	PANTHER:PTHR11256	protein	UniProtKB:Q16611	GO_REF:0000107	20250313	BAK1	Homo sapiens	heat shock protein binding,protein binding,binding,molecular_function	heat shock protein binding,protein binding,binding,molecular_function	heat shock protein binding			heat_shock_protein_binding
UniProtKB:Q16611	Bcl-2 homologous antagonist/killer		GO:0031072		Ensembl	NCBITaxon:9606	IEA	UniProtKB:Q5FVT4,ensembl:ENSRNOP00000000576	PANTHER:PTHR11256	protein	UniProtKB:Q16611	GO_REF:0000107	20250313	BAK1	Homo sapiens	heat shock protein binding,protein binding,binding,molecular_function	heat shock protein binding,protein binding,binding,molecular_function	heat shock protein binding			heat_shock_protein_binding
UniProtKB:P37198	Nuclear pore glycoprotein p62		GO:0030544		Ensembl	NCBITaxon:9606	IEA	UniProtKB:Q63850,ensembl:ENSMUSP00000056785	PANTHER:PTHR12084	protein	UniProtKB:P37198	GO_REF:0000107	20250313	NUP62	Homo sapiens	heat shock protein binding,protein binding,protein-folding chaperone binding,binding,molecular_function,Hsp70 protein binding	heat shock protein binding,protein binding,protein-folding chaperone binding,binding,molecular_function,Hsp70 protein binding	Hsp70 protein binding			heat_shock_protein_binding
UniProtKB:P37198	Nuclear pore glycoprotein p62		GO:0051879		Ensembl	NCBITaxon:9606	IEA	UniProtKB:Q63850,ensembl:ENSMUSP00000056785	PANTHER:PTHR12084	protein	UniProtKB:P37198	GO_REF:0000107	20250313	NUP62	Homo sapiens	heat shock protein binding,protein binding,Hsp90 protein binding,binding,molecular_function	heat shock protein binding,protein binding,Hsp90 protein binding,binding,molecular_function	Hsp90 protein binding			heat_shock_protein_binding
UniProtKB:Q96GD0	Chronophin		GO:0031072		MGI	NCBITaxon:9606	IDA		PANTHER:PTHR19288	protein	UniProtKB:Q96GD0	PMID:19000834	20110406	PDXP	Homo sapiens	heat shock protein binding,protein binding,binding,molecular_function	heat shock protein binding,protein binding,binding,molecular_function	heat shock protein binding			heat_shock_protein_binding
UniProtKB:P10636	Microtubule-associated protein tau		GO:0051879	"{""relationship"": {""relation"": [{""id"": ""BFO:0000066""\, ""label"": ""occurs in""}]\, ""id"": ""UBERON:0000955""\, ""label"": ""brain""}}"	ARUK-UCL	NCBITaxon:9606	IPI	UniProtKB:P11499	PANTHER:PTHR11501	protein	UniProtKB:P10636	PMID:17517623	20180226	MAPT	Homo sapiens	heat shock protein binding,protein binding,Hsp90 protein binding,binding,molecular_function	heat shock protein binding,protein binding,Hsp90 protein binding,binding,molecular_function	Hsp90 protein binding			heat_shock_protein_binding
UniProtKB:P37840	Alpha-synuclein		GO:0030544		UniProt	NCBITaxon:9606	IPI	UniProtKB:P0DMV8	PANTHER:PTHR13820	protein	UniProtKB:P37840	PMID:18975920	20170221	SNCA	Homo sapiens	heat shock protein binding,protein binding,protein-folding chaperone binding,binding,molecular_function,Hsp70 protein binding	heat shock protein binding,protein binding,protein-folding chaperone binding,binding,molecular_function,Hsp70 protein binding	Hsp70 protein binding			heat_shock_protein_binding
UniProtKB:P37840	Alpha-synuclein		GO:0030544		UniProt	NCBITaxon:9606	IPI	UniProtKB:P0DMV9	PANTHER:PTHR13820	protein	UniProtKB:P37840	PMID:18975920	20170221	SNCA	Homo sapiens	heat shock protein binding,protein binding,protein-folding chaperone binding,binding,molecular_function,Hsp70 protein binding	heat shock protein binding,protein binding,protein-folding chaperone binding,binding,molecular_function,Hsp70 protein binding	Hsp70 protein binding			heat_shock_protein_binding
UniProtKB:P51617	Interleukin-1 receptor-associated kinase 1		GO:0031072		Ensembl	NCBITaxon:9606	IEA	UniProtKB:A0A0G2JYX9,ensembl:ENSRNOP00000070832	PANTHER:PTHR24419	protein	UniProtKB:P51617	GO_REF:0000107	20250313	IRAK1	Homo sapiens	heat shock protein binding,protein binding,binding,molecular_function	heat shock protein binding,protein binding,binding,molecular_function	heat shock protein binding			heat_shock_protein_binding
UniProtKB:P04798	Cytochrome P450 1A1		GO:0030544		UniProt	NCBITaxon:9606	ISS	UniProtKB:P00185	PANTHER:PTHR24299	protein	UniProtKB:P04798	GO_REF:0000024	20190108	CYP1A1	Homo sapiens	heat shock protein binding,protein binding,protein-folding chaperone binding,binding,molecular_function,Hsp70 protein binding	heat shock protein binding,protein binding,protein-folding chaperone binding,binding,molecular_function,Hsp70 protein binding	Hsp70 protein binding			heat_shock_protein_binding
UniProtKB:P04798	Cytochrome P450 1A1		GO:0030544		Ensembl	NCBITaxon:9606	IEA	UniProtKB:P00185,ensembl:ENSRNOP00000026473	PANTHER:PTHR24299	protein	UniProtKB:P04798	GO_REF:0000107	20250313	CYP1A1	Homo sapiens	heat shock protein binding,protein binding,protein-folding chaperone binding,binding,molecular_function,Hsp70 protein binding	heat shock protein binding,protein binding,protein-folding chaperone binding,binding,molecular_function,Hsp70 protein binding	Hsp70 protein binding			heat_shock_protein_binding
UniProtKB:P04798	Cytochrome P450 1A1		GO:0051879		UniProt	NCBITaxon:9606	ISS	UniProtKB:P00185	PANTHER:PTHR24299	protein	UniProtKB:P04798	GO_REF:0000024	20190108	CYP1A1	Homo sapiens	heat shock protein binding,protein binding,Hsp90 protein binding,binding,molecular_function	heat shock protein binding,protein binding,Hsp90 protein binding,binding,molecular_function	Hsp90 protein binding			heat_shock_protein_binding
UniProtKB:P04798	Cytochrome P450 1A1		GO:0051879		Ensembl	NCBITaxon:9606	IEA	UniProtKB:P00185,ensembl:ENSRNOP00000026473	PANTHER:PTHR24299	protein	UniProtKB:P04798	GO_REF:0000107	20250313	CYP1A1	Homo sapiens	heat shock protein binding,protein binding,Hsp90 protein binding,binding,molecular_function	heat shock protein binding,protein binding,Hsp90 protein binding,binding,molecular_function	Hsp90 protein binding			heat_shock_protein_binding
UniProtKB:Q02153	Guanylate cyclase soluble subunit beta-1		GO:0051879		Ensembl	NCBITaxon:9606	IEA	UniProtKB:P20595,ensembl:ENSRNOP00000062785	PANTHER:PTHR45655	protein	UniProtKB:Q02153	GO_REF:0000107	20250313	GUCY1B1	Homo sapiens	heat shock protein binding,protein binding,Hsp90 protein binding,binding,molecular_function	heat shock protein binding,protein binding,Hsp90 protein binding,binding,molecular_function	Hsp90 protein binding			heat_shock_protein_binding
UniProtKB:Q02790	Peptidyl-prolyl cis-trans isomerase FKBP4		GO:0031072		Ensembl	NCBITaxon:9606	IEA	UniProtKB:P30416,ensembl:ENSMUSP00000032508	PANTHER:PTHR10516	protein	UniProtKB:Q02790	GO_REF:0000107	20250313	FKBP4	Homo sapiens	heat shock protein binding,protein binding,binding,molecular_function	heat shock protein binding,protein binding,binding,molecular_function	heat shock protein binding			heat_shock_protein_binding
UniProtKB:Q02790	Peptidyl-prolyl cis-trans isomerase FKBP4		GO:0031072		UniProt	NCBITaxon:9606	IEA	ARBA:ARBA00084805	PANTHER:PTHR10516	protein	UniProtKB:Q02790	GO_REF:0000117	20250428	FKBP4	Homo sapiens	heat shock protein binding,protein binding,binding,molecular_function	heat shock protein binding,protein binding,binding,molecular_function	heat shock protein binding			heat_shock_protein_binding
UniProtKB:Q02790	Peptidyl-prolyl cis-trans isomerase FKBP4		GO:0031072		UniProt	NCBITaxon:9606	IPI	UniProtKB:P07900	PANTHER:PTHR10516	protein	UniProtKB:Q02790	PMID:9660753	20090511	FKBP4	Homo sapiens	heat shock protein binding,protein binding,binding,molecular_function	heat shock protein binding,protein binding,binding,molecular_function	heat shock protein binding			heat_shock_protein_binding
UniProtKB:P50502	Hsc70-interacting protein		GO:0030544		GO_Central	NCBITaxon:9606	IBA	PANTHER:PTN001876995,RGD:621312,UniProtKB:Q8VWG7	PANTHER:PTHR45883	protein		GO_REF:0000033	20211221	ST13	Homo sapiens	heat shock protein binding,protein binding,protein-folding chaperone binding,binding,molecular_function,Hsp70 protein binding	heat shock protein binding,protein binding,protein-folding chaperone binding,binding,molecular_function,Hsp70 protein binding	Hsp70 protein binding			heat_shock_protein_binding
UniProtKB:Q9H3U1	Protein unc-45 homolog A		GO:0051879		Ensembl	NCBITaxon:9606	IEA	UniProtKB:Q99KD5,ensembl:ENSMUSP00000032748	PANTHER:PTHR45994	protein	UniProtKB:Q9H3U1	GO_REF:0000107	20250313	UNC45A	Homo sapiens	heat shock protein binding,protein binding,Hsp90 protein binding,binding,molecular_function	heat shock protein binding,protein binding,Hsp90 protein binding,binding,molecular_function	Hsp90 protein binding			heat_shock_protein_binding
UniProtKB:Q9H3U1	Protein unc-45 homolog A		GO:0051879		GO_Central	NCBITaxon:9606	IBA	PANTHER:PTN002339981,MGI:MGI:2142246,MGI:MGI:2443377	PANTHER:PTHR45994	protein		GO_REF:0000033	20220323	UNC45A	Homo sapiens	heat shock protein binding,protein binding,Hsp90 protein binding,binding,molecular_function	heat shock protein binding,protein binding,Hsp90 protein binding,binding,molecular_function	Hsp90 protein binding			heat_shock_protein_binding
UniProtKB:O14830	Serine/threonine-protein phosphatase with EF-hands 2		GO:0030544		BHF-UCL	NCBITaxon:9606	IDA		PANTHER:PTHR45668	protein	UniProtKB:O14830	PMID:20674765	20110428	PPEF2	Homo sapiens	heat shock protein binding,protein binding,protein-folding chaperone binding,binding,molecular_function,Hsp70 protein binding	heat shock protein binding,protein binding,protein-folding chaperone binding,binding,molecular_function,Hsp70 protein binding	Hsp70 protein binding			heat_shock_protein_binding
UniProtKB:O14830	Serine/threonine-protein phosphatase with EF-hands 2		GO:0051879		BHF-UCL	NCBITaxon:9606	IDA		PANTHER:PTHR45668	protein	UniProtKB:O14830	PMID:20674765	20110428	PPEF2	Homo sapiens	heat shock protein binding,protein binding,Hsp90 protein binding,binding,molecular_function	heat shock protein binding,protein binding,Hsp90 protein binding,binding,molecular_function	Hsp90 protein binding			heat_shock_protein_binding
UniProtKB:O14830	Serine/threonine-protein phosphatase with EF-hands 2		GO:0051879		GO_Central	NCBITaxon:9606	IBA	PANTHER:PTN002903304,UniProtKB:O14830	PANTHER:PTHR45668	protein		GO_REF:0000033	20180209	PPEF2	Homo sapiens	heat shock protein binding,protein binding,Hsp90 protein binding,binding,molecular_function	heat shock protein binding,protein binding,Hsp90 protein binding,binding,molecular_function	Hsp90 protein binding			heat_shock_protein_binding
UniProtKB:Q12907	Vesicular integral-membrane protein VIP36		GO:0031072		UniProt	NCBITaxon:9606	IPI	UniProtKB:P11021	PANTHER:PTHR12223	protein	UniProtKB:Q12907	PMID:20477988	20140519	LMAN2	Homo sapiens	heat shock protein binding,protein binding,binding,molecular_function	heat shock protein binding,protein binding,binding,molecular_function	heat shock protein binding			heat_shock_protein_binding
UniProtKB:P48723	Heat shock 70 kDa protein 13		GO:0031072		GO_Central	NCBITaxon:9606	IBA	PANTHER:PTN000452648,UniProtKB:Q8IB24,RGD:1311806,UniProtKB:P0DMV8,UniProtKB:P17066,UniProtKB:P11142,UniProtKB:K7NTP5,UniProtKB:P0DMV9,UniProtKB:P34931	PANTHER:PTHR19375	protein		GO_REF:0000033	20230603	HSPA13	Homo sapiens	heat shock protein binding,protein binding,binding,molecular_function	heat shock protein binding,protein binding,binding,molecular_function	heat shock protein binding			heat_shock_protein_binding
UniProtKB:P0DMV8	Heat shock 70 kDa protein 1A		GO:0031072		UniProt	NCBITaxon:9606	IEA	ARBA:ARBA00084805	PANTHER:PTHR19375	protein	UniProtKB:P0DMV8	GO_REF:0000117	20250428	HSPA1A	Homo sapiens	heat shock protein binding,protein binding,binding,molecular_function	heat shock protein binding,protein binding,binding,molecular_function	heat shock protein binding			heat_shock_protein_binding
UniProtKB:P0DMV8	Heat shock 70 kDa protein 1A		GO:0031072		BHF-UCL	NCBITaxon:9606	IPI	UniProtKB:P25685	PANTHER:PTHR19375	protein	UniProtKB:P0DMV8	PMID:23921388	20150616	HSPA1A	Homo sapiens	heat shock protein binding,protein binding,binding,molecular_function	heat shock protein binding,protein binding,binding,molecular_function	heat shock protein binding			heat_shock_protein_binding
UniProtKB:P0DMV8	Heat shock 70 kDa protein 1A		GO:0031072		GO_Central	NCBITaxon:9606	IBA	PANTHER:PTN000452648,UniProtKB:Q8IB24,RGD:1311806,UniProtKB:P0DMV8,UniProtKB:P17066,UniProtKB:P11142,UniProtKB:K7NTP5,UniProtKB:P0DMV9,UniProtKB:P34931	PANTHER:PTHR19375	protein		GO_REF:0000033	20230603	HSPA1A	Homo sapiens	heat shock protein binding,protein binding,binding,molecular_function	heat shock protein binding,protein binding,binding,molecular_function	heat shock protein binding			heat_shock_protein_binding
UniProtKB:P0DMV9	Heat shock 70 kDa protein 1B		GO:0031072		UniProt	NCBITaxon:9606	IEA	ARBA:ARBA00084805	PANTHER:PTHR19375	protein	UniProtKB:P0DMV9	GO_REF:0000117	20250428	HSPA1B	Homo sapiens	heat shock protein binding,protein binding,binding,molecular_function	heat shock protein binding,protein binding,binding,molecular_function	heat shock protein binding			heat_shock_protein_binding
UniProtKB:P0DMV9	Heat shock 70 kDa protein 1B		GO:0031072		UniProt	NCBITaxon:9606	IPI	UniProtKB:Q8WXX5	PANTHER:PTHR19375	protein	UniProtKB:P0DMV9	PMID:17182002	20150731	HSPA1B	Homo sapiens	heat shock protein binding,protein binding,binding,molecular_function	heat shock protein binding,protein binding,binding,molecular_function	heat shock protein binding			heat_shock_protein_binding
UniProtKB:P0DMV9	Heat shock 70 kDa protein 1B		GO:0031072		UniProt	NCBITaxon:9606	IPI	UniProtKB:O60884	PANTHER:PTHR19375	protein	UniProtKB:P0DMV9	PMID:21231916	20150618	HSPA1B	Homo sapiens	heat shock protein binding,protein binding,binding,molecular_function	heat shock protein binding,protein binding,binding,molecular_function	heat shock protein binding			heat_shock_protein_binding
UniProtKB:P0DMV9	Heat shock 70 kDa protein 1B		GO:0031072		UniProt	NCBITaxon:9606	IPI	UniProtKB:O75190	PANTHER:PTHR19375	protein	UniProtKB:P0DMV9	PMID:21231916	20150618	HSPA1B	Homo sapiens	heat shock protein binding,protein binding,binding,molecular_function	heat shock protein binding,protein binding,binding,molecular_function	heat shock protein binding			heat_shock_protein_binding
UniProtKB:P0DMV9	Heat shock 70 kDa protein 1B		GO:0031072		UniProt	NCBITaxon:9606	IPI	UniProtKB:O75953	PANTHER:PTHR19375	protein	UniProtKB:P0DMV9	PMID:21231916	20150618	HSPA1B	Homo sapiens	heat shock protein binding,protein binding,binding,molecular_function	heat shock protein binding,protein binding,binding,molecular_function	heat shock protein binding			heat_shock_protein_binding
UniProtKB:P0DMV9	Heat shock 70 kDa protein 1B		GO:0031072		UniProt	NCBITaxon:9606	IPI	UniProtKB:P25685	PANTHER:PTHR19375	protein	UniProtKB:P0DMV9	PMID:21231916	20150618	HSPA1B	Homo sapiens	heat shock protein binding,protein binding,binding,molecular_function	heat shock protein binding,protein binding,binding,molecular_function	heat shock protein binding			heat_shock_protein_binding
UniProtKB:P0DMV9	Heat shock 70 kDa protein 1B		GO:0031072		UniProt	NCBITaxon:9606	IPI	UniProtKB:P25686	PANTHER:PTHR19375	protein	UniProtKB:P0DMV9	PMID:21231916	20150618	HSPA1B	Homo sapiens	heat shock protein binding,protein binding,binding,molecular_function	heat shock protein binding,protein binding,binding,molecular_function	heat shock protein binding			heat_shock_protein_binding
UniProtKB:P0DMV9	Heat shock 70 kDa protein 1B		GO:0031072		UniProt	NCBITaxon:9606	IPI	UniProtKB:P31689	PANTHER:PTHR19375	protein	UniProtKB:P0DMV9	PMID:21231916	20150618	HSPA1B	Homo sapiens	heat shock protein binding,protein binding,binding,molecular_function	heat shock protein binding,protein binding,binding,molecular_function	heat shock protein binding			heat_shock_protein_binding
UniProtKB:P0DMV9	Heat shock 70 kDa protein 1B		GO:0031072		UniProt	NCBITaxon:9606	IPI	UniProtKB:Q7Z6W7	PANTHER:PTHR19375	protein	UniProtKB:P0DMV9	PMID:21231916	20150618	HSPA1B	Homo sapiens	heat shock protein binding,protein binding,binding,molecular_function	heat shock protein binding,protein binding,binding,molecular_function	heat shock protein binding			heat_shock_protein_binding
UniProtKB:P0DMV9	Heat shock 70 kDa protein 1B		GO:0031072		UniProt	NCBITaxon:9606	IPI	UniProtKB:Q8NHS0	PANTHER:PTHR19375	protein	UniProtKB:P0DMV9	PMID:21231916	20150618	HSPA1B	Homo sapiens	heat shock protein binding,protein binding,binding,molecular_function	heat shock protein binding,protein binding,binding,molecular_function	heat shock protein binding			heat_shock_protein_binding
UniProtKB:P0DMV9	Heat shock 70 kDa protein 1B		GO:0031072		UniProt	NCBITaxon:9606	IPI	UniProtKB:Q8WW22	PANTHER:PTHR19375	protein	UniProtKB:P0DMV9	PMID:21231916	20150618	HSPA1B	Homo sapiens	heat shock protein binding,protein binding,binding,molecular_function	heat shock protein binding,protein binding,binding,molecular_function	heat shock protein binding			heat_shock_protein_binding
UniProtKB:P0DMV9	Heat shock 70 kDa protein 1B		GO:0031072		UniProt	NCBITaxon:9606	IPI	UniProtKB:Q9UDY4	PANTHER:PTHR19375	protein	UniProtKB:P0DMV9	PMID:21231916	20150618	HSPA1B	Homo sapiens	heat shock protein binding,protein binding,binding,molecular_function	heat shock protein binding,protein binding,binding,molecular_function	heat shock protein binding			heat_shock_protein_binding
UniProtKB:P0DMV9	Heat shock 70 kDa protein 1B		GO:0031072		BHF-UCL	NCBITaxon:9606	IPI	UniProtKB:P25685	PANTHER:PTHR19375	protein	UniProtKB:P0DMV9	PMID:23921388	20150616	HSPA1B	Homo sapiens	heat shock protein binding,protein binding,binding,molecular_function	heat shock protein binding,protein binding,binding,molecular_function	heat shock protein binding			heat_shock_protein_binding
UniProtKB:P0DMV9	Heat shock 70 kDa protein 1B		GO:0031072		GO_Central	NCBITaxon:9606	IBA	PANTHER:PTN000452648,UniProtKB:Q8IB24,RGD:1311806,UniProtKB:P0DMV8,UniProtKB:P17066,UniProtKB:P11142,UniProtKB:K7NTP5,UniProtKB:P0DMV9,UniProtKB:P34931	PANTHER:PTHR19375	protein		GO_REF:0000033	20230603	HSPA1B	Homo sapiens	heat shock protein binding,protein binding,binding,molecular_function	heat shock protein binding,protein binding,binding,molecular_function	heat shock protein binding			heat_shock_protein_binding
UniProtKB:P16220	Cyclic AMP-responsive element-binding protein 1		GO:0030544		Ensembl	NCBITaxon:9606	IEA	UniProtKB:P15337,ensembl:ENSRNOP00000018326	PANTHER:PTHR45879	protein	UniProtKB:P16220	GO_REF:0000107	20250313	CREB1	Homo sapiens	heat shock protein binding,protein binding,protein-folding chaperone binding,binding,molecular_function,Hsp70 protein binding	heat shock protein binding,protein binding,protein-folding chaperone binding,binding,molecular_function,Hsp70 protein binding	Hsp70 protein binding			heat_shock_protein_binding
UniProtKB:Q07812	Apoptosis regulator BAX		GO:0030544		Ensembl	NCBITaxon:9606	IEA	UniProtKB:Q07813,ensembl:ENSMUSP00000033093	PANTHER:PTHR11256	protein	UniProtKB:Q07812	GO_REF:0000107	20250313	BAX	Homo sapiens	heat shock protein binding,protein binding,protein-folding chaperone binding,binding,molecular_function,Hsp70 protein binding	heat shock protein binding,protein binding,protein-folding chaperone binding,binding,molecular_function,Hsp70 protein binding	Hsp70 protein binding			heat_shock_protein_binding
UniProtKB:Q7Z624	Calmodulin-lysine N-methyltransferase		GO:0031072		UniProt	NCBITaxon:9606	IPI	UniProtKB:P07900	PANTHER:PTHR13539	protein	UniProtKB:Q7Z624	PMID:23349634	20170523	CAMKMT	Homo sapiens	heat shock protein binding,protein binding,binding,molecular_function	heat shock protein binding,protein binding,binding,molecular_function	heat shock protein binding			heat_shock_protein_binding
UniProtKB:Q7Z624	Calmodulin-lysine N-methyltransferase		GO:0031072		UniProt	NCBITaxon:9606	IPI	UniProtKB:P08238	PANTHER:PTHR13539	protein	UniProtKB:Q7Z624	PMID:23349634	20170523	CAMKMT	Homo sapiens	heat shock protein binding,protein binding,binding,molecular_function	heat shock protein binding,protein binding,binding,molecular_function	heat shock protein binding			heat_shock_protein_binding
UniProtKB:Q7Z624	Calmodulin-lysine N-methyltransferase		GO:0031072		UniProt	NCBITaxon:9606	IPI	UniProtKB:P0DMV8	PANTHER:PTHR13539	protein	UniProtKB:Q7Z624	PMID:23349634	20170523	CAMKMT	Homo sapiens	heat shock protein binding,protein binding,binding,molecular_function	heat shock protein binding,protein binding,binding,molecular_function	heat shock protein binding			heat_shock_protein_binding
UniProtKB:Q7Z624	Calmodulin-lysine N-methyltransferase		GO:0031072		UniProt	NCBITaxon:9606	IPI	UniProtKB:P0DMV9	PANTHER:PTHR13539	protein	UniProtKB:Q7Z624	PMID:23349634	20170523	CAMKMT	Homo sapiens	heat shock protein binding,protein binding,binding,molecular_function	heat shock protein binding,protein binding,binding,molecular_function	heat shock protein binding			heat_shock_protein_binding
UniProtKB:Q00613	Heat shock factor protein 1		GO:0031072		Ensembl	NCBITaxon:9606	IEA	UniProtKB:A0A8I5Y5J6,ensembl:ENSRNOP00000076751	PANTHER:PTHR10015	protein	UniProtKB:Q00613	GO_REF:0000107	20250313	HSF1	Homo sapiens	heat shock protein binding,protein binding,binding,molecular_function	heat shock protein binding,protein binding,binding,molecular_function	heat shock protein binding			heat_shock_protein_binding
UniProtKB:Q00613	Heat shock factor protein 1		GO:0031072		UniProt	NCBITaxon:9606	IDA		PANTHER:PTHR10015	protein	UniProtKB:Q00613	PMID:11583998	20161130	HSF1	Homo sapiens	heat shock protein binding,protein binding,binding,molecular_function	heat shock protein binding,protein binding,binding,molecular_function	heat shock protein binding			heat_shock_protein_binding
UniProtKB:Q00613	Heat shock factor protein 1		GO:0031072		UniProt	NCBITaxon:9606	IDA		PANTHER:PTHR10015	protein	UniProtKB:Q00613	PMID:16278218	20161018	HSF1	Homo sapiens	heat shock protein binding,protein binding,binding,molecular_function	heat shock protein binding,protein binding,binding,molecular_function	heat shock protein binding			heat_shock_protein_binding
UniProtKB:Q00613	Heat shock factor protein 1		GO:0031072		UniProt	NCBITaxon:9606	IDA		PANTHER:PTHR10015	protein	UniProtKB:Q00613	PMID:9727490	20161006	HSF1	Homo sapiens	heat shock protein binding,protein binding,binding,molecular_function	heat shock protein binding,protein binding,binding,molecular_function	heat shock protein binding			heat_shock_protein_binding
UniProtKB:Q00613	Heat shock factor protein 1		GO:0051879		UniProt	NCBITaxon:9606	IDA		PANTHER:PTHR10015	protein	UniProtKB:Q00613	PMID:11583998	20161130	HSF1	Homo sapiens	heat shock protein binding,protein binding,Hsp90 protein binding,binding,molecular_function	heat shock protein binding,protein binding,Hsp90 protein binding,binding,molecular_function	Hsp90 protein binding			heat_shock_protein_binding
UniProtKB:P31948	Stress-induced-phosphoprotein 1		GO:0051879		UniProt	NCBITaxon:9606	IPI	UniProtKB:P07900	PANTHER:PTHR22904	protein	UniProtKB:P31948	PMID:29127155	20180306	STIP1	Homo sapiens	heat shock protein binding,protein binding,Hsp90 protein binding,binding,molecular_function	heat shock protein binding,protein binding,Hsp90 protein binding,binding,molecular_function	Hsp90 protein binding			heat_shock_protein_binding
UniProtKB:P31948	Stress-induced-phosphoprotein 1		GO:0051879		UniProt	NCBITaxon:9606	IPI	UniProtKB:P08238	PANTHER:PTHR22904	protein	UniProtKB:P31948	PMID:29127155	20180306	STIP1	Homo sapiens	heat shock protein binding,protein binding,Hsp90 protein binding,binding,molecular_function	heat shock protein binding,protein binding,Hsp90 protein binding,binding,molecular_function	Hsp90 protein binding			heat_shock_protein_binding
UniProtKB:P31948	Stress-induced-phosphoprotein 1		GO:0051879		GO_Central	NCBITaxon:9606	IBA	PANTHER:PTN001877032,UniProtKB:P31948,UniProtKB:F8RP11,UniProtKB:Q43468,UniProtKB:Q8ILC1,SGD:S000005553	PANTHER:PTHR22904	protein		GO_REF:0000033	20230111	STIP1	Homo sapiens	heat shock protein binding,protein binding,Hsp90 protein binding,binding,molecular_function	heat shock protein binding,protein binding,Hsp90 protein binding,binding,molecular_function	Hsp90 protein binding			heat_shock_protein_binding
UniProtKB:P38646	Stress-70 protein, mitochondrial		GO:0031072		GO_Central	NCBITaxon:9606	IBA	PANTHER:PTN000452648,UniProtKB:Q8IB24,RGD:1311806,UniProtKB:P0DMV8,UniProtKB:P17066,UniProtKB:P11142,UniProtKB:K7NTP5,UniProtKB:P0DMV9,UniProtKB:P34931	PANTHER:PTHR19375	protein		GO_REF:0000033	20230603	HSPA9	Homo sapiens	heat shock protein binding,protein binding,binding,molecular_function	heat shock protein binding,protein binding,binding,molecular_function	heat shock protein binding			heat_shock_protein_binding
UniProtKB:Q08752	Peptidyl-prolyl cis-trans isomerase D		GO:0030544		UniProt	NCBITaxon:9606	ISS	UniProtKB:P26882	PANTHER:PTHR11071	protein	UniProtKB:Q08752	GO_REF:0000024	20130110	PPID	Homo sapiens	heat shock protein binding,protein binding,protein-folding chaperone binding,binding,molecular_function,Hsp70 protein binding	heat shock protein binding,protein binding,protein-folding chaperone binding,binding,molecular_function,Hsp70 protein binding	Hsp70 protein binding			heat_shock_protein_binding
UniProtKB:Q08752	Peptidyl-prolyl cis-trans isomerase D		GO:0031072		UniProt	NCBITaxon:9606	IPI	UniProtKB:P07900	PANTHER:PTHR11071	protein	UniProtKB:Q08752	PMID:9660753	20090511	PPID	Homo sapiens	heat shock protein binding,protein binding,binding,molecular_function	heat shock protein binding,protein binding,binding,molecular_function	heat shock protein binding			heat_shock_protein_binding
UniProtKB:Q08752	Peptidyl-prolyl cis-trans isomerase D		GO:0051879		UniProt	NCBITaxon:9606	IDA		PANTHER:PTHR11071	protein	UniProtKB:Q08752	PMID:12145316	20130110	PPID	Homo sapiens	heat shock protein binding,protein binding,Hsp90 protein binding,binding,molecular_function	heat shock protein binding,protein binding,Hsp90 protein binding,binding,molecular_function	Hsp90 protein binding			heat_shock_protein_binding
UniProtKB:Q9UNN5	FAS-associated factor 1		GO:0031072		UniProt	NCBITaxon:9606	IDA		PANTHER:PTHR23322	protein	UniProtKB:Q9UNN5	PMID:15596450	20050715	FAF1	Homo sapiens	heat shock protein binding,protein binding,binding,molecular_function	heat shock protein binding,protein binding,binding,molecular_function	heat shock protein binding			heat_shock_protein_binding
UniProtKB:Q00059	Transcription factor A, mitochondrial		GO:0031072		Ensembl	NCBITaxon:9606	IEA	UniProtKB:Q91ZW1,ensembl:ENSRNOP00000000753	PANTHER:PTHR48112	protein	UniProtKB:Q00059	GO_REF:0000107	20250313	TFAM	Homo sapiens	heat shock protein binding,protein binding,binding,molecular_function	heat shock protein binding,protein binding,binding,molecular_function	heat shock protein binding			heat_shock_protein_binding
UniProtKB:P11215	Integrin alpha-M		GO:0031072		CAFA	NCBITaxon:9606	IPI	UniProtKB:P50142	PANTHER:PTHR23220	protein	UniProtKB:P11215	PMID:12496435	20160525	ITGAM	Homo sapiens	heat shock protein binding,protein binding,binding,molecular_function	heat shock protein binding,protein binding,binding,molecular_function	heat shock protein binding			heat_shock_protein_binding
UniProtKB:P31689	DnaJ homolog subfamily A member 1		GO:0030544		InterPro	NCBITaxon:9606	IEA	InterPro:IPR044713	PANTHER:PTHR43888	protein	UniProtKB:P31689	GO_REF:0000002	20250429	DNAJA1	Homo sapiens	heat shock protein binding,protein binding,protein-folding chaperone binding,binding,molecular_function,Hsp70 protein binding	heat shock protein binding,protein binding,protein-folding chaperone binding,binding,molecular_function,Hsp70 protein binding	Hsp70 protein binding			heat_shock_protein_binding
UniProtKB:P31689	DnaJ homolog subfamily A member 1		GO:0030544		UniProt	NCBITaxon:9606	IDA		PANTHER:PTHR43888	protein	UniProtKB:P31689	PMID:14752510	20140703	DNAJA1	Homo sapiens	heat shock protein binding,protein binding,protein-folding chaperone binding,binding,molecular_function,Hsp70 protein binding	heat shock protein binding,protein binding,protein-folding chaperone binding,binding,molecular_function,Hsp70 protein binding	Hsp70 protein binding			heat_shock_protein_binding
UniProtKB:P31689	DnaJ homolog subfamily A member 1		GO:0031072		InterPro	NCBITaxon:9606	IEA	InterPro:IPR001305	PANTHER:PTHR43888	protein	UniProtKB:P31689	GO_REF:0000002	20250429	DNAJA1	Homo sapiens	heat shock protein binding,protein binding,binding,molecular_function	heat shock protein binding,protein binding,binding,molecular_function	heat shock protein binding			heat_shock_protein_binding
UniProtKB:P11142	Heat shock cognate 71 kDa protein		GO:0031072		UniProt	NCBITaxon:9606	IEA	ARBA:ARBA00084805	PANTHER:PTHR19375	protein	UniProtKB:P11142	GO_REF:0000117	20250428	HSPA8	Homo sapiens	heat shock protein binding,protein binding,binding,molecular_function	heat shock protein binding,protein binding,binding,molecular_function	heat shock protein binding			heat_shock_protein_binding
UniProtKB:P11142	Heat shock cognate 71 kDa protein		GO:0031072		UniProt	NCBITaxon:9606	IPI	UniProtKB:Q8WXX5	PANTHER:PTHR19375	protein	UniProtKB:P11142	PMID:17182002	20150731	HSPA8	Homo sapiens	heat shock protein binding,protein binding,binding,molecular_function	heat shock protein binding,protein binding,binding,molecular_function	heat shock protein binding			heat_shock_protein_binding
UniProtKB:P11142	Heat shock cognate 71 kDa protein		GO:0031072		BHF-UCL	NCBITaxon:9606	IPI	UniProtKB:P25685	PANTHER:PTHR19375	protein	UniProtKB:P11142	PMID:23921388	20140415	HSPA8	Homo sapiens	heat shock protein binding,protein binding,binding,molecular_function	heat shock protein binding,protein binding,binding,molecular_function	heat shock protein binding			heat_shock_protein_binding
UniProtKB:P11142	Heat shock cognate 71 kDa protein		GO:0031072		GO_Central	NCBITaxon:9606	IBA	PANTHER:PTN000452648,UniProtKB:Q8IB24,RGD:1311806,UniProtKB:P0DMV8,UniProtKB:P17066,UniProtKB:P11142,UniProtKB:K7NTP5,UniProtKB:P0DMV9,UniProtKB:P34931	PANTHER:PTHR19375	protein		GO_REF:0000033	20230603	HSPA8	Homo sapiens	heat shock protein binding,protein binding,binding,molecular_function	heat shock protein binding,protein binding,binding,molecular_function	heat shock protein binding			heat_shock_protein_binding
UniProtKB:O00327	Basic helix-loop-helix ARNT-like protein 1		GO:0051879		BHF-UCL	NCBITaxon:9606	IDA		PANTHER:PTHR23042	protein	UniProtKB:O00327	PMID:9079689	20080522	BMAL1	Homo sapiens	heat shock protein binding,protein binding,Hsp90 protein binding,binding,molecular_function	heat shock protein binding,protein binding,Hsp90 protein binding,binding,molecular_function	Hsp90 protein binding			heat_shock_protein_binding
UniProtKB:P48741	Putative heat shock 70 kDa protein 7		GO:0031072		GO_Central	NCBITaxon:9606	IBA	PANTHER:PTN000452648,UniProtKB:Q8IB24,RGD:1311806,UniProtKB:P0DMV8,UniProtKB:P17066,UniProtKB:P11142,UniProtKB:K7NTP5,UniProtKB:P0DMV9,UniProtKB:P34931	PANTHER:PTHR19375	protein		GO_REF:0000033	20230603	HSPA7	Homo sapiens	heat shock protein binding,protein binding,binding,molecular_function	heat shock protein binding,protein binding,binding,molecular_function	heat shock protein binding			heat_shock_protein_binding
UniProtKB:P08238	Heat shock protein HSP 90-beta		GO:0031072		UniProt	NCBITaxon:9606	IPI	UniProtKB:P07900	PANTHER:PTHR11528	protein	UniProtKB:P08238	PMID:20353823	20161014	HSP90AB1	Homo sapiens	heat shock protein binding,protein binding,binding,molecular_function	heat shock protein binding,protein binding,binding,molecular_function	heat shock protein binding			heat_shock_protein_binding
UniProtKB:Q00535	Cyclin-dependent kinase 5		GO:0051879		Ensembl	NCBITaxon:9606	IEA	UniProtKB:P49615,ensembl:ENSMUSP00000030814	PANTHER:PTHR24056	protein	UniProtKB:Q00535	GO_REF:0000107	20250313	CDK5	Homo sapiens	heat shock protein binding,protein binding,Hsp90 protein binding,binding,molecular_function	heat shock protein binding,protein binding,Hsp90 protein binding,binding,molecular_function	Hsp90 protein binding			heat_shock_protein_binding
UniProtKB:P35968	Vascular endothelial growth factor receptor 2		GO:0051879		BHF-UCL	NCBITaxon:9606	TAS		PANTHER:PTHR24416	protein	UniProtKB:P35968	PMID:19267251	20100325	KDR	Homo sapiens	heat shock protein binding,protein binding,Hsp90 protein binding,binding,molecular_function	heat shock protein binding,protein binding,Hsp90 protein binding,binding,molecular_function	Hsp90 protein binding			heat_shock_protein_binding
UniProtKB:P25686	DnaJ homolog subfamily B member 2		GO:0030544		InterPro	NCBITaxon:9606	IEA	InterPro:IPR043183	PANTHER:PTHR45168	protein	UniProtKB:P25686	GO_REF:0000002	20250429	DNAJB2	Homo sapiens	heat shock protein binding,protein binding,protein-folding chaperone binding,binding,molecular_function,Hsp70 protein binding	heat shock protein binding,protein binding,protein-folding chaperone binding,binding,molecular_function,Hsp70 protein binding	Hsp70 protein binding			heat_shock_protein_binding
UniProtKB:P25686	DnaJ homolog subfamily B member 2		GO:0030544		BHF-UCL	NCBITaxon:9606	IPI	UniProtKB:P11142	PANTHER:PTHR45168	protein	UniProtKB:P25686-2	PMID:15936278	20140416	DNAJB2	Homo sapiens	heat shock protein binding,protein binding,protein-folding chaperone binding,binding,molecular_function,Hsp70 protein binding	heat shock protein binding,protein binding,protein-folding chaperone binding,binding,molecular_function,Hsp70 protein binding	Hsp70 protein binding			heat_shock_protein_binding
UniProtKB:P25686	DnaJ homolog subfamily B member 2		GO:0030544		UniProt	NCBITaxon:9606	IDA		PANTHER:PTHR45168	protein	UniProtKB:P25686-2	PMID:21625540	20161021	DNAJB2	Homo sapiens	heat shock protein binding,protein binding,protein-folding chaperone binding,binding,molecular_function,Hsp70 protein binding	heat shock protein binding,protein binding,protein-folding chaperone binding,binding,molecular_function,Hsp70 protein binding	Hsp70 protein binding			heat_shock_protein_binding
UniProtKB:P25686	DnaJ homolog subfamily B member 2		GO:0030544		UniProt	NCBITaxon:9606	IPI	UniProtKB:P0DMV8	PANTHER:PTHR45168	protein	UniProtKB:P25686	PMID:22219199	20161020	DNAJB2	Homo sapiens	heat shock protein binding,protein binding,protein-folding chaperone binding,binding,molecular_function,Hsp70 protein binding	heat shock protein binding,protein binding,protein-folding chaperone binding,binding,molecular_function,Hsp70 protein binding	Hsp70 protein binding			heat_shock_protein_binding
UniProtKB:P25686	DnaJ homolog subfamily B member 2		GO:0030544		GO_Central	NCBITaxon:9606	IBA	PANTHER:PTN002376289,UniProtKB:P25686	PANTHER:PTHR45168	protein		GO_REF:0000033	20171221	DNAJB2	Homo sapiens	heat shock protein binding,protein binding,protein-folding chaperone binding,binding,molecular_function,Hsp70 protein binding	heat shock protein binding,protein binding,protein-folding chaperone binding,binding,molecular_function,Hsp70 protein binding	Hsp70 protein binding			heat_shock_protein_binding
UniProtKB:P25685	DnaJ homolog subfamily B member 1		GO:0030544		BHF-UCL	NCBITaxon:9606	IPI	UniProtKB:P0DMV8,UniProtKB:P0DMV9	PANTHER:PTHR24078	protein	UniProtKB:P25685	PMID:23921388	20150616	DNAJB1	Homo sapiens	heat shock protein binding,protein binding,protein-folding chaperone binding,binding,molecular_function,Hsp70 protein binding	heat shock protein binding,protein binding,protein-folding chaperone binding,binding,molecular_function,Hsp70 protein binding	Hsp70 protein binding			heat_shock_protein_binding
UniProtKB:P25685	DnaJ homolog subfamily B member 1		GO:0030544		GO_Central	NCBITaxon:9606	IBA	PANTHER:PTN002786476,UniProtKB:P25685	PANTHER:PTHR24078	protein		GO_REF:0000033	20200327	DNAJB1	Homo sapiens	heat shock protein binding,protein binding,protein-folding chaperone binding,binding,molecular_function,Hsp70 protein binding	heat shock protein binding,protein binding,protein-folding chaperone binding,binding,molecular_function,Hsp70 protein binding	Hsp70 protein binding			heat_shock_protein_binding
UniProtKB:P05181	Cytochrome P450 2E1		GO:0030544		UniProt	NCBITaxon:9606	ISS	UniProtKB:P05182	PANTHER:PTHR24300	protein	UniProtKB:P05181	GO_REF:0000024	20190108	CYP2E1	Homo sapiens	heat shock protein binding,protein binding,protein-folding chaperone binding,binding,molecular_function,Hsp70 protein binding	heat shock protein binding,protein binding,protein-folding chaperone binding,binding,molecular_function,Hsp70 protein binding	Hsp70 protein binding			heat_shock_protein_binding
UniProtKB:P05181	Cytochrome P450 2E1		GO:0051879		UniProt	NCBITaxon:9606	ISS	UniProtKB:P05182	PANTHER:PTHR24300	protein	UniProtKB:P05181	GO_REF:0000024	20190108	CYP2E1	Homo sapiens	heat shock protein binding,protein binding,Hsp90 protein binding,binding,molecular_function	heat shock protein binding,protein binding,Hsp90 protein binding,binding,molecular_function	Hsp90 protein binding			heat_shock_protein_binding
UniProtKB:P05107	Integrin beta-2		GO:0031072		CAFA	NCBITaxon:9606	IPI	UniProtKB:P50142	PANTHER:PTHR10082	protein	UniProtKB:P05107	PMID:12496435	20160525	ITGB2	Homo sapiens	heat shock protein binding,protein binding,binding,molecular_function	heat shock protein binding,protein binding,binding,molecular_function	heat shock protein binding			heat_shock_protein_binding
UniProtKB:P35869	Aryl hydrocarbon receptor		GO:0051879		BHF-UCL	NCBITaxon:9606	IDA		PANTHER:PTHR10649	protein	UniProtKB:P35869	PMID:9079689	20080522	AHR	Homo sapiens	heat shock protein binding,protein binding,Hsp90 protein binding,binding,molecular_function	heat shock protein binding,protein binding,Hsp90 protein binding,binding,molecular_function	Hsp90 protein binding			heat_shock_protein_binding
UniProtKB:C0HMA1	HSPA8-interacting micropeptide miPEP155		GO:0030544		UniProt	NCBITaxon:9606	IPI	UniProtKB:P11142		protein	UniProtKB:C0HMA1	PMID:32671205	20231002	MIR155HG	Homo sapiens	heat shock protein binding,protein binding,protein-folding chaperone binding,binding,molecular_function,Hsp70 protein binding	heat shock protein binding,protein binding,protein-folding chaperone binding,binding,molecular_function,Hsp70 protein binding	Hsp70 protein binding			heat_shock_protein_binding
UniProtKB:O95568	Histidine protein methyltransferase 1 homolog		GO:0031072		UniProt	NCBITaxon:9606	IPI	UniProtKB:P07900	PANTHER:PTHR14614	protein	UniProtKB:O95568	PMID:23349634	20170523	METTL18	Homo sapiens	heat shock protein binding,protein binding,binding,molecular_function	heat shock protein binding,protein binding,binding,molecular_function	heat shock protein binding			heat_shock_protein_binding
UniProtKB:O95568	Histidine protein methyltransferase 1 homolog		GO:0031072		UniProt	NCBITaxon:9606	IPI	UniProtKB:P08238	PANTHER:PTHR14614	protein	UniProtKB:O95568	PMID:23349634	20170523	METTL18	Homo sapiens	heat shock protein binding,protein binding,binding,molecular_function	heat shock protein binding,protein binding,binding,molecular_function	heat shock protein binding			heat_shock_protein_binding
UniProtKB:O95568	Histidine protein methyltransferase 1 homolog		GO:0031072		UniProt	NCBITaxon:9606	IPI	UniProtKB:P0DMV8	PANTHER:PTHR14614	protein	UniProtKB:O95568	PMID:23349634	20170523	METTL18	Homo sapiens	heat shock protein binding,protein binding,binding,molecular_function	heat shock protein binding,protein binding,binding,molecular_function	heat shock protein binding			heat_shock_protein_binding
UniProtKB:O95568	Histidine protein methyltransferase 1 homolog		GO:0031072		UniProt	NCBITaxon:9606	IPI	UniProtKB:P0DMV9	PANTHER:PTHR14614	protein	UniProtKB:O95568	PMID:23349634	20170523	METTL18	Homo sapiens	heat shock protein binding,protein binding,binding,molecular_function	heat shock protein binding,protein binding,binding,molecular_function	heat shock protein binding			heat_shock_protein_binding
UniProtKB:O95433	Activator of 90 kDa heat shock protein ATPase homolog 1		GO:0051879		Ensembl	NCBITaxon:9606	IEA	UniProtKB:Q8BK64,ensembl:ENSMUSP00000021425	PANTHER:PTHR13009	protein	UniProtKB:O95433	GO_REF:0000107	20250313	AHSA1	Homo sapiens	heat shock protein binding,protein binding,Hsp90 protein binding,binding,molecular_function	heat shock protein binding,protein binding,Hsp90 protein binding,binding,molecular_function	Hsp90 protein binding			heat_shock_protein_binding
UniProtKB:O95433	Activator of 90 kDa heat shock protein ATPase homolog 1		GO:0051879		UniProt	NCBITaxon:9606	IEA	ARBA:ARBA00089745	PANTHER:PTHR13009	protein	UniProtKB:O95433	GO_REF:0000117	20250428	AHSA1	Homo sapiens	heat shock protein binding,protein binding,Hsp90 protein binding,binding,molecular_function	heat shock protein binding,protein binding,Hsp90 protein binding,binding,molecular_function	Hsp90 protein binding			heat_shock_protein_binding
UniProtKB:O95433	Activator of 90 kDa heat shock protein ATPase homolog 1		GO:0051879		UniProt	NCBITaxon:9606	IPI	UniProtKB:P07900	PANTHER:PTHR13009	protein	UniProtKB:O95433	PMID:29127155	20180306	AHSA1	Homo sapiens	heat shock protein binding,protein binding,Hsp90 protein binding,binding,molecular_function	heat shock protein binding,protein binding,Hsp90 protein binding,binding,molecular_function	Hsp90 protein binding			heat_shock_protein_binding
UniProtKB:Q0VDF9	Heat shock 70 kDa protein 14		GO:0031072		GO_Central	NCBITaxon:9606	IBA	PANTHER:PTN000452648,UniProtKB:Q8IB24,RGD:1311806,UniProtKB:P0DMV8,UniProtKB:P17066,UniProtKB:P11142,UniProtKB:K7NTP5,UniProtKB:P0DMV9,UniProtKB:P34931	PANTHER:PTHR19375	protein		GO_REF:0000033	20230603	HSPA14	Homo sapiens	heat shock protein binding,protein binding,binding,molecular_function	heat shock protein binding,protein binding,binding,molecular_function	heat shock protein binding			heat_shock_protein_binding
UniProtKB:Q14974	Importin subunit beta-1		GO:0051879		Ensembl	NCBITaxon:9606	IEA	UniProtKB:P70168,ensembl:ENSMUSP00000001479	PANTHER:PTHR10527	protein	UniProtKB:Q14974	GO_REF:0000107	20250313	KPNB1	Homo sapiens	heat shock protein binding,protein binding,Hsp90 protein binding,binding,molecular_function	heat shock protein binding,protein binding,Hsp90 protein binding,binding,molecular_function	Hsp90 protein binding			heat_shock_protein_binding
UniProtKB:Q6W2J9	BCL-6 corepressor		GO:0031072		UniProt	NCBITaxon:9606	IDA		PANTHER:PTHR24117	protein	UniProtKB:Q6W2J9	PMID:16943429	20081114	BCOR	Homo sapiens	heat shock protein binding,protein binding,binding,molecular_function	heat shock protein binding,protein binding,binding,molecular_function	heat shock protein binding			heat_shock_protein_binding
UniProtKB:P32455	Guanylate-binding protein 1		GO:0051879		UniProt	NCBITaxon:9606	IPI	UniProtKB:P07900	PANTHER:PTHR10751	protein	UniProtKB:P32455	PMID:24337748	20150303	GBP1	Homo sapiens	heat shock protein binding,protein binding,Hsp90 protein binding,binding,molecular_function	heat shock protein binding,protein binding,Hsp90 protein binding,binding,molecular_function	Hsp90 protein binding			heat_shock_protein_binding
UniProtKB:Q7L3B6	Hsp90 co-chaperone Cdc37-like 1		GO:0031072		GO_Central	NCBITaxon:9606	IBA	PANTHER:PTN000980613,UniProtKB:Q16543,MGI:MGI:109531,PomBase:SPBC9B6.10	PANTHER:PTHR12800	protein		GO_REF:0000033	20170228	CDC37L1	Homo sapiens	heat shock protein binding,protein binding,binding,molecular_function	heat shock protein binding,protein binding,binding,molecular_function	heat shock protein binding			heat_shock_protein_binding
UniProtKB:Q53FT3	Protein Hikeshi		GO:0030544		UniProt	NCBITaxon:9606	IDA		PANTHER:PTHR12925	protein	UniProtKB:Q53FT3	PMID:22541429	20120503	HIKESHI	Homo sapiens	heat shock protein binding,protein binding,protein-folding chaperone binding,binding,molecular_function,Hsp70 protein binding	heat shock protein binding,protein binding,protein-folding chaperone binding,binding,molecular_function,Hsp70 protein binding	Hsp70 protein binding			heat_shock_protein_binding
UniProtKB:Q53FT3	Protein Hikeshi		GO:0030544		UniProt	NCBITaxon:9606	IDA		PANTHER:PTHR12925	protein	UniProtKB:Q53FT3	PMID:25760597	20180405	HIKESHI	Homo sapiens	heat shock protein binding,protein binding,protein-folding chaperone binding,binding,molecular_function,Hsp70 protein binding	heat shock protein binding,protein binding,protein-folding chaperone binding,binding,molecular_function,Hsp70 protein binding	Hsp70 protein binding			heat_shock_protein_binding
UniProtKB:Q53FT3	Protein Hikeshi		GO:0030544		UniProt	NCBITaxon:9606	IPI	UniProtKB:P11142	PANTHER:PTHR12925	protein	UniProtKB:Q53FT3	PMID:25760597	20180405	HIKESHI	Homo sapiens	heat shock protein binding,protein binding,protein-folding chaperone binding,binding,molecular_function,Hsp70 protein binding	heat shock protein binding,protein binding,protein-folding chaperone binding,binding,molecular_function,Hsp70 protein binding	Hsp70 protein binding			heat_shock_protein_binding
UniProtKB:Q53FT3	Protein Hikeshi		GO:0030544		GO_Central	NCBITaxon:9606	IBA	PANTHER:PTN000985988,UniProtKB:Q53FT3	PANTHER:PTHR12925	protein		GO_REF:0000033	20190302	HIKESHI	Homo sapiens	heat shock protein binding,protein binding,protein-folding chaperone binding,binding,molecular_function,Hsp70 protein binding	heat shock protein binding,protein binding,protein-folding chaperone binding,binding,molecular_function,Hsp70 protein binding	Hsp70 protein binding			heat_shock_protein_binding
UniProtKB:Q99615	DnaJ homolog subfamily C member 7		GO:0031072		UniProt	NCBITaxon:9606	IPI	UniProtKB:P07900	PANTHER:PTHR45188	protein	UniProtKB:Q99615	PMID:12853476	20100517	DNAJC7	Homo sapiens	heat shock protein binding,protein binding,binding,molecular_function	heat shock protein binding,protein binding,binding,molecular_function	heat shock protein binding			heat_shock_protein_binding
UniProtKB:Q99615	DnaJ homolog subfamily C member 7		GO:0031072		UniProt	NCBITaxon:9606	IPI	UniProtKB:P0DMV8	PANTHER:PTHR45188	protein	UniProtKB:Q99615	PMID:12853476	20180115	DNAJC7	Homo sapiens	heat shock protein binding,protein binding,binding,molecular_function	heat shock protein binding,protein binding,binding,molecular_function	heat shock protein binding			heat_shock_protein_binding
UniProtKB:Q86XA0	Histone-arginine methyltransferase METTL23		GO:0031072		UniProt	NCBITaxon:9606	IPI	UniProtKB:P11021	PANTHER:PTHR14614	protein	UniProtKB:Q86XA0	PMID:23349634	20170523	METTL23	Homo sapiens	heat shock protein binding,protein binding,binding,molecular_function	heat shock protein binding,protein binding,binding,molecular_function	heat shock protein binding			heat_shock_protein_binding
UniProtKB:Q86XA0	Histone-arginine methyltransferase METTL23		GO:0031072		UniProt	NCBITaxon:9606	IPI	UniProtKB:P14625	PANTHER:PTHR14614	protein	UniProtKB:Q86XA0	PMID:23349634	20170523	METTL23	Homo sapiens	heat shock protein binding,protein binding,binding,molecular_function	heat shock protein binding,protein binding,binding,molecular_function	heat shock protein binding			heat_shock_protein_binding
UniProtKB:Q9HC29	Nucleotide-binding oligomerization domain-containing protein 2		GO:0030544	"{""relationship"": {""relation"": [{""id"": ""BFO:0000066""\, ""label"": ""occurs in""}]\, ""id"": ""CL:0011108""\, ""label"": ""colon epithelial cell""}}"	UniProt	NCBITaxon:9606	IPI	UniProtKB:P0DMV8	PANTHER:PTHR24106	protein	UniProtKB:Q9HC29	PMID:24790089	20150515	NOD2	Homo sapiens	heat shock protein binding,protein binding,protein-folding chaperone binding,binding,molecular_function,Hsp70 protein binding	heat shock protein binding,protein binding,protein-folding chaperone binding,binding,molecular_function,Hsp70 protein binding	Hsp70 protein binding			heat_shock_protein_binding
UniProtKB:Q9HC29	Nucleotide-binding oligomerization domain-containing protein 2		GO:0030544	"{""relationship"": {""relation"": [{""id"": ""BFO:0000066""\, ""label"": ""occurs in""}]\, ""id"": ""CL:0011108""\, ""label"": ""colon epithelial cell""}}"	UniProt	NCBITaxon:9606	IPI	UniProtKB:P0DMV9	PANTHER:PTHR24106	protein	UniProtKB:Q9HC29	PMID:24790089	20150515	NOD2	Homo sapiens	heat shock protein binding,protein binding,protein-folding chaperone binding,binding,molecular_function,Hsp70 protein binding	heat shock protein binding,protein binding,protein-folding chaperone binding,binding,molecular_function,Hsp70 protein binding	Hsp70 protein binding			heat_shock_protein_binding
UniProtKB:Q9HC29	Nucleotide-binding oligomerization domain-containing protein 2		GO:0051879		UniProt	NCBITaxon:9606	IDA		PANTHER:PTHR24106	protein	UniProtKB:Q9HC29	PMID:24790089	20150511	NOD2	Homo sapiens	heat shock protein binding,protein binding,Hsp90 protein binding,binding,molecular_function	heat shock protein binding,protein binding,Hsp90 protein binding,binding,molecular_function	Hsp90 protein binding			heat_shock_protein_binding
